,id,name_en,rarity,type,gender,slot_1,slot_2,slot_3,defense_base,defense_max,defense_augment_max,defense_fire,defense_water,defense_thunder,defense_ice,defense_dragon,base_name_en,item1_name,item1_qty,item2_name,item2_qty,item3_name,item3_qty,item4_name,item4_qty,base_name_en,skill1_name,skill1_level,skill2_name,skill2_level
0,1,Leather Headgear,1,head,both,0,0,0,2,38,68,2,0,0,0,0,Leather Headgear,Iron Ore,2,None,None,None,None,None,None,Leather Headgear,Hunger Resistance,1.0,None,None
1,2,Leather Mail,1,chest,both,0,0,0,2,38,68,2,0,0,0,0,Leather Mail,Iron Ore,1,None,None,None,None,None,None,Leather Mail,None,None,None,None
2,3,Leather Gloves,1,arms,both,0,0,0,2,38,68,2,0,0,0,0,Leather Gloves,Iron Ore,1,None,None,None,None,None,None,Leather Gloves,None,None,None,None
3,4,Leather Belt,1,waist,both,0,0,0,2,38,68,2,0,0,0,0,Leather Belt,Iron Ore,1,None,None,None,None,None,None,Leather Belt,None,None,None,None
4,5,Leather Trousers,1,legs,both,0,0,0,2,38,68,2,0,0,0,0,Leather Trousers,Iron Ore,1,None,None,None,None,None,None,Leather Trousers,None,None,None,None
5,6,Chainmail Headgear,1,head,both,0,0,0,2,38,68,0,2,0,0,0,Chainmail Headgear,Iron Ore,2,None,None,None,None,None,None,Chainmail Headgear,Master Gatherer,1.0,None,None
6,7,Chainmail Vest,1,chest,both,0,0,0,2,38,68,0,2,0,0,0,Chainmail Vest,Iron Ore,1,None,None,None,None,None,None,Chainmail Vest,None,None,None,None
7,8,Chainmail Gloves,1,arms,both,0,0,0,2,38,68,0,2,0,0,0,Chainmail Gloves,Iron Ore,1,None,None,None,None,None,None,Chainmail Gloves,None,None,None,None
8,9,Chainmail Belt,1,waist,both,0,0,0,2,38,68,0,2,0,0,0,Chainmail Belt,Iron Ore,1,None,None,None,None,None,None,Chainmail Belt,None,None,None,None
9,10,Chainmail Trousers,1,legs,both,0,0,0,2,38,68,0,2,0,0,0,Chainmail Trousers,Iron Ore,1,None,None,None,None,None,None,Chainmail Trousers,None,None,None,None
10,11,Hunter's Headgear,1,head,both,0,0,0,6,42,72,2,2,0,0,0,Hunter's Headgear,Jagras Hide,2,Jagras Scale,2.0,None,None,None,None,Hunter's Headgear,Scoutfly Range Up,1.0,None,None
11,12,Hunter's Mail,1,chest,both,0,0,0,6,42,72,2,2,0,0,0,Hunter's Mail,Jagras Hide,2,Monster Bone S,2.0,None,None,None,None,Hunter's Mail,Slinger Capacity,1.0,None,None
12,13,Hunter's Vambraces,1,arms,both,0,0,0,6,42,72,2,2,0,0,0,Hunter's Vambraces,Jagras Hide,1,Jagras Scale,1.0,None,None,None,None,Hunter's Vambraces,Stealth,1.0,None,None
13,14,Hunter's Coil,1,waist,both,0,0,0,6,42,72,2,2,0,0,0,Hunter's Coil,Jagras Hide,1,Monster Bone S,1.0,None,None,None,None,Hunter's Coil,Scenthound,1.0,None,None
14,15,Hunter's Greaves,1,legs,both,0,0,0,6,42,72,2,2,0,0,0,Hunter's Greaves,Jagras Hide,1,Monster Bone S,1.0,None,None,None,None,Hunter's Greaves,BBQ Master,1.0,None,None
15,16,Bone Helm,1,head,both,0,0,0,6,42,72,2,0,2,0,2,Bone Helm,Monster Bone S,2,Ancient Bone,2.0,None,None,None,None,Bone Helm,Health Boost,1.0,None,None
16,17,Bone Mail,1,chest,both,0,0,0,6,42,72,2,0,2,0,2,Bone Mail,Monster Bone S,1,Ancient Bone,1.0,None,None,None,None,Bone Mail,Attack Boost,1.0,None,None
17,18,Bone Vambraces,1,arms,both,0,0,0,6,42,72,2,0,2,0,2,Bone Vambraces,Monster Bone S,3,Kestodon Shell,2.0,None,None,None,None,Bone Vambraces,Slugger,1.0,None,None
18,19,Bone Coil,1,waist,both,0,0,0,6,42,72,2,0,2,0,2,Bone Coil,Monster Bone S,1,Kestodon Shell,1.0,None,None,None,None,Bone Coil,Horn Maestro,1.0,None,None
19,20,Bone Greaves,1,legs,both,0,0,0,6,42,72,2,0,2,0,2,Bone Greaves,Monster Bone S,1,Ancient Bone,1.0,None,None,None,None,Bone Greaves,Entomologist,1.0,None,None
20,21,Vespoid Helm,1,head,both,0,0,0,8,44,74,-2,1,1,1,2,Vespoid Helm,Vespoid Shell,2,Iron Ore,2.0,None,None,None,None,Vespoid Helm,Quick Sheath,1.0,None,None
21,22,Vespoid Mail,1,chest,both,0,0,0,8,44,74,-2,1,1,1,2,Vespoid Mail,Vespoid Shell,1,Machalite Ore,1.0,None,None,None,None,Vespoid Mail,Windproof,1.0,None,None
22,23,Vespoid Vambraces,1,arms,both,0,0,0,8,44,74,-2,1,1,1,2,Vespoid Vambraces,Vespoid Wing,2,Monster Fluid,1.0,None,None,None,None,Vespoid Vambraces,Paralysis Attack,1.0,None,None
23,24,Vespoid Coil,1,waist,both,0,0,0,8,44,74,-2,1,1,1,2,Vespoid Coil,Vespoid Shell,1,Iron Ore,4.0,None,None,None,None,Vespoid Coil,Paralysis Resistance,1.0,None,None
24,25,Vespoid Greaves,1,legs,both,0,0,0,8,44,74,-2,1,1,1,2,Vespoid Greaves,Vespoid Wing,2,Monster Fluid,1.0,None,None,None,None,Vespoid Greaves,Honey Hunter,1.0,None,None
25,26,Kestodon Guards,1,arms,both,0,0,0,12,48,78,4,0,0,0,0,Kestodon Guards,Kestodon Shell,6,Kestodon Scalp,3.0,None,None,None,None,Kestodon Guards,Affinity Sliding,1.0,None,None
26,27,Gajau Boots,1,legs,both,0,0,0,12,48,78,0,5,0,0,0,Gajau Boots,Gajau Skin,4,Gajau Whisker,2.0,None,None,None,None,Gajau Boots,Aquatic/Polar Mobility,1.0,None,None
27,28,Jagras Helm,1,head,both,0,0,0,8,44,74,-2,2,-1,-1,1,Jagras Helm,Great Jagras Hide,2,Great Jagras Mane,2.0,Great Jagras Claw,2.0,Ancient Bone,1.0,Jagras Helm,Speed Eating,1.0,None,None
28,29,Jagras Mail,1,chest,both,0,0,0,8,44,74,-2,2,-1,-1,1,Jagras Mail,Great Jagras Hide,2,Great Jagras Claw,1.0,Great Jagras Scale,2.0,Monster Bone S,3.0,Jagras Mail,Intimidator,1.0,None,None
29,30,Jagras Vambraces,1,arms,both,0,0,0,8,44,74,-2,2,-1,-1,1,Jagras Vambraces,Great Jagras Scale,2,Great Jagras Hide,1.0,Jagras Hide,3.0,None,None,Jagras Vambraces,Palico Rally,1.0,None,None
30,31,Jagras Coil,1,waist,both,0,0,0,8,44,74,-2,2,-1,-1,1,Jagras Coil,Great Jagras Hide,1,Great Jagras Mane,1.0,Great Jagras Scale,2.0,Sharp Claw,2.0,Jagras Coil,Fortify,1.0,None,None
31,32,Jagras Greaves,1,legs,both,0,0,0,8,44,74,-2,2,-1,-1,1,Jagras Greaves,Great Jagras Scale,1,Great Jagras Hide,1.0,Great Jagras Mane,1.0,Jagras Scale,2.0,Jagras Greaves,Speed Crawler,1.0,None,None
32,33,Kulu Headpiece,1,head,both,0,0,0,10,46,76,0,-3,0,1,0,Kulu Headpiece,Kulu-Ya-Ku Scale,2,Kulu-Ya-Ku Hide,1.0,Kulu-Ya-Ku Plume,1.0,None,None,Kulu Headpiece,Fire Resistance,1.0,None,None
33,34,Kulu Mail,1,chest,both,0,0,0,10,46,76,0,-3,0,1,0,Kulu Mail,Kulu-Ya-Ku Hide,2,Kulu-Ya-Ku Plume,1.0,Kulu-Ya-Ku Beak,1.0,Machalite Ore,2.0,Kulu Mail,Stamina Surge,1.0,None,None
34,35,Kulu Vambraces,1,arms,both,0,0,0,10,46,76,0,-3,0,1,0,Kulu Vambraces,Kulu-Ya-Ku Scale,2,Kulu-Ya-Ku Hide,1.0,Iron Ore,3.0,None,None,Kulu Vambraces,Pro Transporter,1.0,None,None
35,36,Kulu Coil,1,waist,both,0,0,0,10,46,76,0,-3,0,1,0,Kulu Coil,Kulu-Ya-Ku Hide,2,Kulu-Ya-Ku Beak,1.0,Wingdrake Hide,2.0,None,None,Kulu Coil,Item Prolonger,1.0,None,None
36,37,Kulu Greaves,1,legs,both,0,0,0,10,46,76,0,-3,0,1,0,Kulu Greaves,Kulu-Ya-Ku Hide,2,Kulu-Ya-Ku Scale,3.0,Wingdrake Hide,2.0,None,None,Kulu Greaves,Critical Eye,1.0,None,None
37,38,Alloy Helm,2,head,both,0,0,0,8,40,66,-2,1,-2,-2,1,Alloy Helm,Machalite Ore,4,Iron Ore,4.0,Earth Crystal,2.0,None,None,Alloy Helm,Windproof,1.0,None,None
38,39,Alloy Mail,2,chest,both,0,0,0,8,40,66,-2,1,-2,-2,1,Alloy Mail,Machalite Ore,3,Iron Ore,6.0,Earth Crystal,1.0,None,None,Alloy Mail,Water Resistance,1.0,None,None
39,40,Alloy Vambraces,2,arms,both,0,0,0,8,40,66,-2,1,-2,-2,1,Alloy Vambraces,Machalite Ore,3,Iron Ore,6.0,Earth Crystal,1.0,None,None,Alloy Vambraces,Defense Boost,1.0,None,None
40,41,Alloy Coil,2,waist,both,0,0,0,8,40,66,-2,1,-2,-2,1,Alloy Coil,Machalite Ore,4,Iron Ore,4.0,Earth Crystal,2.0,None,None,Alloy Coil,Poison Resistance,1.0,None,None
41,42,Alloy Greaves,2,legs,both,0,0,0,8,40,66,-2,1,-2,-2,1,Alloy Greaves,Machalite Ore,3,Iron Ore,6.0,Earth Crystal,1.0,None,None,Alloy Greaves,Speed Sharpening,1.0,None,None
42,43,Pukei Hood,2,head,both,0,0,0,12,44,70,0,3,-3,0,1,Pukei Hood,Pukei-Pukei Shell,2,Pukei-Pukei Tail,1.0,Pukei-Pukei Quill,2.0,Machalite Ore,2.0,Pukei Hood,Survival Expert,1.0,None,None
43,44,Pukei Mail,2,chest,both,0,0,0,12,44,70,0,3,-3,0,1,Pukei Mail,Pukei-Pukei Scale,2,Pukei-Pukei Shell,1.0,Iron Ore,3.0,None,None,Pukei Mail,Item Prolonger,1.0,None,None
44,45,Pukei Vambraces,2,arms,both,0,0,0,12,44,70,0,3,-3,0,1,Pukei Vambraces,Pukei-Pukei Scale,2,Pukei-Pukei Shell,1.0,Poison Sac,1.0,None,None,Pukei Vambraces,Poison Resistance,1.0,None,None
45,46,Pukei Coil,2,waist,both,0,0,0,12,44,70,0,3,-3,0,1,Pukei Coil,Pukei-Pukei Shell,3,Pukei-Pukei Tail,1.0,Pukei-Pukei Sac,1.0,Poison Sac,1.0,Pukei Coil,Poison Attack,1.0,None,None
46,47,Pukei Greaves,2,legs,both,0,0,0,12,44,70,0,3,-3,0,1,Pukei Greaves,Pukei-Pukei Shell,2,Pukei-Pukei Sac,1.0,Pukei-Pukei Scale,2.0,Monster Bone M,1.0,Pukei Greaves,Botanist,1.0,None,None
47,48,Barroth Helm,2,head,both,0,0,0,14,46,72,-3,-1,3,-1,0,Barroth Helm,Barroth Ridge,2,Barroth Tail,1.0,Barroth Claw,2.0,Kestodon Shell,2.0,Barroth Helm,Guard,1.0,None,None
48,49,Barroth Mail,2,chest,both,0,0,0,14,46,72,-3,-1,3,-1,0,Barroth Mail,Barroth Shell,2,Barroth Ridge,1.0,Barroth Claw,1.0,Boulder Bone,1.0,Barroth Mail,Stamina Thief,1.0,None,None
49,50,Barroth Vambraces,2,arms,both,0,0,0,14,46,72,-3,-1,3,-1,0,Barroth Vambraces,Barroth Ridge,3,Barroth Tail,1.0,Barroth Scalp,1.0,Kestodon Scalp,1.0,Barroth Vambraces,Marathon Runner,1.0,None,None
50,51,Barroth Coil,2,waist,both,0,0,0,14,46,72,-3,-1,3,-1,0,Barroth Coil,Barroth Shell,2,Barroth Ridge,1.0,Fertile Mud,2.0,None,None,Barroth Coil,Muck Resistance,1.0,None,None
51,52,Barroth Greaves,2,legs,both,0,0,0,14,46,72,-3,-1,3,-1,0,Barroth Greaves,Barroth Ridge,2,Barroth Scalp,1.0,Barroth Shell,1.0,Fertile Mud,2.0,Barroth Greaves,Stun Resistance,1.0,None,None
52,53,Jyura Helm,2,head,both,0,0,0,14,46,72,-1,2,-3,0,0,Jyura Helm,Jyuratodus Scale,2,Jyuratodus Shell,1.0,Jyuratodus Fin,1.0,Gajau Skin,3.0,Jyura Helm,Aquatic/Polar Mobility,1.0,None,None
53,54,Jyura Mail,2,chest,both,0,0,0,14,46,72,-1,2,-3,0,0,Jyura Mail,Jyuratodus Shell,2,Jyuratodus Fin,1.0,Jyuratodus Fang,1.0,Aqua Sac,1.0,Jyura Mail,Muck Resistance,1.0,None,None
54,55,Jyura Vambraces,2,arms,both,0,0,0,14,46,72,-1,2,-3,0,0,Jyura Vambraces,Jyuratodus Shell,2,Jyuratodus Fang,1.0,Gajau Whisker,2.0,None,None,Jyura Vambraces,Water Attack,1.0,None,None
55,56,Jyura Coil,2,waist,both,0,0,0,14,46,72,-1,2,-3,0,0,Jyura Coil,Jyuratodus Scale,2,Jyuratodus Shell,1.0,Aqua Sac,1.0,None,None,Jyura Coil,Ice Resistance,1.0,None,None
56,57,Jyura Greaves,2,legs,both,0,0,0,14,46,72,-1,2,-3,0,0,Jyura Greaves,Jyuratodus Shell,3,Jyuratodus Fang,2.0,Jyuratodus Fin,2.0,Earth Crystal,3.0,Jyura Greaves,Focus,1.0,None,None
57,58,Kadachi Helm,2,head,both,0,0,0,16,48,74,0,-3,3,0,0,Kadachi Helm,Tobi-Kadachi Pelt,2,Tobi-Kadachi Electrode,2.0,Tobi-Kadachi Claw,1.0,Electro Sac,1.0,Kadachi Helm,Constitution,1.0,None,None
58,59,Kadachi Mail,2,chest,both,0,0,0,16,48,74,0,-3,3,0,0,Kadachi Mail,Tobi-Kadachi Pelt,2,Tobi-Kadachi Electrode,1.0,Tobi-Kadachi Membrane,2.0,Wingdrake Hide,2.0,Kadachi Mail,Jump Master,1.0,None,None
59,60,Kadachi Vambraces,2,arms,both,0,0,0,16,48,74,0,-3,3,0,0,Kadachi Vambraces,Tobi-Kadachi Pelt,2,Tobi-Kadachi Claw,1.0,Tobi-Kadachi Scale,2.0,Monster Bone M,2.0,Kadachi Vambraces,Evade Extender,1.0,None,None
60,61,Kadachi Coil,2,waist,both,0,0,0,16,48,74,0,-3,3,0,0,Kadachi Coil,Tobi-Kadachi Scale,2,Tobi-Kadachi Pelt,1.0,Electro Sac,1.0,None,None,Kadachi Coil,Thunder Attack,1.0,None,None
61,62,Kadachi Greaves,2,legs,both,0,0,0,16,48,74,0,-3,3,0,0,Kadachi Greaves,Tobi-Kadachi Scale,2,Tobi-Kadachi Pelt,1.0,Warm Pelt,1.0,None,None,Kadachi Greaves,Thunder Resistance,1.0,None,None
62,63,High Metal Helm,3,head,both,0,0,0,18,46,70,0,-1,-2,3,0,High Metal Helm,Dragonite Ore,2,Machalite Ore,1.0,Iron Ore,6.0,None,None,High Metal Helm,Ice Resistance,1.0,None,None
63,64,High Metal Mail,3,chest,both,0,0,0,18,46,70,0,-1,-2,3,0,High Metal Mail,Dragonite Ore,2,Machalite Ore,2.0,Earth Crystal,2.0,Sharp Claw,2.0,High Metal Mail,Earplugs,1.0,None,None
64,65,High Metal Braces,3,arms,both,0,0,0,18,46,70,0,-1,-2,3,0,High Metal Braces,Dragonite Ore,2,Machalite Ore,2.0,Earth Crystal,2.0,Sharp Claw,2.0,High Metal Braces,Defense Boost,1.0,None,None
65,66,High Metal Coil,3,waist,both,0,0,0,18,46,70,0,-1,-2,3,0,High Metal Coil,Dragonite Ore,2,Machalite Ore,1.0,Iron Ore,6.0,None,None,High Metal Coil,Capacity Boost,1.0,None,None
66,67,High Metal Greaves,3,legs,both,0,0,0,18,46,70,0,-1,-2,3,0,High Metal Greaves,Dragonite Ore,2,Machalite Ore,1.0,Iron Ore,6.0,None,None,High Metal Greaves,Heavy Artillery,1.0,None,None
67,68,King Beetle Vertex,3,head,male,0,0,0,22,50,74,-1,-1,2,0,2,King Beetle Vertex,Great Hornfly,1,Dragonite Ore,2.0,Coral Crystal,2.0,Flame Sac,1.0,King Beetle Vertex,Evade Window,1.0,None,None
68,69,King Beetle Thorax,3,chest,male,0,0,0,22,50,74,-1,-1,2,0,2,King Beetle Thorax,Great Hornfly,1,Earth Crystal,2.0,Coral Crystal,2.0,Poison Sac,1.0,King Beetle Thorax,Quick Sheath,1.0,None,None
69,70,King Beetle Brachia,3,arms,male,0,0,0,22,50,74,-1,-1,2,0,2,King Beetle Brachia,Great Hornfly,1,Earth Crystal,2.0,Coral Crystal,2.0,Aqua Sac,1.0,King Beetle Brachia,Leap of Faith,1.0,None,None
70,71,King Beetle Elytra,3,waist,male,0,0,0,22,50,74,-1,-1,2,0,2,King Beetle Elytra,Great Hornfly,1,Earth Crystal,2.0,Monster Fluid,1.0,Electro Sac,1.0,King Beetle Elytra,Honey Hunter,1.0,None,None
71,72,King Beetle Crura,3,legs,male,0,0,0,22,50,74,-1,-1,2,0,2,King Beetle Crura,Great Hornfly,1,Dragonite Ore,2.0,Monster Fluid,3.0,Paralysis Sac,1.0,King Beetle Crura,Forager's Luck,1.0,None,None
72,78,Shamos Goggles,3,head,both,0,0,0,22,50,74,2,2,0,-3,0,Shamos Goggles,Shamos Hide,2,Shamos Scale,3.0,Coral Bone,1.0,Coral Crystal,1.0,Shamos Goggles,Detector,1.0,None,None
73,79,Hornetaur Helm,3,head,both,0,0,0,18,46,70,-1,-1,0,0,2,Hornetaur Helm,Hornetaur Head,1,Hornetaur Shell,1.0,Machalite Ore,1.0,Monster Fluid,1.0,Hornetaur Helm,Dungmaster,1.0,None,None
74,80,Hornetaur Mail,3,chest,both,0,0,0,18,46,70,-1,-1,0,0,2,Hornetaur Mail,Hornetaur Wing,2,Hornetaur Shell,2.0,Dragonite Ore,2.0,Machalite Ore,2.0,Hornetaur Mail,Effluvial Expert,1.0,None,None
75,81,Hornetaur Vambraces,3,arms,both,0,0,0,18,46,70,-1,-1,0,0,2,Hornetaur Vambraces,Hornetaur Wing,1,Hornetaur Shell,1.0,Iron Ore,3.0,Machalite Ore,1.0,Hornetaur Vambraces,Free Meal,1.0,None,None
76,82,Hornetaur Coil,3,waist,both,0,0,0,18,46,70,-1,-1,0,0,2,Hornetaur Coil,Hornetaur Wing,1,Hornetaur Shell,1.0,Iron Ore,3.0,Machalite Ore,1.0,Hornetaur Coil,Carving Pro,1.0,None,None
77,83,Hornetaur Greaves,3,legs,both,0,0,0,18,46,70,-1,-1,0,0,2,Hornetaur Greaves,Hornetaur Wing,2,Hornetaur Shell,2.0,Dragonite Ore,3.0,Monster Fluid,2.0,Hornetaur Greaves,Handicraft,1.0,None,None
78,84,Anja Helm,3,head,both,0,0,0,20,48,72,3,-3,-1,-1,0,Anja Helm,Anjanath Pelt,3,Anjanath Scale,3.0,Anjanath Tail,1.0,Flame Sac,1.0,Anja Helm,Fire Attack,1.0,None,None
79,85,Anja Mail,3,chest,both,0,0,0,20,48,72,3,-3,-1,-1,0,Anja Mail,Anjanath Pelt,3,Anjanath Fang,2.0,Anjanath Nosebone,1.0,Anjanath Plate,1.0,Anja Mail,Marathon Runner,1.0,None,None
80,86,Anja Vambraces,3,arms,both,0,0,0,20,48,72,3,-3,-1,-1,0,Anja Vambraces,Anjanath Pelt,2,Anjanath Scale,2.0,Anjanath Nosebone,1.0,Monster Bone L,2.0,Anja Vambraces,Special Ammo Boost,1.0,None,None
81,87,Anja Coil,3,waist,both,0,0,0,20,48,72,3,-3,-1,-1,0,Anja Coil,Anjanath Scale,2,Anjanath Pelt,1.0,Anjanath Fang,2.0,Machalite Ore,2.0,Anja Coil,Fire Resistance,1.0,None,None
82,88,Anja Greaves,3,legs,both,0,0,0,20,48,72,3,-3,-1,-1,0,Anja Greaves,Anjanath Scale,2,Anjanath Pelt,1.0,Flame Sac,1.0,Machalite Ore,2.0,Anja Greaves,Artillery,1.0,None,None
83,89,Rathian Helm,3,head,both,0,0,0,22,50,74,2,0,-2,0,-3,Rathian Helm,Rathian Shell,2,Rathian Scale,3.0,Rathian Webbing,2.0,Flame Sac,1.0,Rathian Helm,Health Boost,1.0,None,None
84,90,Rathian Mail,3,chest,both,0,0,0,22,50,74,2,0,-2,0,-3,Rathian Mail,Rathian Scale,2,Rathian Shell,1.0,Rathian Webbing,1.0,Ancient Bone,2.0,Rathian Mail,Botanist,1.0,None,None
85,91,Rathian Vambraces,3,arms,both,0,0,0,22,50,74,2,0,-2,0,-3,Rathian Vambraces,Rathian Shell,2,Rathian Scale,2.0,Rathian Spike,1.0,Monster Bone L,2.0,Rathian Vambraces,Poison Attack,1.0,None,None
86,92,Rathian Coil,3,waist,both,0,0,0,22,50,74,2,0,-2,0,-3,Rathian Coil,Rathian Scale,2,Rathian Shell,1.0,Rath Wingtalon,2.0,Boulder Bone,2.0,Rathian Coil,Poison Resistance,1.0,None,None
87,93,Rathian Greaves,3,legs,both,0,0,0,22,50,74,2,0,-2,0,-3,Rathian Greaves,Rathian Shell,3,Rathian Spike,1.0,Rath Wingtalon,2.0,Rathian Plate,1.0,Rathian Greaves,Recovery Up,1.0,None,None
88,94,Tzitzi Headgear,3,head,both,0,0,0,18,46,70,0,0,-3,-2,0,Tzitzi Headgear,Tzitzi-Ya-Ku Scale,2,Tzitzi-Ya-Ku Hide,1.0,Tzitzi-Ya-Ku Photophore,1.0,Coral Crystal,1.0,Tzitzi Headgear,Blindsider,1.0,None,None
89,95,Tzitzi Mail,3,chest,both,0,0,0,18,46,70,0,0,-3,-2,0,Tzitzi Mail,Tzitzi-Ya-Ku Hide,3,Tzitzi-Ya-Ku Claw,2.0,Tzitzi-Ya-Ku Photophore,2.0,Lightcrystal,1.0,Tzitzi Mail,Constitution,1.0,None,None
90,96,Tzitzi Vambraces,3,arms,both,0,0,0,18,46,70,0,0,-3,-2,0,Tzitzi Vambraces,Tzitzi-Ya-Ku Hide,2,Tzitzi-Ya-Ku Photophore,1.0,Tzitzi-Ya-Ku Scale,3.0,Coral Crystal,2.0,Tzitzi Vambraces,Stun Resistance,1.0,None,None
91,97,Tzitzi Coil,3,waist,both,0,0,0,18,46,70,0,0,-3,-2,0,Tzitzi Coil,Tzitzi-Ya-Ku Hide,2,Tzitzi-Ya-Ku Claw,2.0,Coral Crystal,2.0,None,None,Tzitzi Coil,Wide-Range,1.0,None,None
92,98,Tzitzi Greaves,3,legs,both,0,0,0,18,46,70,0,0,-3,-2,0,Tzitzi Greaves,Tzitzi-Ya-Ku Scale,2,Tzitzi-Ya-Ku Hide,1.0,Tzitzi-Ya-Ku Claw,1.0,None,None,Tzitzi Greaves,Sleep Resistance,1.0,None,None
93,99,Lumu Hat,3,head,both,0,0,0,20,48,72,-3,2,0,1,0,Lumu Hat,Paolumu Scale,2,Paolumu Webbing,2.0,Paolumu Shell,2.0,Lightcrystal,1.0,Lumu Hat,Stamina Surge,1.0,None,None
94,100,Lumu Mail,3,chest,both,0,0,0,20,48,72,-3,2,0,1,0,Lumu Mail,Paolumu Scale,2,Paolumu Shell,1.0,Paolumu Pelt,2.0,Coral Bone,1.0,Lumu Mail,Master Mounter,1.0,None,None
95,101,Lumu Vambraces,3,arms,both,0,0,0,20,48,72,-3,2,0,1,0,Lumu Vambraces,Paolumu Pelt,2,Paolumu Scale,1.0,Paolumu Webbing,1.0,None,None,Lumu Vambraces,Artillery,1.0,None,None
96,102,Lumu Coil,3,waist,both,0,0,0,20,48,72,-3,2,0,1,0,Lumu Coil,Paolumu Pelt,2,Paolumu Scale,1.0,Paolumu Shell,1.0,None,None,Lumu Coil,Divine Blessing,1.0,None,None
97,103,Lumu Greaves,3,legs,both,0,0,0,20,48,72,-3,2,0,1,0,Lumu Greaves,Paolumu Scale,2,Paolumu Pelt,2.0,Paolumu Webbing,1.0,Coral Bone,1.0,Lumu Greaves,Windproof,1.0,None,None
98,104,Girros Mask,3,head,both,0,0,0,20,48,72,0,-3,2,0,1,Girros Mask,Great Girros Scale,2,Great Girros Hide,1.0,Great Girros Hood,1.0,Girros Scale,3.0,Girros Mask,Horn Maestro,1.0,None,None
99,105,Girros Mail,3,chest,both,0,0,0,20,48,72,0,-3,2,0,1,Girros Mail,Great Girros Hide,2,Great Girros Tail,1.0,Great Girros Fang,2.0,Paralysis Sac,2.0,Girros Mail,Paralysis Resistance,1.0,None,None
100,106,Girros Vambraces,3,arms,both,0,0,0,20,48,72,0,-3,2,0,1,Girros Vambraces,Great Girros Scale,2,Great Girros Hide,1.0,Girros Fang,2.0,None,None,Girros Vambraces,Palico Rally,1.0,None,None
101,107,Girros Coil,3,waist,both,0,0,0,20,48,72,0,-3,2,0,1,Girros Coil,Great Girros Hide,2,Great Girros Tail,1.0,Great Girros Hood,1.0,Girros Hide,3.0,Girros Coil,Effluvial Expert,1.0,None,None
102,108,Girros Greaves,3,legs,both,0,0,0,20,48,72,0,-3,2,0,1,Girros Greaves,Great Girros Hide,2,Great Girros Fang,2.0,Great Girros Scale,2.0,Monster Bone M,4.0,Girros Greaves,Paralysis Attack,1.0,None,None
103,109,Baan Helm,3,head,both,0,0,0,24,52,76,0,2,0,-1,-2,Baan Helm,Radobaan Shell,3,Radobaan Oilshell,2.0,Wyvern Bonemass,2.0,Radobaan Marrow,1.0,Baan Helm,Slugger,1.0,None,None
104,110,Baan Mail,3,chest,both,0,0,0,24,52,76,0,2,0,-1,-2,Baan Mail,Radobaan Scale,2,Radobaan Shell,1.0,Radobaan Oilshell,1.0,Sleep Sac,1.0,Baan Mail,Sleep Resistance,1.0,None,None
105,111,Baan Vambraces,3,arms,both,0,0,0,24,52,76,0,2,0,-1,-2,Baan Vambraces,Radobaan Scale,2,Radobaan Shell,1.0,Radobaan Oilshell,1.0,Sturdy Bone,3.0,Baan Vambraces,Sleep Attack,1.0,None,None
106,112,Baan Coil,3,waist,both,0,0,0,24,52,76,0,2,0,-1,-2,Baan Coil,Radobaan Scale,2,Radobaan Oilshell,1.0,Sleep Sac,1.0,Monster Bone L,3.0,Baan Coil,Guard,1.0,None,None
107,113,Baan Greaves,3,legs,both,0,0,0,24,52,76,0,2,0,-1,-2,Baan Greaves,Radobaan Shell,2,Radobaan Scale,2.0,Wyvern Bonemass,2.0,Warped Bone,2.0,Baan Greaves,Bleeding Resistance,1.0,None,None
108,114,Ingot Helm,4,head,both,0,0,0,28,52,72,-2,0,3,-1,0,Ingot Helm,Dragonite Ore,2,Monster Bone+,1.0,Iron Ore,8.0,Machalite Ore,3.0,Ingot Helm,Thunder Attack,1.0,None,None
109,115,Ingot Mail,4,chest,both,0,0,0,28,52,72,-2,0,3,-1,0,Ingot Mail,Dragonite Ore,2,Monster Bone+,1.0,Iron Ore,8.0,Machalite Ore,3.0,Ingot Mail,Thunder Resistance,1.0,None,None
110,116,Ingot Vambraces,4,arms,both,0,0,0,28,52,72,-2,0,3,-1,0,Ingot Vambraces,Dragonite Ore,3,Monster Bone+,1.0,Coral Crystal,3.0,Lightcrystal,1.0,Ingot Vambraces,Health Boost,1.0,None,None
111,117,Ingot Coil,4,waist,both,0,0,0,28,52,72,-2,0,3,-1,0,Ingot Coil,Dragonite Ore,3,Monster Bone+,1.0,Coral Crystal,3.0,Lightcrystal,1.0,Ingot Coil,Windproof,1.0,None,None
112,118,Ingot Greaves,4,legs,both,0,0,0,28,52,72,-2,0,3,-1,0,Ingot Greaves,Dragonite Ore,2,Monster Bone+,1.0,Earth Crystal,3.0,Machalite Ore,3.0,Ingot Greaves,Defense Boost,1.0,None,None
113,119,Death Stench Brain,4,head,both,0,0,0,32,56,76,3,2,-2,3,-4,Death Stench Brain,Sinister Cloth,1,Warped Bone,1.0,Monster Bone+,2.0,Sharp Claw,3.0,Death Stench Brain,Resuscitate,1.0,None,None
114,120,Death Stench Muscle,4,chest,both,0,0,0,32,56,76,3,2,-2,3,-4,Death Stench Muscle,Sinister Cloth,1,Coral Bone,2.0,Sturdy Bone,2.0,Monster Fluid,2.0,Death Stench Muscle,Fortify,1.0,None,None
115,121,Death Stench Grip,4,arms,both,0,0,0,32,56,76,3,2,-2,3,-4,Death Stench Grip,Sinister Cloth,1,Warped Bone,3.0,Sturdy Bone,6.0,Lightcrystal,1.0,Death Stench Grip,Focus,1.0,None,None
116,122,Death Stench Bowels,4,waist,both,0,0,0,32,56,76,3,2,-2,3,-4,Death Stench Bowels,Sinister Cloth,1,Warped Bone,1.0,Sturdy Bone,2.0,Monster Fluid,2.0,Death Stench Bowels,Dragon Attack,1.0,None,None
117,123,Death Stench Heel,4,legs,both,0,0,0,32,56,76,3,2,-2,3,-4,Death Stench Heel,Sinister Cloth,1,Coral Bone,3.0,Monster Bone+,4.0,Lightcrystal,1.0,Death Stench Heel,Handicraft,1.0,None,None
118,124,Brigade Lobos,4,head,both,0,0,0,28,52,72,1,0,2,0,2,Brigade Lobos,Pinnacle Coin,2,Pukei Coin,2.0,Kulu Coin,2.0,Commendation,1.0,Brigade Lobos,Recovery Speed,1.0,None,None
119,125,Brigade Suit,4,chest,both,0,0,0,28,52,72,1,0,2,0,2,Brigade Suit,Pinnacle Coin,3,Pukei Coin,2.0,Rathian Coin,4.0,Lightcrystal,1.0,Brigade Suit,Divine Blessing,1.0,None,None
120,126,Brigade Vambraces,4,arms,both,0,0,0,28,52,72,1,0,2,0,2,Brigade Vambraces,Pinnacle Coin,2,Pukei Coin,2.0,Kulu Coin,2.0,Commendation,1.0,Brigade Vambraces,Heavy Artillery,1.0,None,None
121,127,Brigade Coil,4,waist,both,0,0,0,28,52,72,1,0,2,0,2,Brigade Coil,Pinnacle Coin,2,Pukei Coin,2.0,Kulu Coin,2.0,Commendation,1.0,Brigade Coil,Geologist,1.0,None,None
122,128,Brigade Boots,4,legs,both,0,0,0,28,52,72,1,0,2,0,2,Brigade Boots,Pinnacle Coin,3,Kulu Coin,2.0,Rathian Coin,4.0,Lightcrystal,1.0,Brigade Boots,Scholar,1.0,None,None
123,129,Legiana Helm,4,head,both,0,0,0,30,54,74,-1,2,-3,3,0,Legiana Helm,Legiana Scale,2,Legiana Hide,1.0,Legiana Claw,1.0,Shamos Scale,2.0,Legiana Helm,Divine Blessing,1.0,None,None
124,130,Legiana Mail,4,chest,both,0,0,0,30,54,74,-1,2,-3,3,0,Legiana Mail,Legiana Hide,3,Legiana Claw,2.0,Legiana Webbing,2.0,Legiana Plate,1.0,Legiana Mail,Evade Window,1.0,None,None
125,131,Legiana Vambraces,4,arms,both,0,0,0,30,54,74,-1,2,-3,3,0,Legiana Vambraces,Legiana Hide,2,Legiana Scale,2.0,Legiana Tail Webbing,1.0,Frost Sac,1.0,Legiana Vambraces,Airborne,1.0,None,None
126,132,Legiana Coil,4,waist,both,0,0,0,30,54,74,-1,2,-3,3,0,Legiana Coil,Legiana Hide,2,Legiana Scale,2.0,Frost Sac,1.0,Shamos Hide,2.0,Legiana Coil,Ice Attack,1.0,None,None
127,133,Legiana Greaves,4,legs,both,0,0,0,30,54,74,-1,2,-3,3,0,Legiana Greaves,Legiana Scale,2,Legiana Hide,1.0,Legiana Claw,1.0,Dragonite Ore,2.0,Legiana Greaves,Ice Resistance,1.0,None,None
128,134,Odogaron Helm,4,head,both,0,0,0,30,54,74,2,2,-2,-3,0,Odogaron Helm,Odogaron Scale,2,Odogaron Sinew,1.0,Odogaron Claw,1.0,Warped Bone,1.0,Odogaron Helm,Bleeding Resistance,1.0,None,None
129,135,Odogaron Mail,4,chest,both,0,0,0,30,54,74,2,2,-2,-3,0,Odogaron Mail,Odogaron Sinew,2,Odogaron Scale,2.0,Odogaron Fang,1.0,Hornetaur Shell,3.0,Odogaron Mail,Speed Sharpening,1.0,None,None
130,136,Odogaron Vambraces,4,arms,both,0,0,0,30,54,74,2,2,-2,-3,0,Odogaron Vambraces,Odogaron Sinew,2,Odogaron Scale,2.0,Odogaron Tail,1.0,Hornetaur Wing,2.0,Odogaron Vambraces,Constitution,1.0,None,None
131,137,Odogaron Coil,4,waist,both,0,0,0,30,54,74,2,2,-2,-3,0,Odogaron Coil,Odogaron Sinew,3,Odogaron Claw,2.0,Odogaron Fang,2.0,Odogaron Plate,1.0,Odogaron Coil,Critical Eye,1.0,None,None
132,138,Odogaron Greaves,4,legs,both,0,0,0,30,54,74,2,2,-2,-3,0,Odogaron Greaves,Odogaron Scale,2,Odogaron Sinew,1.0,Odogaron Claw,1.0,Dragonite Ore,2.0,Odogaron Greaves,Quick Sheath,1.0,None,None
133,139,Rathalos Helm,4,head,both,0,0,0,30,54,74,3,1,-2,1,-3,Rathalos Helm,Rathalos Scale,2,Rathalos Shell,2.0,Rath Wingtalon,2.0,Rathalos Marrow,1.0,Rathalos Helm,Attack Boost,1.0,None,None
134,140,Rathalos Mail,4,chest,both,0,0,0,30,54,74,3,1,-2,1,-3,Rathalos Mail,Rathalos Scale,2,Rathalos Shell,4.0,Rathalos Webbing,2.0,Rathalos Plate,1.0,Rathalos Mail,Weakness Exploit,1.0,None,None
135,141,Rathalos Vambraces,4,arms,both,0,0,0,30,54,74,3,1,-2,1,-3,Rathalos Vambraces,Rathalos Shell,2,Rathalos Webbing,1.0,Flame Sac,2.0,Monster Bone+,2.0,Rathalos Vambraces,Fire Resistance,1.0,None,None
136,142,Rathalos Coil,4,waist,both,0,0,0,30,54,74,3,1,-2,1,-3,Rathalos Coil,Rathalos Scale,2,Rathalos Shell,2.0,Rathalos Webbing,1.0,Monster Bone+,3.0,Rathalos Coil,Fire Attack,1.0,None,None
137,143,Rathalos Greaves,4,legs,both,0,0,0,30,54,74,3,1,-2,1,-3,Rathalos Greaves,Rathalos Shell,3,Rathalos Scale,2.0,Rath Wingtalon,2.0,Rathalos Tail,1.0,Rathalos Greaves,Jump Master,1.0,None,None
138,144,Diablos Helm,4,head,both,0,0,0,32,56,76,3,-2,0,-3,2,Diablos Helm,Diablos Ridge,3,Diablos Fang,2.0,Twisted Horn,1.0,Diablos Marrow,1.0,Diablos Helm,Critical Draw,1.0,None,None
139,145,Diablos Mail,4,chest,both,0,0,0,32,56,76,3,-2,0,-3,2,Diablos Mail,Diablos Shell,2,Diablos Ridge,1.0,Twisted Horn,2.0,Monster Bone+,3.0,Diablos Mail,Slugger,1.0,None,None
140,146,Diablos Vambraces,4,arms,both,0,0,0,32,56,76,3,-2,0,-3,2,Diablos Vambraces,Diablos Ridge,2,Diablos Shell,2.0,Diablos Tailcase,1.0,Lightcrystal,1.0,Diablos Vambraces,Heroics,1.0,None,None
141,147,Diablos Coil,4,waist,both,0,0,0,32,56,76,3,-2,0,-3,2,Diablos Coil,Diablos Shell,2,Diablos Ridge,1.0,Diablos Fang,1.0,Monster Bone L,2.0,Diablos Coil,Marathon Runner,1.0,None,None
142,148,Diablos Greaves,4,legs,both,0,0,0,32,56,76,3,-2,0,-3,2,Diablos Greaves,Diablos Ridge,2,Diablos Shell,2.0,Twisted Horn,1.0,Monster Bone+,3.0,Diablos Greaves,Tremor Resistance,1.0,None,None
143,149,Kirin Horn,4,head,both,0,0,0,34,58,78,-3,-2,4,-2,2,Kirin Horn,Kirin Hide,2,Kirin Tail,2.0,Kirin Thunderhorn,3.0,Lightcrystal,1.0,Kirin Horn,Marathon Runner,1.0,None,None
144,150,Kirin Jacket,4,chest,both,0,0,0,34,58,78,-3,-2,4,-2,2,Kirin Jacket,Kirin Hide,2,Kirin Mane,2.0,Coral Crystal,4.0,Coral Bone,2.0,Kirin Jacket,Divine Blessing,1.0,None,None
145,151,Kirin Longarms,4,arms,both,0,0,0,34,58,78,-3,-2,4,-2,2,Kirin Longarms,Kirin Hide,3,Kirin Mane,2.0,Paolumu Shell,2.0,Lightcrystal,1.0,Kirin Longarms,Blight Resistance,1.0,None,None
146,152,Kirin Hoop,4,waist,both,0,0,0,34,58,78,-3,-2,4,-2,2,Kirin Hoop,Kirin Hide,2,Kirin Thunderhorn,1.0,Kirin Tail,1.0,Electro Sac,1.0,Kirin Hoop,Thunder Attack,1.0,None,None
147,153,Kirin Leg Guards,4,legs,both,0,0,0,34,58,78,-3,-2,4,-2,2,Kirin Leg Guards,Kirin Hide,2,Kirin Thunderhorn,1.0,Paolumu Shell,2.0,None,None,Kirin Leg Guards,Thunder Resistance,1.0,None,None
148,154,Blossom Headgear,3,head,both,0,0,0,18,46,70,1,1,4,1,1,Blossom Headgear,Spring Blossom Ticket,1,Earth Crystal,1.0,None,None,None,None,Blossom Headgear,Honey Hunter,1.0,None,None
149,155,Blossom Vest,3,chest,both,0,0,0,18,46,70,1,1,4,1,1,Blossom Vest,Spring Blossom Ticket,1,Earth Crystal,3.0,None,None,None,None,Blossom Vest,Quick Sheath,1.0,None,None
150,156,Blossom Cuffs,3,arms,both,0,0,0,18,46,70,1,1,4,1,1,Blossom Cuffs,Spring Blossom Ticket,1,Earth Crystal,1.0,None,None,None,None,Blossom Cuffs,Paralysis Resistance,1.0,None,None
151,157,Blossom Coat,3,waist,both,0,0,0,18,46,70,1,1,4,1,1,Blossom Coat,Spring Blossom Ticket,1,Earth Crystal,1.0,None,None,None,None,Blossom Coat,Scoutfly Range Up,1.0,None,None
152,158,Blossom Boots,3,legs,both,0,0,0,18,46,70,1,1,4,1,1,Blossom Boots,Spring Blossom Ticket,1,Earth Crystal,2.0,None,None,None,None,Blossom Boots,Recovery Speed,1.0,None,None
153,743,Diver's Mask,3,head,both,0,0,0,22,50,74,1,4,1,1,1,Diver's Mask,Summer Twilight Ticket,1,Coral Crystal,1.0,None,None,None,None,Diver's Mask,Marathon Runner,1.0,None,None
154,744,Diver's Suit,3,chest,both,0,0,0,22,50,74,1,4,1,1,1,Diver's Suit,Summer Twilight Ticket,1,Coral Crystal,1.0,None,None,None,None,Diver's Suit,Critical Eye,1.0,None,None
155,745,Diver's Braces,3,arms,both,0,0,0,22,50,74,1,4,1,1,1,Diver's Braces,Summer Twilight Ticket,1,Coral Crystal,1.0,None,None,None,None,Diver's Braces,Quick Sheath,1.0,None,None
156,746,Diver's Belt,3,waist,both,0,0,0,22,50,74,1,4,1,1,1,Diver's Belt,Summer Twilight Ticket,1,Coral Crystal,1.0,None,None,None,None,Diver's Belt,Aquatic/Polar Mobility,1.0,None,None
157,747,Diver's Boots,3,legs,both,0,0,0,22,50,74,1,4,1,1,1,Diver's Boots,Summer Twilight Ticket,1,Coral Crystal,1.0,None,None,None,None,Diver's Boots,Hunger Resistance,1.0,None,None
158,693,Harvest Flor,3,head,both,0,0,0,26,54,78,4,1,1,1,1,Harvest Flor,Autumn Harvest Ticket,1,Sturdy Bone,1.0,None,None,None,None,Harvest Flor,Focus,1.0,None,None
159,694,Harvest Tronco,3,chest,both,0,0,0,26,54,78,4,1,1,1,1,Harvest Tronco,Autumn Harvest Ticket,1,Sturdy Bone,1.0,None,None,None,None,Harvest Tronco,Tremor Resistance,1.0,None,None
160,695,Harvest Trama,3,arms,both,0,0,0,26,54,78,4,1,1,1,1,Harvest Trama,Autumn Harvest Ticket,1,Sturdy Bone,1.0,None,None,None,None,Harvest Trama,Resentment,1.0,None,None
161,696,Harvest Hoja,3,waist,both,0,0,0,26,54,78,4,1,1,1,1,Harvest Hoja,Autumn Harvest Ticket,1,Sturdy Bone,1.0,None,None,None,None,Harvest Hoja,Constitution,1.0,None,None
162,697,Harvest Raiz,3,legs,both,0,0,0,26,54,78,4,1,1,1,1,Harvest Raiz,Autumn Harvest Ticket,1,Sturdy Bone,1.0,None,None,None,None,Harvest Raiz,Mushroomancer,1.0,None,None
163,698,Orion Cap,4,head,both,0,0,0,30,54,74,1,1,1,4,1,Orion Cap,Winter Star Ticket,1,Monster Bone+,1.0,None,None,None,None,Orion Cap,Recovery Up,1.0,None,None
164,699,Orion Vest,4,chest,both,0,0,0,30,54,74,1,1,1,4,1,Orion Vest,Winter Star Ticket,1,Monster Bone+,2.0,None,None,None,None,Orion Vest,Flinch Free,1.0,None,None
165,700,Orion Vambraces,4,arms,both,0,0,0,30,54,74,1,1,1,4,1,Orion Vambraces,Winter Star Ticket,1,Monster Bone+,1.0,None,None,None,None,Orion Vambraces,Windproof,1.0,None,None
166,701,Orion Coat,4,waist,both,0,0,0,30,54,74,1,1,1,4,1,Orion Coat,Winter Star Ticket,1,Monster Bone+,1.0,None,None,None,None,Orion Coat,Health Boost,1.0,None,None
167,702,Orion Boots,4,legs,both,0,0,0,30,54,74,1,1,1,4,1,Orion Boots,Winter Star Ticket,1,Monster Bone+,2.0,None,None,None,None,Orion Boots,Heroics,1.0,None,None
168,728,Gala Suit Top Hat,4,head,both,0,0,0,34,58,78,1,1,1,1,4,Gala Suit Top Hat,Appreciation Ticket,1,Monster Bone+,3.0,None,None,None,None,Gala Suit Top Hat,Critical Boost,1.0,None,None
169,729,Gala Suit Jacket,4,chest,both,0,0,0,34,58,78,1,1,1,1,4,Gala Suit Jacket,Appreciation Ticket,1,Monster Bone+,2.0,None,None,None,None,Gala Suit Jacket,Critical Draw,1.0,None,None
170,730,Gala Suit Cuffs,4,arms,both,0,0,0,34,58,78,1,1,1,1,4,Gala Suit Cuffs,Appreciation Ticket,1,Monster Bone+,1.0,None,None,None,None,Gala Suit Cuffs,Maximum Might,1.0,None,None
171,731,Gala Suit Tail,4,waist,both,0,0,0,34,58,78,1,1,1,1,4,Gala Suit Tail,Appreciation Ticket,1,Monster Bone+,1.0,None,None,None,None,Gala Suit Tail,Slinger Capacity,1.0,None,None
172,727,Gala Suit Slacks,4,legs,both,0,0,0,34,58,78,1,1,1,1,4,Gala Suit Slacks,Appreciation Ticket,1,Monster Bone+,1.0,None,None,None,None,Gala Suit Slacks,Divine Blessing,1.0,None,None
173,73,Butterfly Vertex,3,head,male,0,0,0,22,50,74,-1,-1,2,0,2,Butterfly Vertex,Spring Insect Field Guide,1,Great Hornfly,1.0,Vespoid Shell,1.0,Monster Fluid,1.0,Butterfly Vertex,Stun Resistance,1.0,None,None
174,74,Butterfly Thorax,3,chest,male,0,0,0,22,50,74,-1,-1,2,0,2,Butterfly Thorax,Spring Insect Field Guide,1,Great Hornfly,1.0,Vespoid Wing,1.0,Monster Fluid,1.0,Butterfly Thorax,Health Boost,1.0,None,None
175,75,Butterfly Brachia,3,arms,male,0,0,0,22,50,74,-1,-1,2,0,2,Butterfly Brachia,Spring Insect Field Guide,1,Great Hornfly,1.0,Vespoid Shell,1.0,Monster Fluid,1.0,Butterfly Brachia,Critical Eye,1.0,None,None
176,76,Butterfly Elytra,3,waist,male,0,0,0,22,50,74,-1,-1,2,0,2,Butterfly Elytra,Spring Insect Field Guide,1,Great Hornfly,1.0,Vespoid Wing,1.0,Monster Fluid,1.0,Butterfly Elytra,Defense Boost,1.0,None,None
177,77,Butterfly Crura,3,legs,male,0,0,0,22,50,74,-1,-1,2,0,2,Butterfly Crura,Spring Insect Field Guide,1,Great Hornfly,1.0,Vespoid Shell,1.0,Monster Fluid,1.0,Butterfly Crura,Marathon Runner,1.0,None,None
178,159,Leather Headgear α,5,head,both,0,0,0,32,54,70,2,0,0,0,0,Leather Headgear α,Carbalite Ore,3,High-quality Pelt,1.0,None,None,None,None,Leather Headgear α,Hunger Resistance,2.0,None,None
179,160,Leather Mail α,5,chest,both,0,0,0,32,54,70,2,0,0,0,0,Leather Mail α,Carbalite Ore,2,High-quality Pelt,1.0,None,None,None,None,Leather Mail α,Fire Resistance,1.0,None,None
180,161,Leather Gloves α,5,arms,both,0,0,0,32,54,70,2,0,0,0,0,Leather Gloves α,Carbalite Ore,2,High-quality Pelt,1.0,None,None,None,None,Leather Gloves α,Recovery Speed,1.0,None,None
181,162,Leather Belt α,5,waist,both,0,0,0,32,54,70,2,0,0,0,0,Leather Belt α,Carbalite Ore,2,High-quality Pelt,1.0,None,None,None,None,Leather Belt α,Stamina Surge,1.0,None,None
182,163,Leather Trousers α,5,legs,both,0,0,0,32,54,70,2,0,0,0,0,Leather Trousers α,Carbalite Ore,2,High-quality Pelt,1.0,None,None,None,None,Leather Trousers α,Cliffhanger,1.0,None,None
183,164,Leather Headgear β,5,head,both,1,0,0,32,54,70,2,0,0,0,0,Leather Headgear β,Carbalite Ore,3,High-quality Pelt,1.0,None,None,None,None,Leather Headgear β,Hunger Resistance,1.0,None,None
184,165,Leather Mail β,5,chest,both,1,0,0,32,54,70,2,0,0,0,0,Leather Mail β,Carbalite Ore,2,High-quality Pelt,1.0,None,None,None,None,Leather Mail β,None,None,None,None
185,166,Leather Gloves β,5,arms,both,1,0,0,32,54,70,2,0,0,0,0,Leather Gloves β,Carbalite Ore,2,High-quality Pelt,1.0,None,None,None,None,Leather Gloves β,None,None,None,None
186,167,Leather Belt β,5,waist,both,1,0,0,32,54,70,2,0,0,0,0,Leather Belt β,Carbalite Ore,2,High-quality Pelt,1.0,None,None,None,None,Leather Belt β,None,None,None,None
187,168,Leather Trousers β,5,legs,both,1,0,0,32,54,70,2,0,0,0,0,Leather Trousers β,Carbalite Ore,2,High-quality Pelt,1.0,None,None,None,None,Leather Trousers β,None,None,None,None
188,169,Chainmail Headgear α,5,head,both,0,0,0,32,54,70,0,2,0,0,0,Chainmail Headgear α,Carbalite Ore,3,Dragonite Ore,2.0,None,None,None,None,Chainmail Headgear α,Master Gatherer,1.0,Guard,1.0
189,170,Chainmail Armor α,5,chest,both,0,0,0,32,54,70,0,2,0,0,0,Chainmail Armor α,Carbalite Ore,2,Dragonite Ore,2.0,None,None,None,None,Chainmail Armor α,Water Resistance,1.0,None,None
190,171,Chainmail Gloves α,5,arms,both,0,0,0,32,54,70,0,2,0,0,0,Chainmail Gloves α,Carbalite Ore,2,Dragonite Ore,2.0,None,None,None,None,Chainmail Gloves α,Recovery Speed,1.0,None,None
191,172,Chainmail Belt α,5,waist,both,0,0,0,32,54,70,0,2,0,0,0,Chainmail Belt α,Carbalite Ore,2,Dragonite Ore,2.0,None,None,None,None,Chainmail Belt α,Quick Sheath,1.0,None,None
192,173,Chainmail Trousers α,5,legs,both,0,0,0,32,54,70,0,2,0,0,0,Chainmail Trousers α,Carbalite Ore,2,Dragonite Ore,2.0,None,None,None,None,Chainmail Trousers α,Recovery Up,1.0,None,None
193,174,Chainmail Headgear β,5,head,both,1,0,0,32,54,70,0,2,0,0,0,Chainmail Headgear β,Carbalite Ore,3,Dragonite Ore,2.0,None,None,None,None,Chainmail Headgear β,Master Gatherer,1.0,None,None
194,175,Chainmail Armor β,5,chest,both,1,0,0,32,54,70,0,2,0,0,0,Chainmail Armor β,Carbalite Ore,2,Dragonite Ore,2.0,None,None,None,None,Chainmail Armor β,None,None,None,None
195,176,Chainmail Gloves β,5,arms,both,1,0,0,32,54,70,0,2,0,0,0,Chainmail Gloves β,Carbalite Ore,2,Dragonite Ore,2.0,None,None,None,None,Chainmail Gloves β,None,None,None,None
196,177,Chainmail Belt β,5,waist,both,1,0,0,32,54,70,0,2,0,0,0,Chainmail Belt β,Carbalite Ore,2,Dragonite Ore,2.0,None,None,None,None,Chainmail Belt β,None,None,None,None
197,178,Chainmail Trousers β,5,legs,both,1,0,0,32,54,70,0,2,0,0,0,Chainmail Trousers β,Carbalite Ore,2,Dragonite Ore,2.0,None,None,None,None,Chainmail Trousers β,None,None,None,None
198,179,Hunter's Headgear α,5,head,both,0,0,0,36,58,74,2,2,0,0,0,Hunter's Headgear α,Jagras Hide+,3,Jagras Scale+,4.0,None,None,None,None,Hunter's Headgear α,Scoutfly Range Up,1.0,Scholar,1.0
199,180,Hunter's Mail α,5,chest,both,0,0,0,36,58,74,2,2,0,0,0,Hunter's Mail α,Jagras Hide+,3,Quality Bone,4.0,None,None,None,None,Hunter's Mail α,Slinger Capacity,2.0,None,None
200,181,Hunter's Vambraces α,5,arms,both,0,0,0,36,58,74,2,2,0,0,0,Hunter's Vambraces α,Jagras Hide+,2,Jagras Scale+,4.0,None,None,None,None,Hunter's Vambraces α,Stealth,2.0,None,None
201,182,Hunter's Coil α,5,waist,both,0,0,0,36,58,74,2,2,0,0,0,Hunter's Coil α,Jagras Hide+,2,Quality Bone,3.0,None,None,None,None,Hunter's Coil α,Master Gatherer,1.0,Stealth,1.0
202,183,Hunter's Greaves α,5,legs,both,0,0,0,36,58,74,2,2,0,0,0,Hunter's Greaves α,Jagras Hide+,2,Quality Bone,3.0,None,None,None,None,Hunter's Greaves α,Scenthound,1.0,Slinger Capacity,1.0
203,184,Hunter's Headgear β,5,head,both,1,0,0,36,58,74,2,2,0,0,0,Hunter's Headgear β,Jagras Hide+,3,Jagras Scale+,4.0,None,None,None,None,Hunter's Headgear β,Scoutfly Range Up,1.0,None,None
204,185,Hunter's Mail β,5,chest,both,1,0,0,36,58,74,2,2,0,0,0,Hunter's Mail β,Jagras Hide+,3,Quality Bone,4.0,None,None,None,None,Hunter's Mail β,Slinger Capacity,1.0,None,None
205,186,Hunter's Vambraces β,5,arms,both,1,0,0,36,58,74,2,2,0,0,0,Hunter's Vambraces β,Jagras Hide+,2,Jagras Scale+,4.0,None,None,None,None,Hunter's Vambraces β,Stealth,1.0,None,None
206,187,Hunter's Coil β,5,waist,both,1,0,0,36,58,74,2,2,0,0,0,Hunter's Coil β,Jagras Hide+,2,Quality Bone,3.0,None,None,None,None,Hunter's Coil β,Master Gatherer,1.0,None,None
207,188,Hunter's Greaves β,5,legs,both,1,0,0,36,58,74,2,2,0,0,0,Hunter's Greaves β,Jagras Hide+,2,Quality Bone,3.0,None,None,None,None,Hunter's Greaves β,Scenthound,1.0,None,None
208,189,Bone Helm α,5,head,both,0,0,0,36,58,74,2,0,2,0,2,Bone Helm α,Quality Bone,3,Monster Bone+,2.0,Warped Bone,2.0,None,None,Bone Helm α,Health Boost,1.0,Entomologist,1.0
209,190,Bone Mail α,5,chest,both,0,0,0,36,58,74,2,0,2,0,2,Bone Mail α,Quality Bone,2,Monster Bone+,2.0,Monster Bone L,3.0,None,None,Bone Mail α,Attack Boost,2.0,None,None
210,191,Bone Vambraces α,5,arms,both,0,0,0,36,58,74,2,0,2,0,2,Bone Vambraces α,Quality Bone,3,Monster Bone+,2.0,Coral Bone,2.0,None,None,Bone Vambraces α,Slugger,1.0,Attack Boost,1.0
211,192,Bone Coil α,5,waist,both,0,0,0,36,58,74,2,0,2,0,2,Bone Coil α,Quality Bone,2,Monster Bone+,2.0,Ancient Bone,3.0,None,None,Bone Coil α,Horn Maestro,1.0,Master Fisher,1.0
212,193,Bone Greaves α,5,legs,both,0,0,0,36,58,74,2,0,2,0,2,Bone Greaves α,Quality Bone,2,Monster Bone+,2.0,Boulder Bone,3.0,None,None,Bone Greaves α,Entomologist,2.0,None,None
213,194,Bone Helm β,5,head,both,1,0,0,36,58,74,2,0,2,0,2,Bone Helm β,Quality Bone,3,Monster Bone+,2.0,Warped Bone,2.0,None,None,Bone Helm β,Health Boost,1.0,None,None
214,195,Bone Mail β,5,chest,both,1,0,0,36,58,74,2,0,2,0,2,Bone Mail β,Quality Bone,2,Monster Bone+,2.0,Monster Bone L,3.0,None,None,Bone Mail β,Attack Boost,1.0,None,None
215,196,Bone Vambraces β,5,arms,both,1,0,0,36,58,74,2,0,2,0,2,Bone Vambraces β,Quality Bone,3,Monster Bone+,2.0,Coral Bone,2.0,None,None,Bone Vambraces β,Slugger,1.0,None,None
216,197,Bone Coil β,5,waist,both,1,0,0,36,58,74,2,0,2,0,2,Bone Coil β,Quality Bone,2,Monster Bone+,2.0,Ancient Bone,3.0,None,None,Bone Coil β,Horn Maestro,1.0,None,None
217,198,Bone Greaves β,5,legs,both,1,0,0,36,58,74,2,0,2,0,2,Bone Greaves β,Quality Bone,2,Monster Bone+,2.0,Boulder Bone,3.0,None,None,Bone Greaves β,Entomologist,1.0,None,None
218,199,Alloy Helm α,5,head,both,0,0,0,36,58,74,-2,0,-2,-2,0,Alloy Helm α,Carbalite Ore,3,Dragonite Ore,6.0,Dragonvein Crystal,3.0,Machalite Ore,5.0,Alloy Helm α,Windproof,1.0,Defense Boost,1.0
219,200,Alloy Mail α,5,chest,both,0,0,0,36,58,74,-2,0,-2,-2,0,Alloy Mail α,Carbalite Ore,2,Dragonite Ore,4.0,Coral Crystal,4.0,Machalite Ore,5.0,Alloy Mail α,Water Resistance,2.0,None,None
220,201,Alloy Vambraces α,5,arms,both,0,0,0,36,58,74,-2,0,-2,-2,0,Alloy Vambraces α,Carbalite Ore,2,Dragonite Ore,4.0,Earth Crystal,4.0,Machalite Ore,5.0,Alloy Vambraces α,Defense Boost,1.0,Speed Sharpening,1.0
221,202,Alloy Coil α,5,waist,both,0,0,0,36,58,74,-2,0,-2,-2,0,Alloy Coil α,Carbalite Ore,3,Dragonite Ore,6.0,Dragonvein Crystal,3.0,Machalite Ore,5.0,Alloy Coil α,Poison Resistance,1.0,Water Resistance,1.0
222,203,Alloy Greaves α,5,legs,both,0,0,0,36,58,74,-2,0,-2,-2,0,Alloy Greaves α,Carbalite Ore,2,Dragonite Ore,4.0,Lightcrystal,1.0,Machalite Ore,5.0,Alloy Greaves α,Speed Sharpening,2.0,None,None
223,204,Alloy Helm β,5,head,both,1,0,0,36,58,74,-2,0,-2,-2,0,Alloy Helm β,Carbalite Ore,3,Dragonite Ore,6.0,Dragonvein Crystal,3.0,Machalite Ore,5.0,Alloy Helm β,Windproof,1.0,None,None
224,205,Alloy Mail β,5,chest,both,1,0,0,36,58,74,-2,0,-2,-2,0,Alloy Mail β,Carbalite Ore,2,Dragonite Ore,4.0,Coral Crystal,4.0,Machalite Ore,5.0,Alloy Mail β,Water Resistance,1.0,None,None
225,206,Alloy Vambraces β,5,arms,both,1,0,0,36,58,74,-2,0,-2,-2,0,Alloy Vambraces β,Carbalite Ore,2,Dragonite Ore,4.0,Earth Crystal,4.0,Machalite Ore,5.0,Alloy Vambraces β,Defense Boost,1.0,None,None
226,207,Alloy Coil β,5,waist,both,1,0,0,36,58,74,-2,0,-2,-2,0,Alloy Coil β,Carbalite Ore,3,Dragonite Ore,6.0,Dragonvein Crystal,3.0,Machalite Ore,5.0,Alloy Coil β,Poison Resistance,1.0,None,None
227,208,Alloy Greaves β,5,legs,both,1,0,0,36,58,74,-2,0,-2,-2,0,Alloy Greaves β,Carbalite Ore,2,Dragonite Ore,4.0,Lightcrystal,1.0,Machalite Ore,5.0,Alloy Greaves β,Speed Sharpening,1.0,None,None
228,209,King Beetle Vertex α,5,head,male,0,0,0,42,64,80,-1,-1,2,0,2,King Beetle Vertex α,Great Hornfly,1,Carbalite Ore,2.0,Monster Broth,2.0,Inferno Sac,3.0,King Beetle Vertex α,Evade Window,2.0,Botanist,1.0
229,210,King Beetle Thorax α,5,chest,male,0,0,0,42,64,80,-1,-1,2,0,2,King Beetle Thorax α,Great Hornfly,1,Dragonvein Crystal,2.0,Hornetaur Carapace,3.0,Toxin Sac,2.0,King Beetle Thorax α,Quick Sheath,2.0,Botanist,1.0
230,211,King Beetle Brachia α,5,arms,male,1,0,0,42,64,80,-1,-1,2,0,2,King Beetle Brachia α,Great Hornfly,1,Dragonvein Crystal,2.0,Monster Broth,2.0,Torrent Sac,2.0,King Beetle Brachia α,Botanist,2.0,Leap of Faith,1.0
231,212,King Beetle Elytra α,5,waist,male,1,0,0,42,64,80,-1,-1,2,0,2,King Beetle Elytra α,Great Hornfly,1,Dragonvein Crystal,2.0,Vespoid Carapace,3.0,Thunder Sac,2.0,King Beetle Elytra α,Honey Hunter,1.0,Quick Sheath,1.0
232,213,King Beetle Crura α,5,legs,male,1,0,0,42,64,80,-1,-1,2,0,2,King Beetle Crura α,Great Hornfly,1,Carbalite Ore,2.0,Monster Broth,2.0,Omniplegia Sac,2.0,King Beetle Crura α,Forager's Luck,1.0,Evade Window,1.0
233,214,King Beetle Vertex β,5,head,male,1,0,0,42,64,80,-1,-1,2,0,2,King Beetle Vertex β,Great Hornfly,1,Carbalite Ore,2.0,Monster Broth,2.0,Inferno Sac,3.0,King Beetle Vertex β,Evade Window,2.0,None,None
234,215,King Beetle Thorax β,5,chest,male,1,0,0,42,64,80,-1,-1,2,0,2,King Beetle Thorax β,Great Hornfly,1,Dragonvein Crystal,2.0,Hornetaur Carapace,3.0,Toxin Sac,2.0,King Beetle Thorax β,Quick Sheath,2.0,None,None
235,216,King Beetle Brachia β,5,arms,male,2,1,0,42,64,80,-1,-1,2,0,2,King Beetle Brachia β,Great Hornfly,1,Dragonvein Crystal,2.0,Monster Broth,2.0,Torrent Sac,2.0,King Beetle Brachia β,Botanist,2.0,None,None
236,217,King Beetle Elytra β,5,waist,male,2,1,0,42,64,80,-1,-1,2,0,2,King Beetle Elytra β,Great Hornfly,1,Dragonvein Crystal,2.0,Vespoid Carapace,3.0,Thunder Sac,2.0,King Beetle Elytra β,Honey Hunter,1.0,None,None
237,218,King Beetle Crura β,5,legs,male,2,1,0,42,64,80,-1,-1,2,0,2,King Beetle Crura β,Great Hornfly,1,Carbalite Ore,2.0,Monster Broth,2.0,Omniplegia Sac,2.0,King Beetle Crura β,Forager's Luck,1.0,None,None
238,229,Vespoid Helm α,5,head,both,0,0,0,38,60,76,-2,1,1,1,2,Vespoid Helm α,Vespoid Carapace,3,Vespoid Innerwing,2.0,Monster Keenbone,2.0,None,None,Vespoid Helm α,Quick Sheath,1.0,Paralysis Attack,1.0
239,230,Vespoid Mail α,5,chest,both,0,0,0,38,60,76,-2,1,1,1,2,Vespoid Mail α,Vespoid Carapace,3,Vespoid Innerwing,2.0,Monster Keenbone,2.0,None,None,Vespoid Mail α,Windproof,2.0,None,None
240,231,Vespoid Vambraces α,5,arms,both,0,0,0,38,60,76,-2,1,1,1,2,Vespoid Vambraces α,Vespoid Carapace,4,Vespoid Innerwing,2.0,Monster Broth,3.0,Omniplegia Sac,2.0,Vespoid Vambraces α,Paralysis Attack,2.0,None,None
241,232,Vespoid Coil α,5,waist,both,0,0,0,38,60,76,-2,1,1,1,2,Vespoid Coil α,Vespoid Carapace,3,Vespoid Innerwing,2.0,Monster Keenbone,2.0,None,None,Vespoid Coil α,Paralysis Resistance,2.0,None,None
242,233,Vespoid Greaves α,5,legs,both,0,0,0,38,60,76,-2,1,1,1,2,Vespoid Greaves α,Vespoid Carapace,4,Vespoid Innerwing,2.0,Monster Broth,3.0,Omniplegia Sac,2.0,Vespoid Greaves α,Honey Hunter,1.0,Paralysis Resistance,1.0
243,234,Vespoid Helm β,5,head,both,1,0,0,38,60,76,-2,1,1,1,2,Vespoid Helm β,Vespoid Carapace,3,Vespoid Innerwing,2.0,Monster Keenbone,2.0,None,None,Vespoid Helm β,Quick Sheath,1.0,None,None
244,235,Vespoid Mail β,5,chest,both,1,0,0,38,60,76,-2,1,1,1,2,Vespoid Mail β,Vespoid Carapace,3,Vespoid Innerwing,2.0,Monster Keenbone,2.0,None,None,Vespoid Mail β,Windproof,1.0,None,None
245,236,Vespoid Vambraces β,5,arms,both,1,0,0,38,60,76,-2,1,1,1,2,Vespoid Vambraces β,Vespoid Carapace,4,Vespoid Innerwing,2.0,Monster Broth,3.0,Omniplegia Sac,2.0,Vespoid Vambraces β,Paralysis Attack,1.0,None,None
246,237,Vespoid Coil β,5,waist,both,1,0,0,38,60,76,-2,1,1,1,2,Vespoid Coil β,Vespoid Carapace,3,Vespoid Innerwing,2.0,Monster Keenbone,2.0,None,None,Vespoid Coil β,Paralysis Resistance,1.0,None,None
247,238,Vespoid Greaves β,5,legs,both,1,0,0,38,60,76,-2,1,1,1,2,Vespoid Greaves β,Vespoid Carapace,4,Vespoid Innerwing,2.0,Monster Broth,3.0,Omniplegia Sac,2.0,Vespoid Greaves β,Honey Hunter,1.0,None,None
248,239,Hornetaur Helm α,5,head,both,0,0,0,38,60,76,-1,-1,0,0,2,Hornetaur Helm α,Hornetaur Carapace,3,Hornetaur Innerwing,2.0,Monster Broth,2.0,None,None,Hornetaur Helm α,Dungmaster,1.0,Dragon Attack,1.0
249,240,Hornetaur Mail α,5,chest,both,0,0,0,38,60,76,-1,-1,0,0,2,Hornetaur Mail α,Hornetaur Carapace,4,Hornetaur Innerwing,2.0,Hornetaur Head,1.0,Lightcrystal,1.0,Hornetaur Mail α,Effluvial Expert,1.0,Hunger Resistance,1.0
250,241,Hornetaur Vambraces α,5,arms,both,0,0,0,38,60,76,-1,-1,0,0,2,Hornetaur Vambraces α,Hornetaur Carapace,3,Hornetaur Innerwing,2.0,Monster Broth,2.0,None,None,Hornetaur Vambraces α,Free Meal,1.0,Hunger Resistance,1.0
251,242,Hornetaur Coil α,5,waist,both,0,0,0,38,60,76,-1,-1,0,0,2,Hornetaur Coil α,Hornetaur Carapace,3,Hornetaur Innerwing,2.0,Monster Broth,2.0,None,None,Hornetaur Coil α,Carving Pro,1.0,Hunger Resistance,1.0
252,243,Hornetaur Greaves α,5,legs,both,0,0,0,38,60,76,-1,-1,0,0,2,Hornetaur Greaves α,Hornetaur Carapace,4,Hornetaur Innerwing,2.0,Hornetaur Head,1.0,Novacrystal,1.0,Hornetaur Greaves α,Handicraft,1.0,Dragon Attack,1.0
253,244,Hornetaur Helm β,5,head,both,1,0,0,38,60,76,-1,-1,0,0,2,Hornetaur Helm β,Hornetaur Carapace,3,Hornetaur Innerwing,2.0,Monster Broth,2.0,None,None,Hornetaur Helm β,Dungmaster,1.0,None,None
254,245,Hornetaur Mail β,5,chest,both,1,0,0,38,60,76,-1,-1,0,0,2,Hornetaur Mail β,Hornetaur Carapace,4,Hornetaur Innerwing,2.0,Hornetaur Head,1.0,Lightcrystal,1.0,Hornetaur Mail β,Effluvial Expert,1.0,None,None
255,246,Hornetaur Vambraces β,5,arms,both,1,0,0,38,60,76,-1,-1,0,0,2,Hornetaur Vambraces β,Hornetaur Carapace,3,Hornetaur Innerwing,2.0,Monster Broth,2.0,None,None,Hornetaur Vambraces β,Free Meal,1.0,None,None
256,247,Hornetaur Coil β,5,waist,both,1,0,0,38,60,76,-1,-1,0,0,2,Hornetaur Coil β,Hornetaur Carapace,3,Hornetaur Innerwing,2.0,Monster Broth,2.0,None,None,Hornetaur Coil β,Carving Pro,1.0,None,None
257,248,Hornetaur Greaves β,5,legs,both,1,0,0,38,60,76,-1,-1,0,0,2,Hornetaur Greaves β,Hornetaur Carapace,4,Hornetaur Innerwing,2.0,Hornetaur Head,1.0,Novacrystal,1.0,Hornetaur Greaves β,Handicraft,1.0,None,None
258,249,Mosswine Mask α,5,head,both,0,0,0,40,62,78,2,2,2,2,2,Mosswine Mask α,Mosswine Hide,3,Anjanath Nosebone+,1.0,Great Girros Hide+,3.0,Novacrystal,1.0,Mosswine Mask α,Mushroomancer,2.0,None,None
259,250,Kestodon Guards α,5,arms,both,0,0,0,40,62,78,4,0,0,0,0,Kestodon Guards α,Kestodon Carapace,6,Kestodon Scalp,3.0,Quality Bone,3.0,None,None,Kestodon Guards α,Affinity Sliding,1.0,Focus,1.0
260,251,Kestodon Guards β,5,arms,both,1,0,0,40,62,78,4,0,0,0,0,Kestodon Guards β,Kestodon Carapace,6,Kestodon Scalp,3.0,Quality Bone,3.0,None,None,Kestodon Guards β,Affinity Sliding,1.0,None,None
261,252,Gajau Boots α,5,legs,both,0,0,0,40,62,78,0,5,0,0,0,Gajau Boots α,Gajau Scale,4,Grand Gajau Whisker,2.0,Carbalite Ore,3.0,None,None,Gajau Boots α,Aquatic/Polar Mobility,2.0,Water Attack,1.0
262,253,Gajau Boots β,5,legs,both,1,0,0,40,62,78,0,5,0,0,0,Gajau Boots β,Gajau Scale,4,Grand Gajau Whisker,2.0,Carbalite Ore,3.0,None,None,Gajau Boots β,Aquatic/Polar Mobility,1.0,Water Attack,1.0
263,254,Shamos Goggles α,5,head,both,0,0,0,40,62,78,2,2,0,-3,0,Shamos Goggles α,Shamos Hide+,3,Shamos Scale+,4.0,Dragonvein Crystal,3.0,None,None,Shamos Goggles α,Detector,1.0,Geologist,1.0
264,255,Shamos Goggles β,5,head,both,1,0,0,40,62,78,2,2,0,-3,0,Shamos Goggles β,Shamos Hide+,3,Shamos Scale+,4.0,Dragonvein Crystal,3.0,None,None,Shamos Goggles β,Detector,1.0,None,None
265,256,Jagras Helm α,5,head,both,0,0,0,40,62,78,-2,2,-1,-1,1,Jagras Helm α,Great Jagras Hide+,4,Great Jagras Mane,2.0,Great Jagras Claw+,4.0,Piercing Claw,2.0,Jagras Helm α,Speed Eating,2.0,None,None
266,257,Jagras Mail α,5,chest,both,0,0,0,40,62,78,-2,2,-1,-1,1,Jagras Mail α,Great Jagras Hide+,2,Great Jagras Claw+,4.0,Great Jagras Scale+,4.0,Jagras Hide+,2.0,Jagras Mail α,Intimidator,2.0,None,None
267,258,Jagras Vambraces α,5,arms,both,0,0,0,40,62,78,-2,2,-1,-1,1,Jagras Vambraces α,Great Jagras Scale+,4,Great Jagras Hide+,2.0,Monster Bone+,3.0,Jagras Hide+,1.0,Jagras Vambraces α,Palico Rally,1.0,Intimidator,1.0
268,259,Jagras Coil α,5,waist,both,0,0,0,40,62,78,-2,2,-1,-1,1,Jagras Coil α,Great Jagras Hide+,3,Great Jagras Mane,3.0,Great Jagras Scale+,4.0,Jagras Scale+,3.0,Jagras Coil α,Fortify,1.0,Speed Eating,1.0
269,260,Jagras Greaves α,5,legs,both,0,0,0,40,62,78,-2,2,-1,-1,1,Jagras Greaves α,Great Jagras Scale+,4,Great Jagras Hide+,2.0,Great Jagras Mane,2.0,Jagras Scale+,1.0,Jagras Greaves α,Speed Crawler,1.0,Free Meal,1.0
270,261,Jagras Helm β,5,head,both,1,0,0,40,62,78,-2,2,-1,-1,1,Jagras Helm β,Great Jagras Hide+,4,Great Jagras Mane,2.0,Great Jagras Claw+,4.0,Piercing Claw,2.0,Jagras Helm β,Speed Eating,1.0,None,None
271,262,Jagras Mail β,5,chest,both,1,0,0,40,62,78,-2,2,-1,-1,1,Jagras Mail β,Great Jagras Hide+,2,Great Jagras Claw+,4.0,Great Jagras Scale+,4.0,Jagras Hide+,2.0,Jagras Mail β,Intimidator,1.0,None,None
272,263,Jagras Vambraces β,5,arms,both,1,0,0,40,62,78,-2,2,-1,-1,1,Jagras Vambraces β,Great Jagras Scale+,4,Great Jagras Hide+,2.0,Monster Bone+,3.0,Jagras Hide+,1.0,Jagras Vambraces β,Palico Rally,1.0,None,None
273,264,Jagras Coil β,5,waist,both,1,0,0,40,62,78,-2,2,-1,-1,1,Jagras Coil β,Great Jagras Hide+,3,Great Jagras Mane,3.0,Great Jagras Scale+,4.0,Jagras Scale+,3.0,Jagras Coil β,Fortify,1.0,None,None
274,265,Jagras Greaves β,5,legs,both,1,0,0,40,62,78,-2,2,-1,-1,1,Jagras Greaves β,Great Jagras Scale+,4,Great Jagras Hide+,2.0,Great Jagras Mane,2.0,Jagras Scale+,1.0,Jagras Greaves β,Speed Crawler,1.0,None,None
275,266,Kulu Headpiece α,5,head,both,0,0,0,40,62,78,0,-3,0,1,0,Kulu Headpiece α,Kulu-Ya-Ku Scale+,4,Kulu-Ya-Ku Hide+,2.0,Kulu-Ya-Ku Plume+,2.0,None,None,Kulu Headpiece α,Fire Resistance,1.0,Weakness Exploit,1.0
276,267,Kulu Mail α,5,chest,both,0,0,0,40,62,78,0,-3,0,1,0,Kulu Mail α,Kulu-Ya-Ku Hide+,4,Kulu-Ya-Ku Plume+,3.0,Kulu-Ya-Ku Beak+,2.0,Bird Wyvern Gem,1.0,Kulu Mail α,Stamina Surge,1.0,Critical Eye,1.0
277,268,Kulu Vambraces α,5,arms,both,0,0,0,40,62,78,0,-3,0,1,0,Kulu Vambraces α,Kulu-Ya-Ku Scale+,4,Kulu-Ya-Ku Hide+,2.0,Carbalite Ore,3.0,None,None,Kulu Vambraces α,Pro Transporter,1.0,Critical Eye,1.0
278,269,Kulu Coil α,5,waist,both,0,0,0,40,62,78,0,-3,0,1,0,Kulu Coil α,Kulu-Ya-Ku Hide+,4,Kulu-Ya-Ku Beak+,2.0,Wingdrake Hide+,3.0,Earth Crystal,2.0,Kulu Coil α,Item Prolonger,2.0,None,None
279,270,Kulu Greaves α,5,legs,both,0,0,0,40,62,78,0,-3,0,1,0,Kulu Greaves α,Kulu-Ya-Ku Hide+,4,Kulu-Ya-Ku Scale+,6.0,Wingdrake Hide+,2.0,Earth Crystal,2.0,Kulu Greaves α,Critical Eye,1.0,Item Prolonger,1.0
280,271,Kulu Headpiece β,5,head,both,1,1,0,40,62,78,0,-3,0,1,0,Kulu Headpiece β,Kulu-Ya-Ku Scale+,4,Kulu-Ya-Ku Hide+,2.0,Kulu-Ya-Ku Plume+,2.0,None,None,Kulu Headpiece β,Fire Resistance,1.0,None,None
281,272,Kulu Mail β,5,chest,both,1,0,0,40,62,78,0,-3,0,1,0,Kulu Mail β,Kulu-Ya-Ku Hide+,4,Kulu-Ya-Ku Plume+,3.0,Kulu-Ya-Ku Beak+,2.0,Bird Wyvern Gem,1.0,Kulu Mail β,Stamina Surge,1.0,None,None
282,273,Kulu Vambraces β,5,arms,both,2,0,0,40,62,78,0,-3,0,1,0,Kulu Vambraces β,Kulu-Ya-Ku Scale+,4,Kulu-Ya-Ku Hide+,2.0,Carbalite Ore,3.0,None,None,Kulu Vambraces β,Pro Transporter,1.0,None,None
283,274,Kulu Coil β,5,waist,both,2,0,0,40,62,78,0,-3,0,1,0,Kulu Coil β,Kulu-Ya-Ku Hide+,4,Kulu-Ya-Ku Beak+,2.0,Wingdrake Hide+,3.0,Earth Crystal,2.0,Kulu Coil β,Item Prolonger,1.0,None,None
284,275,Kulu Greaves β,5,legs,both,1,0,0,40,62,78,0,-3,0,1,0,Kulu Greaves β,Kulu-Ya-Ku Hide+,4,Kulu-Ya-Ku Scale+,6.0,Wingdrake Hide+,2.0,Earth Crystal,2.0,Kulu Greaves β,Critical Eye,1.0,None,None
285,276,Tzitzi Headgear α,5,head,both,0,0,0,40,62,78,0,0,-3,-2,0,Tzitzi Headgear α,Tzitzi-Ya-Ku Scale+,4,Tzitzi-Ya-Ku Hide+,2.0,Tzitzi-Ya-Ku Photophore+,2.0,Coral Crystal,5.0,Tzitzi Headgear α,Blindsider,1.0,Stun Resistance,1.0
286,277,Tzitzi Mail α,5,chest,both,0,0,0,40,62,78,0,0,-3,-2,0,Tzitzi Mail α,Tzitzi-Ya-Ku Hide+,4,Tzitzi-Ya-Ku Claw+,4.0,Tzitzi-Ya-Ku Photophore+,3.0,Bird Wyvern Gem,1.0,Tzitzi Mail α,Constitution,1.0,Water Attack,2.0
287,278,Tzitzi Vambraces α,5,arms,both,0,0,0,40,62,78,0,0,-3,-2,0,Tzitzi Vambraces α,Tzitzi-Ya-Ku Hide+,4,Tzitzi-Ya-Ku Photophore+,2.0,Tzitzi-Ya-Ku Scale+,4.0,Dragonvein Crystal,2.0,Tzitzi Vambraces α,Stun Resistance,2.0,Wide-Range,1.0
288,279,Tzitzi Coil α,5,waist,both,0,0,0,40,62,78,0,0,-3,-2,0,Tzitzi Coil α,Tzitzi-Ya-Ku Hide+,2,Tzitzi-Ya-Ku Claw+,4.0,Dragonvein Crystal,3.0,Lightcrystal,2.0,Tzitzi Coil α,Wide-Range,2.0,Water Attack,1.0
289,280,Tzitzi Greaves α,5,legs,both,0,0,0,40,62,78,0,0,-3,-2,0,Tzitzi Greaves α,Tzitzi-Ya-Ku Scale+,4,Tzitzi-Ya-Ku Hide+,2.0,Tzitzi-Ya-Ku Claw+,2.0,Carbalite Ore,6.0,Tzitzi Greaves α,Sleep Resistance,2.0,None,None
290,281,Tzitzi Headgear β,5,head,both,1,0,0,40,62,78,0,0,-3,-2,0,Tzitzi Headgear β,Tzitzi-Ya-Ku Scale+,4,Tzitzi-Ya-Ku Hide+,2.0,Tzitzi-Ya-Ku Photophore+,2.0,Coral Crystal,5.0,Tzitzi Headgear β,Blindsider,1.0,None,None
291,282,Tzitzi Mail β,5,chest,both,1,1,0,40,62,78,0,0,-3,-2,0,Tzitzi Mail β,Tzitzi-Ya-Ku Hide+,4,Tzitzi-Ya-Ku Claw+,4.0,Tzitzi-Ya-Ku Photophore+,3.0,Bird Wyvern Gem,1.0,Tzitzi Mail β,Constitution,1.0,None,None
292,283,Tzitzi Vambraces β,5,arms,both,1,0,0,40,62,78,0,0,-3,-2,0,Tzitzi Vambraces β,Tzitzi-Ya-Ku Hide+,4,Tzitzi-Ya-Ku Photophore+,2.0,Tzitzi-Ya-Ku Scale+,4.0,Dragonvein Crystal,2.0,Tzitzi Vambraces β,Stun Resistance,2.0,None,None
293,284,Tzitzi Coil β,5,waist,both,2,0,0,40,62,78,0,0,-3,-2,0,Tzitzi Coil β,Tzitzi-Ya-Ku Hide+,2,Tzitzi-Ya-Ku Claw+,4.0,Dragonvein Crystal,3.0,Lightcrystal,2.0,Tzitzi Coil β,Wide-Range,1.0,None,None
294,285,Tzitzi Greaves β,5,legs,both,1,0,0,40,62,78,0,0,-3,-2,0,Tzitzi Greaves β,Tzitzi-Ya-Ku Scale+,4,Tzitzi-Ya-Ku Hide+,2.0,Tzitzi-Ya-Ku Claw+,2.0,Carbalite Ore,6.0,Tzitzi Greaves β,Sleep Resistance,1.0,None,None
295,286,Girros Mask α,5,head,both,0,0,0,40,62,78,0,-3,2,0,1,Girros Mask α,Great Girros Scale+,4,Great Girros Hide+,2.0,Great Girros Hood+,1.0,Girros Scale+,4.0,Girros Mask α,Horn Maestro,1.0,Paralysis Resistance,1.0
296,287,Girros Mail α,5,chest,both,0,0,0,40,62,78,0,-3,2,0,1,Girros Mail α,Great Girros Hide+,4,Great Girros Fang+,4.0,Omniplegia Sac,3.0,Bird Wyvern Gem,1.0,Girros Mail α,Paralysis Resistance,2.0,None,None
297,288,Girros Vambraces α,5,arms,both,0,0,0,40,62,78,0,-3,2,0,1,Girros Vambraces α,Great Girros Scale+,4,Great Girros Hide+,2.0,Girros Fang,2.0,Omniplegia Sac,2.0,Girros Vambraces α,Palico Rally,2.0,None,None
298,289,Girros Coil α,5,waist,both,0,0,0,40,62,78,0,-3,2,0,1,Girros Coil α,Great Girros Hide+,4,Great Girros Tail,2.0,Great Girros Hood+,2.0,Girros Hide+,4.0,Girros Coil α,Effluvial Expert,1.0,Paralysis Attack,1.0
299,290,Girros Greaves α,5,legs,both,0,0,0,40,62,78,0,-3,2,0,1,Girros Greaves α,Great Girros Hide+,2,Great Girros Fang+,4.0,Great Girros Scale+,4.0,Warped Bone,5.0,Girros Greaves α,Paralysis Attack,2.0,None,None
300,291,Girros Mask β,5,head,both,1,0,0,40,62,78,0,-3,2,0,1,Girros Mask β,Great Girros Scale+,4,Great Girros Hide+,2.0,Great Girros Hood+,1.0,Girros Scale+,4.0,Girros Mask β,Horn Maestro,1.0,None,None
301,292,Girros Mail β,5,chest,both,1,0,0,40,62,78,0,-3,2,0,1,Girros Mail β,Great Girros Hide+,4,Great Girros Fang+,4.0,Omniplegia Sac,3.0,Bird Wyvern Gem,1.0,Girros Mail β,Paralysis Resistance,1.0,None,None
302,293,Girros Vambraces β,5,arms,both,1,0,0,40,62,78,0,-3,2,0,1,Girros Vambraces β,Great Girros Scale+,4,Great Girros Hide+,2.0,Girros Fang,2.0,Omniplegia Sac,2.0,Girros Vambraces β,Palico Rally,1.0,None,None
303,294,Girros Coil β,5,waist,both,1,0,0,40,62,78,0,-3,2,0,1,Girros Coil β,Great Girros Hide+,4,Great Girros Tail,2.0,Great Girros Hood+,2.0,Girros Hide+,4.0,Girros Coil β,Effluvial Expert,1.0,None,None
304,295,Girros Greaves β,5,legs,both,1,0,0,40,62,78,0,-3,2,0,1,Girros Greaves β,Great Girros Hide+,2,Great Girros Fang+,4.0,Great Girros Scale+,4.0,Warped Bone,5.0,Girros Greaves β,Paralysis Attack,1.0,None,None
305,296,Pukei Hood α,5,head,both,0,0,0,42,64,80,0,3,-3,0,1,Pukei Hood α,Pukei-Pukei Carapace,2,Pukei-Pukei Tail,2.0,Pukei-Pukei Wing,3.0,Toxin Sac,2.0,Pukei Hood α,Survival Expert,2.0,None,None
306,297,Pukei Mail α,5,chest,both,0,0,0,42,64,80,0,3,-3,0,1,Pukei Mail α,Pukei-Pukei Scale+,4,Pukei-Pukei Carapace,3.0,Carbalite Ore,3.0,None,None,Pukei Mail α,Item Prolonger,1.0,Botanist,1.0
307,298,Pukei Vambraces α,5,arms,both,0,0,0,42,64,80,0,3,-3,0,1,Pukei Vambraces α,Pukei-Pukei Scale+,4,Pukei-Pukei Carapace,3.0,Toxin Sac,1.0,None,None,Pukei Vambraces α,Poison Resistance,2.0,Poison Attack,1.0
308,299,Pukei Coil α,5,waist,both,0,0,0,42,64,80,0,3,-3,0,1,Pukei Coil α,Pukei-Pukei Carapace,4,Pukei-Pukei Wing,2.0,Pukei-Pukei Sac+,2.0,Bird Wyvern Gem,1.0,Pukei Coil α,Poison Attack,2.0,None,None
309,300,Pukei Greaves α,5,legs,both,0,0,0,42,64,80,0,3,-3,0,1,Pukei Greaves α,Pukei-Pukei Carapace,2,Pukei-Pukei Sac+,2.0,Pukei-Pukei Scale+,4.0,Monster Keenbone,2.0,Pukei Greaves α,Botanist,2.0,Survival Expert,1.0
310,301,Pukei Hood β,5,head,both,1,1,0,42,64,80,0,3,-3,0,1,Pukei Hood β,Pukei-Pukei Carapace,2,Pukei-Pukei Tail,2.0,Pukei-Pukei Wing,3.0,Toxin Sac,2.0,Pukei Hood β,Survival Expert,1.0,None,None
311,302,Pukei Mail β,5,chest,both,1,0,0,42,64,80,0,3,-3,0,1,Pukei Mail β,Pukei-Pukei Scale+,4,Pukei-Pukei Carapace,3.0,Carbalite Ore,3.0,None,None,Pukei Mail β,Item Prolonger,1.0,None,None
312,303,Pukei Vambraces β,5,arms,both,1,1,0,42,64,80,0,3,-3,0,1,Pukei Vambraces β,Pukei-Pukei Scale+,4,Pukei-Pukei Carapace,3.0,Toxin Sac,1.0,None,None,Pukei Vambraces β,Poison Resistance,1.0,None,None
313,304,Pukei Coil β,5,waist,both,1,0,0,42,64,80,0,3,-3,0,1,Pukei Coil β,Pukei-Pukei Carapace,4,Pukei-Pukei Wing,2.0,Pukei-Pukei Sac+,2.0,Bird Wyvern Gem,1.0,Pukei Coil β,Poison Attack,1.0,None,None
314,305,Pukei Greaves β,5,legs,both,2,0,0,42,64,80,0,3,-3,0,1,Pukei Greaves β,Pukei-Pukei Carapace,2,Pukei-Pukei Sac+,2.0,Pukei-Pukei Scale+,4.0,Monster Keenbone,2.0,Pukei Greaves β,Botanist,1.0,None,None
315,306,Barroth Helm α,5,head,both,0,0,0,42,64,80,-3,-1,3,-1,0,Barroth Helm α,Barroth Ridge+,3,Barroth Tail,2.0,Barroth Claw+,3.0,Kestodon Carapace,4.0,Barroth Helm α,Guard,2.0,None,None
316,307,Barroth Mail α,5,chest,both,0,0,0,42,64,80,-3,-1,3,-1,0,Barroth Mail α,Barroth Carapace,4,Barroth Ridge+,2.0,Barroth Claw+,2.0,Quality Bone,5.0,Barroth Mail α,Stamina Thief,2.0,None,None
317,308,Barroth Vambraces α,5,arms,both,0,0,0,42,64,80,-3,-1,3,-1,0,Barroth Vambraces α,Barroth Ridge+,4,Barroth Scalp,2.0,Kestodon Carapace,3.0,Wyvern Gem,1.0,Barroth Vambraces α,Marathon Runner,1.0,Stamina Thief,1.0
318,309,Barroth Coil α,5,waist,both,0,0,0,42,64,80,-3,-1,3,-1,0,Barroth Coil α,Barroth Carapace,4,Barroth Ridge+,3.0,Monster Bone+,4.0,None,None,Barroth Coil α,Muck Resistance,1.0,Guard,1.0
319,310,Barroth Greaves α,5,legs,both,0,0,0,42,64,80,-3,-1,3,-1,0,Barroth Greaves α,Barroth Ridge+,2,Barroth Carapace,4.0,Fertile Mud,4.0,Monster Keenbone,4.0,Barroth Greaves α,Stun Resistance,2.0,Marathon Runner,1.0
320,311,Barroth Helm β,5,head,both,1,0,0,42,64,80,-3,-1,3,-1,0,Barroth Helm β,Barroth Ridge+,3,Barroth Tail,2.0,Barroth Claw+,3.0,Kestodon Carapace,4.0,Barroth Helm β,Guard,1.0,None,None
321,312,Barroth Mail β,5,chest,both,1,0,0,42,64,80,-3,-1,3,-1,0,Barroth Mail β,Barroth Carapace,4,Barroth Ridge+,2.0,Barroth Claw+,2.0,Quality Bone,5.0,Barroth Mail β,Stamina Thief,1.0,None,None
322,313,Barroth Vambraces β,5,arms,both,1,0,0,42,64,80,-3,-1,3,-1,0,Barroth Vambraces β,Barroth Ridge+,4,Barroth Scalp,2.0,Kestodon Carapace,3.0,Wyvern Gem,1.0,Barroth Vambraces β,Marathon Runner,1.0,None,None
323,314,Barroth Coil β,5,waist,both,2,0,0,42,64,80,-3,-1,3,-1,0,Barroth Coil β,Barroth Carapace,4,Barroth Ridge+,3.0,Monster Bone+,4.0,None,None,Barroth Coil β,Muck Resistance,1.0,None,None
324,315,Barroth Greaves β,5,legs,both,1,1,0,42,64,80,-3,-1,3,-1,0,Barroth Greaves β,Barroth Ridge+,2,Barroth Carapace,4.0,Fertile Mud,4.0,Monster Keenbone,4.0,Barroth Greaves β,Stun Resistance,1.0,None,None
325,316,Anja Helm α,5,head,both,0,0,0,44,66,82,3,-3,-1,-1,0,Anja Helm α,Anjanath Pelt+,4,Anjanath Scale+,4.0,Anjanath Tail,2.0,Inferno Sac,3.0,Anja Helm α,Fire Attack,2.0,Fire Resistance,1.0
326,317,Anja Mail α,5,chest,both,0,0,0,44,66,82,3,-3,-1,-1,0,Anja Mail α,Anjanath Pelt+,6,Anjanath Fang+,4.0,Anjanath Nosebone+,2.0,Anjanath Gem,1.0,Anja Mail α,Marathon Runner,1.0,Special Ammo Boost,1.0
327,318,Anja Vambraces α,5,arms,both,0,0,0,44,66,82,3,-3,-1,-1,0,Anja Vambraces α,Anjanath Pelt+,4,Anjanath Scale+,4.0,Anjanath Nosebone+,1.0,Monster Keenbone,4.0,Anja Vambraces α,Special Ammo Boost,1.0,Fire Attack,1.0
328,319,Anja Coil α,5,waist,both,0,0,0,44,66,82,3,-3,-1,-1,0,Anja Coil α,Anjanath Scale+,4,Anjanath Pelt+,3.0,Anjanath Fang+,3.0,Piercing Claw,4.0,Anja Coil α,Fire Resistance,2.0,Artillery,1.0
329,320,Anja Greaves α,5,legs,both,0,0,0,44,66,82,3,-3,-1,-1,0,Anja Greaves α,Anjanath Scale+,4,Anjanath Pelt+,3.0,Inferno Sac,2.0,Carbalite Ore,5.0,Anja Greaves α,Artillery,2.0,None,None
330,321,Anja Helm β,5,head,both,2,0,0,44,66,82,3,-3,-1,-1,0,Anja Helm β,Anjanath Pelt+,4,Anjanath Scale+,4.0,Anjanath Tail,2.0,Inferno Sac,3.0,Anja Helm β,Fire Attack,2.0,None,None
331,322,Anja Mail β,5,chest,both,1,1,0,44,66,82,3,-3,-1,-1,0,Anja Mail β,Anjanath Pelt+,6,Anjanath Fang+,4.0,Anjanath Nosebone+,2.0,Anjanath Gem,1.0,Anja Mail β,Marathon Runner,1.0,None,None
332,323,Anja Vambraces β,5,arms,both,1,0,0,44,66,82,3,-3,-1,-1,0,Anja Vambraces β,Anjanath Pelt+,4,Anjanath Scale+,4.0,Anjanath Nosebone+,1.0,Monster Keenbone,4.0,Anja Vambraces β,Special Ammo Boost,1.0,None,None
333,324,Anja Coil β,5,waist,both,2,0,0,44,66,82,3,-3,-1,-1,0,Anja Coil β,Anjanath Scale+,4,Anjanath Pelt+,3.0,Anjanath Fang+,3.0,Piercing Claw,4.0,Anja Coil β,Fire Resistance,2.0,None,None
334,325,Anja Greaves β,5,legs,both,1,0,0,44,66,82,3,-3,-1,-1,0,Anja Greaves β,Anjanath Scale+,4,Anjanath Pelt+,3.0,Inferno Sac,2.0,Carbalite Ore,5.0,Anja Greaves β,Artillery,1.0,None,None
335,326,Jyura Helm α,5,head,both,0,0,0,44,66,82,-1,2,-3,0,0,Jyura Helm α,Jyuratodus Scale+,4,Jyuratodus Carapace,2.0,Jyuratodus Fin+,2.0,Gajau Scale,6.0,Jyura Helm α,Aquatic/Polar Mobility,2.0,None,None
336,327,Jyura Mail α,5,chest,both,0,0,0,44,66,82,-1,2,-3,0,0,Jyura Mail α,Jyuratodus Scale+,4,Jyuratodus Fin+,3.0,Jyuratodus Fang+,2.0,Torrent Sac,2.0,Jyura Mail α,Muck Resistance,1.0,Water Attack,1.0
337,328,Jyura Vambraces α,5,arms,both,0,0,0,44,66,82,-1,2,-3,0,0,Jyura Vambraces α,Jyuratodus Carapace,4,Jyuratodus Fang+,3.0,Grand Gajau Whisker,2.0,Monster Keenbone,3.0,Jyura Vambraces α,Water Attack,2.0,Aquatic/Polar Mobility,1.0
338,329,Jyura Coil α,5,waist,both,0,0,0,44,66,82,-1,2,-3,0,0,Jyura Coil α,Jyuratodus Scale+,4,Jyuratodus Carapace,2.0,Torrent Sac,2.0,None,None,Jyura Coil α,Ice Resistance,2.0,None,None
339,330,Jyura Greaves α,5,legs,both,0,0,0,44,66,82,-1,2,-3,0,0,Jyura Greaves α,Jyuratodus Carapace,4,Jyuratodus Fang+,2.0,Jyuratodus Fin+,2.0,Wyvern Gem,1.0,Jyura Greaves α,Focus,2.0,None,None
340,331,Jyura Helm β,5,head,both,1,0,0,44,66,82,-1,2,-3,0,0,Jyura Helm β,Jyuratodus Scale+,4,Jyuratodus Carapace,2.0,Jyuratodus Fin+,2.0,Gajau Scale,6.0,Jyura Helm β,Aquatic/Polar Mobility,1.0,None,None
341,332,Jyura Mail β,5,chest,both,1,0,0,44,66,82,-1,2,-3,0,0,Jyura Mail β,Jyuratodus Scale+,4,Jyuratodus Fin+,3.0,Jyuratodus Fang+,2.0,Torrent Sac,2.0,Jyura Mail β,Muck Resistance,1.0,None,None
342,333,Jyura Vambraces β,5,arms,both,1,0,0,44,66,82,-1,2,-3,0,0,Jyura Vambraces β,Jyuratodus Carapace,4,Jyuratodus Fang+,3.0,Grand Gajau Whisker,2.0,Monster Keenbone,3.0,Jyura Vambraces β,Water Attack,2.0,None,None
343,334,Jyura Coil β,5,waist,both,1,0,0,44,66,82,-1,2,-3,0,0,Jyura Coil β,Jyuratodus Scale+,4,Jyuratodus Carapace,2.0,Torrent Sac,2.0,None,None,Jyura Coil β,Ice Resistance,1.0,None,None
344,335,Jyura Greaves β,5,legs,both,2,0,0,44,66,82,-1,2,-3,0,0,Jyura Greaves β,Jyuratodus Carapace,4,Jyuratodus Fang+,2.0,Jyuratodus Fin+,2.0,Wyvern Gem,1.0,Jyura Greaves β,Focus,1.0,None,None
345,336,Kadachi Helm α,5,head,both,0,0,0,44,66,82,0,-3,3,0,0,Kadachi Helm α,Tobi-Kadachi Pelt+,4,Tobi-Kadachi Electrode+,4.0,Tobi-Kadachi Claw+,4.0,Wyvern Gem,1.0,Kadachi Helm α,Constitution,2.0,None,None
346,337,Kadachi Mail α,5,chest,both,0,0,0,44,66,82,0,-3,3,0,0,Kadachi Mail α,Tobi-Kadachi Pelt+,3,Tobi-Kadachi Electrode+,2.0,Tobi-Kadachi Membrane,4.0,Thunder Sac,2.0,Kadachi Mail α,Jump Master,1.0,Evade Extender,1.0
347,338,Kadachi Vambraces α,5,arms,both,0,0,0,44,66,82,0,-3,3,0,0,Kadachi Vambraces α,Tobi-Kadachi Pelt+,4,Tobi-Kadachi Claw+,4.0,Tobi-Kadachi Scale+,2.0,Monster Keenbone,4.0,Kadachi Vambraces α,Evade Extender,2.0,None,None
348,339,Kadachi Coil α,5,waist,both,0,0,0,44,66,82,0,-3,3,0,0,Kadachi Coil α,Tobi-Kadachi Scale+,4,Tobi-Kadachi Pelt+,3.0,Thunder Sac,1.0,Wingdrake Hide+,3.0,Kadachi Coil α,Thunder Attack,2.0,Thunder Resistance,1.0
349,340,Kadachi Greaves α,5,legs,both,0,0,0,44,66,82,0,-3,3,0,0,Kadachi Greaves α,Tobi-Kadachi Scale+,4,Tobi-Kadachi Membrane,2.0,Thunder Sac,1.0,High-quality Pelt,3.0,Kadachi Greaves α,Thunder Resistance,2.0,Constitution,1.0
350,341,Kadachi Helm β,5,head,both,2,0,0,44,66,82,0,-3,3,0,0,Kadachi Helm β,Tobi-Kadachi Pelt+,4,Tobi-Kadachi Electrode+,4.0,Tobi-Kadachi Claw+,4.0,Wyvern Gem,1.0,Kadachi Helm β,Constitution,1.0,None,None
351,342,Kadachi Mail β,5,chest,both,2,0,0,44,66,82,0,-3,3,0,0,Kadachi Mail β,Tobi-Kadachi Pelt+,3,Tobi-Kadachi Electrode+,2.0,Tobi-Kadachi Membrane,4.0,Thunder Sac,2.0,Kadachi Mail β,Jump Master,1.0,None,None
352,343,Kadachi Vambraces β,5,arms,both,2,0,0,44,66,82,0,-3,3,0,0,Kadachi Vambraces β,Tobi-Kadachi Pelt+,4,Tobi-Kadachi Claw+,4.0,Tobi-Kadachi Scale+,2.0,Monster Keenbone,4.0,Kadachi Vambraces β,Evade Extender,1.0,None,None
353,344,Kadachi Coil β,5,waist,both,1,1,0,44,66,82,0,-3,3,0,0,Kadachi Coil β,Tobi-Kadachi Scale+,4,Tobi-Kadachi Pelt+,3.0,Thunder Sac,1.0,Wingdrake Hide+,3.0,Kadachi Coil β,Thunder Attack,1.0,None,None
354,345,Kadachi Greaves β,5,legs,both,1,1,0,44,66,82,0,-3,3,0,0,Kadachi Greaves β,Tobi-Kadachi Scale+,4,Tobi-Kadachi Membrane,2.0,Thunder Sac,1.0,High-quality Pelt,3.0,Kadachi Greaves β,Thunder Resistance,1.0,None,None
355,346,Lumu Hat α,5,head,both,0,0,0,44,66,82,-3,2,0,1,0,Lumu Hat α,Paolumu Scale+,4,Paolumu Wing,2.0,Paolumu Pelt+,2.0,Lightcrystal,2.0,Lumu Hat α,Stamina Surge,2.0,None,None
356,347,Lumu Mail α,5,chest,both,0,0,0,44,66,82,-3,2,0,1,0,Lumu Mail α,Paolumu Scale+,2,Paolumu Carapace+,3.0,Paolumu Pelt+,2.0,Monster Keenbone,4.0,Lumu Mail α,Master Mounter,1.0,Artillery,1.0
357,348,Lumu Vambraces α,5,arms,both,0,0,0,44,66,82,-3,2,0,1,0,Lumu Vambraces α,Paolumu Pelt+,4,Paolumu Scale+,2.0,Paolumu Wing,2.0,Quality Bone,5.0,Lumu Vambraces α,Artillery,2.0,None,None
358,349,Lumu Coil α,5,waist,both,0,0,0,44,66,82,-3,2,0,1,0,Lumu Coil α,Paolumu Pelt+,4,Paolumu Scale+,2.0,Paolumu Carapace+,3.0,Coral Bone,5.0,Lumu Coil α,Divine Blessing,2.0,None,None
359,350,Lumu Greaves α,5,legs,both,0,0,0,44,66,82,-3,2,0,1,0,Lumu Greaves α,Paolumu Scale+,4,Paolumu Pelt+,2.0,Paolumu Wing,4.0,Wyvern Gem,1.0,Lumu Greaves α,Windproof,1.0,Stamina Surge,1.0
360,351,Lumu Hat β,5,head,both,2,0,0,44,66,82,-3,2,0,1,0,Lumu Hat β,Paolumu Scale+,4,Paolumu Wing,2.0,Paolumu Pelt+,2.0,Lightcrystal,2.0,Lumu Hat β,Stamina Surge,1.0,None,None
361,352,Lumu Mail β,5,chest,both,1,0,0,44,66,82,-3,2,0,1,0,Lumu Mail β,Paolumu Scale+,2,Paolumu Carapace+,3.0,Paolumu Pelt+,2.0,Monster Keenbone,4.0,Lumu Mail β,Master Mounter,1.0,None,None
362,353,Lumu Vambraces β,5,arms,both,1,0,0,44,66,82,-3,2,0,1,0,Lumu Vambraces β,Paolumu Pelt+,4,Paolumu Scale+,2.0,Paolumu Wing,2.0,Quality Bone,5.0,Lumu Vambraces β,Artillery,1.0,None,None
363,354,Lumu Coil β,5,waist,both,1,0,0,44,66,82,-3,2,0,1,0,Lumu Coil β,Paolumu Pelt+,4,Paolumu Scale+,2.0,Paolumu Carapace+,3.0,Coral Bone,5.0,Lumu Coil β,Divine Blessing,1.0,None,None
364,355,Lumu Greaves β,5,legs,both,1,1,0,44,66,82,-3,2,0,1,0,Lumu Greaves β,Paolumu Scale+,4,Paolumu Pelt+,2.0,Paolumu Wing,4.0,Wyvern Gem,1.0,Lumu Greaves β,Windproof,1.0,None,None
365,356,Rathian Helm α,5,head,both,0,0,0,46,68,84,2,0,-2,0,-3,Rathian Helm α,Rathian Carapace,4,Rathian Scale+,4.0,Rathian Webbing,2.0,Inferno Sac,3.0,Rathian Helm α,Health Boost,2.0,Poison Attack,1.0
366,357,Rathian Mail α,5,chest,both,0,0,0,46,68,84,2,0,-2,0,-3,Rathian Mail α,Rathian Scale+,4,Rathian Carapace,2.0,Rathian Webbing,2.0,Quality Bone,6.0,Rathian Mail α,Botanist,2.0,Recovery Up,1.0
367,358,Rathian Vambraces α,5,arms,both,0,0,0,46,68,84,2,0,-2,0,-3,Rathian Vambraces α,Rathian Carapace,4,Rathian Scale+,4.0,Rathian Spike+,2.0,Monster Keenbone,4.0,Rathian Vambraces α,Poison Attack,2.0,None,None
368,359,Rathian Coil α,5,waist,both,0,0,0,46,68,84,2,0,-2,0,-3,Rathian Coil α,Rathian Scale+,4,Rathian Carapace,2.0,Inferno Sac,2.0,Monster Broth,2.0,Rathian Coil α,Poison Resistance,2.0,Health Boost,1.0
369,360,Rathian Greaves α,5,legs,both,0,0,0,46,68,84,2,0,-2,0,-3,Rathian Greaves α,Rathian Carapace,6,Rathian Spike+,3.0,Rath Wingtalon,4.0,Rathian Ruby,1.0,Rathian Greaves α,Recovery Up,2.0,None,None
370,361,Rathian Helm β,5,head,both,1,0,0,46,68,84,2,0,-2,0,-3,Rathian Helm β,Rathian Carapace,4,Rathian Scale+,4.0,Rathian Webbing,2.0,Inferno Sac,3.0,Rathian Helm β,Health Boost,1.0,Poison Attack,1.0
371,362,Rathian Mail β,5,chest,both,1,0,0,46,68,84,2,0,-2,0,-3,Rathian Mail β,Rathian Scale+,4,Rathian Carapace,2.0,Rathian Webbing,2.0,Quality Bone,6.0,Rathian Mail β,Botanist,1.0,Recovery Up,1.0
372,363,Rathian Vambraces β,5,arms,both,1,0,0,46,68,84,2,0,-2,0,-3,Rathian Vambraces β,Rathian Carapace,4,Rathian Scale+,4.0,Rathian Spike+,2.0,Monster Keenbone,4.0,Rathian Vambraces β,Poison Attack,1.0,None,None
373,364,Rathian Coil β,5,waist,both,1,0,0,46,68,84,2,0,-2,0,-3,Rathian Coil β,Rathian Scale+,4,Rathian Carapace,2.0,Inferno Sac,2.0,Monster Broth,2.0,Rathian Coil β,Poison Resistance,1.0,Health Boost,1.0
374,365,Rathian Greaves β,5,legs,both,1,0,0,46,68,84,2,0,-2,0,-3,Rathian Greaves β,Rathian Carapace,6,Rathian Spike+,3.0,Rath Wingtalon,4.0,Rathian Ruby,1.0,Rathian Greaves β,Recovery Up,1.0,None,None
375,366,Rath Heart Helm α,6,head,both,0,0,0,52,72,84,3,0,-3,0,-4,Rath Heart Helm α,Pink Rathian Scale+,4,Pink Rathian Carapace,2.0,Monster Hardbone,3.0,Shamos Scale+,4.0,Rath Heart Helm α,Evade Extender,1.0,Poison Attack,1.0
376,367,Rath Heart Mail α,6,chest,both,0,0,0,52,72,84,3,0,-3,0,-4,Rath Heart Mail α,Pink Rathian Carapace,4,Pink Rathian Scale+,3.0,Rathian Spike+,2.0,Novacrystal,1.0,Rath Heart Mail α,Tool Specialist,2.0,None,None
377,368,Rath Heart Braces α,6,arms,both,0,0,0,52,72,84,3,0,-3,0,-4,Rath Heart Braces α,Pink Rathian Carapace,6,Pink Rathian Scale+,2.0,Rathian Spike+,3.0,Rathian Ruby,1.0,Rath Heart Braces α,Windproof,2.0,None,None
378,369,Rath Heart Coil α,6,waist,both,0,0,0,52,72,84,3,0,-3,0,-4,Rath Heart Coil α,Pink Rathian Carapace,4,Pink Rathian Scale+,3.0,Monster Hardbone,4.0,Rathian Plate,1.0,Rath Heart Coil α,Handicraft,1.0,Poison Resistance,1.0
379,370,Rath Heart Greaves α,6,legs,both,0,0,0,52,72,84,3,0,-3,0,-4,Rath Heart Greaves α,Pink Rathian Scale+,4,Pink Rathian Carapace,2.0,Monster Hardbone,3.0,Shamos Hide+,3.0,Rath Heart Greaves α,Tool Specialist,1.0,Windproof,1.0
380,371,Rath Heart Helm β,6,head,both,2,0,0,52,72,84,3,0,-3,0,-4,Rath Heart Helm β,Pink Rathian Scale+,4,Pink Rathian Carapace,2.0,Monster Hardbone,3.0,Shamos Scale+,4.0,Rath Heart Helm β,Evade Extender,1.0,None,None
381,372,Rath Heart Mail β,6,chest,both,1,1,0,52,72,84,3,0,-3,0,-4,Rath Heart Mail β,Pink Rathian Carapace,4,Pink Rathian Scale+,3.0,Rathian Spike+,2.0,Novacrystal,1.0,Rath Heart Mail β,Tool Specialist,1.0,None,None
382,373,Rath Heart Braces β,6,arms,both,2,0,0,52,72,84,3,0,-3,0,-4,Rath Heart Braces β,Pink Rathian Carapace,6,Pink Rathian Scale+,2.0,Rathian Spike+,3.0,Rathian Ruby,1.0,Rath Heart Braces β,Windproof,1.0,None,None
383,374,Rath Heart Coil β,6,waist,both,1,0,0,52,72,84,3,0,-3,0,-4,Rath Heart Coil β,Pink Rathian Carapace,4,Pink Rathian Scale+,3.0,Monster Hardbone,4.0,Rathian Plate,1.0,Rath Heart Coil β,Handicraft,1.0,None,None
384,375,Rath Heart Greaves β,6,legs,both,2,0,0,52,72,84,3,0,-3,0,-4,Rath Heart Greaves β,Pink Rathian Scale+,4,Pink Rathian Carapace,2.0,Monster Hardbone,3.0,Shamos Hide+,3.0,Rath Heart Greaves β,Tool Specialist,1.0,None,None
385,376,Baan Helm α,6,head,both,0,0,0,46,66,78,0,2,0,-1,-2,Baan Helm α,Radobaan Carapace,6,Radobaan Scale+,4.0,Radobaan Medulla,1.0,Wyvern Gem,1.0,Baan Helm α,Tremor Resistance,2.0,None,None
386,377,Baan Mail α,6,chest,both,0,0,0,46,66,78,0,2,0,-1,-2,Baan Mail α,Radobaan Scale+,4,Radobaan Carapace,3.0,Coma Sac,2.0,Quality Bone,6.0,Baan Mail α,Sleep Attack,1.0,Bleeding Resistance,1.0
387,378,Baan Vambraces α,6,arms,both,0,0,0,46,66,78,0,2,0,-1,-2,Baan Vambraces α,Radobaan Scale+,4,Radobaan Carapace,3.0,Radobaan Oilshell,2.0,Sturdy Bone,8.0,Baan Vambraces α,Sleep Attack,2.0,Guard,1.0
388,379,Baan Coil α,6,waist,both,0,0,0,46,66,78,0,2,0,-1,-2,Baan Coil α,Radobaan Scale+,4,Radobaan Carapace,3.0,Coma Sac,3.0,Wyvern Bonemass,5.0,Baan Coil α,Guard,2.0,None,None
389,380,Baan Greaves α,6,legs,both,0,0,0,46,66,78,0,2,0,-1,-2,Baan Greaves α,Radobaan Carapace,4,Radobaan Scale+,4.0,Radobaan Oilshell,2.0,Wyvern Bonemass,5.0,Baan Greaves α,Bleeding Resistance,2.0,None,None
390,381,Baan Helm β,6,head,both,2,0,0,46,66,78,0,2,0,-1,-2,Baan Helm β,Radobaan Carapace,6,Radobaan Scale+,4.0,Radobaan Medulla,1.0,Wyvern Gem,1.0,Baan Helm β,Tremor Resistance,1.0,None,None
391,382,Baan Mail β,6,chest,both,1,0,0,46,66,78,0,2,0,-1,-2,Baan Mail β,Radobaan Scale+,4,Radobaan Carapace,3.0,Coma Sac,2.0,Quality Bone,6.0,Baan Mail β,Sleep Attack,1.0,None,None
392,383,Baan Vambraces β,6,arms,both,1,0,0,46,66,78,0,2,0,-1,-2,Baan Vambraces β,Radobaan Scale+,4,Radobaan Carapace,3.0,Radobaan Oilshell,2.0,Sturdy Bone,8.0,Baan Vambraces β,Sleep Attack,1.0,Guard,1.0
393,384,Baan Coil β,6,waist,both,2,0,0,46,66,78,0,2,0,-1,-2,Baan Coil β,Radobaan Scale+,4,Radobaan Carapace,3.0,Coma Sac,3.0,Wyvern Bonemass,5.0,Baan Coil β,Guard,1.0,None,None
394,385,Baan Greaves β,6,legs,both,1,0,0,46,66,78,0,2,0,-1,-2,Baan Greaves β,Radobaan Carapace,4,Radobaan Scale+,4.0,Radobaan Oilshell,2.0,Wyvern Bonemass,5.0,Baan Greaves β,Bleeding Resistance,1.0,None,None
395,386,Gastodon Horn α,5,head,both,0,0,0,48,70,86,3,0,0,0,0,Gastodon Horn α,Gastodon Horn,3,Gastodon Carapace,4.0,Kestodon Carapace,3.0,Dragonite Ore,5.0,Gastodon Horn α,Flinch Free,1.0,Blast Resistance,1.0
396,387,Gastodon Horn β,5,head,both,1,0,0,48,70,86,3,0,0,0,0,Gastodon Horn β,Gastodon Horn,3,Gastodon Carapace,4.0,Kestodon Carapace,3.0,Dragonite Ore,5.0,Gastodon Horn β,Flinch Free,1.0,None,None
397,388,Barnos Jacket α,5,chest,both,0,0,0,48,70,86,1,1,0,1,-2,Barnos Jacket α,Barnos Hide+,4,Barnos Talon,2.0,Piercing Claw,3.0,Dragonvein Crystal,3.0,Barnos Jacket α,Heat Guard,1.0,Iron Skin,1.0
398,389,Barnos Jacket β,5,chest,both,1,0,0,48,70,86,1,1,0,1,-2,Barnos Jacket β,Barnos Hide+,4,Barnos Talon,2.0,Piercing Claw,3.0,Dragonvein Crystal,3.0,Barnos Jacket β,Heat Guard,1.0,None,None
399,390,Dodogama Helm α,5,head,both,0,0,0,48,70,86,2,0,-3,0,2,Dodogama Helm α,Dodogama Scale+,4,Dodogama Hide+,2.0,Dodogama Jaw,1.0,Gastodon Horn,3.0,Dodogama Helm α,Blast Resistance,2.0,None,None
400,391,Dodogama Mail α,5,chest,both,0,0,0,48,70,86,2,0,-3,0,2,Dodogama Mail α,Dodogama Hide+,4,Dodogama Tail,1.0,Dodogama Jaw,3.0,Firecell Stone,1.0,Dodogama Mail α,Blast Attack,2.0,None,None
401,392,Dodogama Vambraces α,5,arms,both,0,0,0,48,70,86,2,0,-3,0,2,Dodogama Vambraces α,Dodogama Hide+,4,Dodogama Talon,4.0,Dodogama Scale+,4.0,Fucium Ore,6.0,Dodogama Vambraces α,Bombardier,2.0,None,None
402,393,Dodogama Coil α,5,waist,both,0,0,0,48,70,86,2,0,-3,0,2,Dodogama Coil α,Dodogama Scale+,4,Dodogama Hide+,2.0,Dodogama Jaw,1.0,Gastodon Carapace,5.0,Dodogama Coil α,Artillery,2.0,Blast Resistance,1.0
403,394,Dodogama Greaves α,5,legs,both,0,0,0,48,70,86,2,0,-3,0,2,Dodogama Greaves α,Dodogama Hide+,6,Dodogama Tail,2.0,Dodogama Talon,4.0,Wyvern Gem,1.0,Dodogama Greaves α,Capacity Boost,1.0,Blast Attack,1.0
404,395,Dodogama Helm β,5,head,both,1,0,0,48,70,86,2,0,-3,0,2,Dodogama Helm β,Dodogama Scale+,4,Dodogama Hide+,2.0,Dodogama Jaw,1.0,Gastodon Horn,3.0,Dodogama Helm β,Blast Resistance,1.0,None,None
405,396,Dodogama Mail β,5,chest,both,1,0,0,48,70,86,2,0,-3,0,2,Dodogama Mail β,Dodogama Hide+,4,Dodogama Tail,1.0,Dodogama Jaw,3.0,Firecell Stone,1.0,Dodogama Mail β,Blast Attack,1.0,None,None
406,397,Dodogama Vambraces β,5,arms,both,1,0,0,48,70,86,2,0,-3,0,2,Dodogama Vambraces β,Dodogama Hide+,4,Dodogama Talon,4.0,Dodogama Scale+,4.0,Fucium Ore,6.0,Dodogama Vambraces β,Bombardier,1.0,None,None
407,398,Dodogama Coil β,5,waist,both,1,0,0,48,70,86,2,0,-3,0,2,Dodogama Coil β,Dodogama Scale+,4,Dodogama Hide+,2.0,Dodogama Jaw,1.0,Gastodon Carapace,5.0,Dodogama Coil β,Artillery,2.0,None,None
408,399,Dodogama Greaves β,5,legs,both,1,0,0,48,70,86,2,0,-3,0,2,Dodogama Greaves β,Dodogama Hide+,6,Dodogama Tail,2.0,Dodogama Talon,4.0,Wyvern Gem,1.0,Dodogama Greaves β,Capacity Boost,1.0,None,None
409,400,Zorah Headgear α,6,head,both,0,0,0,44,64,76,4,-3,-1,-2,-3,Zorah Headgear α,Zorah Magdaros Heat Scale,3,Zorah Magdaros Ridge,2.0,Zorah Magdaros Carapace,6.0,Dragonite Ore,8.0,Zorah Headgear α,Handicraft,1.0,Blast Attack,1.0
410,401,Zorah Hide α,6,chest,both,0,0,0,44,64,76,4,-3,-1,-2,-3,Zorah Hide α,Zorah Magdaros Carapace,6,Zorah Magdaros Heat Scale,1.0,Zorah Magdaros Ridge,2.0,Zorah Magdaros Pleura,1.0,Zorah Hide α,Blast Attack,2.0,Windproof,1.0
411,402,Zorah Claws α,6,arms,both,0,0,0,44,64,76,4,-3,-1,-2,-3,Zorah Claws α,Zorah Magdaros Heat Scale,3,Zorah Magdaros Pleura,3.0,Zorah Magdaros Magma,2.0,Dragonite Ore,8.0,Zorah Claws α,Free Elem/Ammo Up,1.0,Bombardier,1.0
412,403,Zorah Spine α,6,waist,both,0,0,0,44,64,76,4,-3,-1,-2,-3,Zorah Spine α,Zorah Magdaros Carapace,8,Zorah Magdaros Heat Scale,1.0,Zorah Magdaros Ridge,3.0,Zorah Magdaros Magma,2.0,Zorah Spine α,Fortify,1.0,Tremor Resistance,1.0
413,404,Zorah Spurs α,6,legs,both,0,0,0,44,64,76,4,-3,-1,-2,-3,Zorah Spurs α,Zorah Magdaros Ridge,3,Zorah Magdaros Carapace,3.0,Zorah Magdaros Magma,3.0,Zorah Magdaros Gem,1.0,Zorah Spurs α,Bombardier,2.0,Earplugs,1.0
414,405,Zorah Headgear β,6,head,both,1,0,0,44,64,76,4,-3,-1,-2,-3,Zorah Headgear β,Zorah Magdaros Heat Scale,3,Zorah Magdaros Ridge,2.0,Zorah Magdaros Carapace,6.0,Dragonite Ore,8.0,Zorah Headgear β,Handicraft,1.0,None,None
415,406,Zorah Hide β,6,chest,both,2,0,0,44,64,76,4,-3,-1,-2,-3,Zorah Hide β,Zorah Magdaros Carapace,6,Zorah Magdaros Heat Scale,1.0,Zorah Magdaros Ridge,2.0,Zorah Magdaros Pleura,1.0,Zorah Hide β,Blast Attack,2.0,None,None
416,407,Zorah Claws β,6,arms,both,1,0,0,44,64,76,4,-3,-1,-2,-3,Zorah Claws β,Zorah Magdaros Heat Scale,3,Zorah Magdaros Pleura,3.0,Zorah Magdaros Magma,2.0,Dragonite Ore,8.0,Zorah Claws β,Free Elem/Ammo Up,1.0,None,None
417,408,Zorah Spine β,6,waist,both,2,0,0,44,64,76,4,-3,-1,-2,-3,Zorah Spine β,Zorah Magdaros Carapace,8,Zorah Magdaros Heat Scale,1.0,Zorah Magdaros Ridge,3.0,Zorah Magdaros Magma,2.0,Zorah Spine β,Fortify,1.0,None,None
418,409,Zorah Spurs β,6,legs,both,2,0,0,44,64,76,4,-3,-1,-2,-3,Zorah Spurs β,Zorah Magdaros Ridge,3,Zorah Magdaros Carapace,3.0,Zorah Magdaros Magma,3.0,Zorah Magdaros Gem,1.0,Zorah Spurs β,Bombardier,2.0,None,None
419,410,High Metal Helm α,6,head,both,0,0,0,50,70,82,0,-1,-2,3,0,High Metal Helm α,Fucium Ore,3,Carbalite Ore,4.0,Dragonvein Crystal,2.0,Barnos Hide+,3.0,High Metal Helm α,Ice Resistance,2.0,Earplugs,1.0
420,411,High Metal Mail α,6,chest,both,0,0,0,50,70,82,0,-1,-2,3,0,High Metal Mail α,Fucium Ore,4,Carbalite Ore,3.0,Dragonvein Crystal,4.0,Barnos Talon,3.0,High Metal Mail α,Earplugs,2.0,Ice Attack,1.0
421,412,High Metal Braces α,6,arms,both,0,0,0,50,70,82,0,-1,-2,3,0,High Metal Braces α,Fucium Ore,4,Carbalite Ore,3.0,Dragonvein Crystal,4.0,Barnos Hide+,4.0,High Metal Braces α,Defense Boost,2.0,Ice Attack,1.0
422,413,High Metal Coil α,6,waist,both,0,0,0,50,70,82,0,-1,-2,3,0,High Metal Coil α,Fucium Ore,3,Carbalite Ore,4.0,Dragonvein Crystal,2.0,Barnos Talon,2.0,High Metal Coil α,Capacity Boost,1.0,Defense Boost,1.0
423,414,High Metal Greaves α,6,legs,both,0,0,0,50,70,82,0,-1,-2,3,0,High Metal Greaves α,Fucium Ore,3,Carbalite Ore,4.0,Dragonvein Crystal,2.0,Barnos Hide+,3.0,High Metal Greaves α,Heavy Artillery,1.0,Ice Resistance,1.0
424,415,High Metal Helm β,6,head,both,2,0,0,50,70,82,0,-1,-2,3,0,High Metal Helm β,Fucium Ore,3,Carbalite Ore,4.0,Dragonvein Crystal,2.0,Barnos Hide+,3.0,High Metal Helm β,Ice Resistance,2.0,None,None
425,416,High Metal Mail β,6,chest,both,2,0,0,50,70,82,0,-1,-2,3,0,High Metal Mail β,Fucium Ore,4,Carbalite Ore,3.0,Dragonvein Crystal,4.0,Barnos Talon,3.0,High Metal Mail β,Earplugs,1.0,Ice Attack,1.0
426,417,High Metal Braces β,6,arms,both,1,0,0,50,70,82,0,-1,-2,3,0,High Metal Braces β,Fucium Ore,4,Carbalite Ore,3.0,Dragonvein Crystal,4.0,Barnos Hide+,4.0,High Metal Braces β,Defense Boost,2.0,None,None
427,418,High Metal Coil β,6,waist,both,1,0,0,50,70,82,0,-1,-2,3,0,High Metal Coil β,Fucium Ore,3,Carbalite Ore,4.0,Dragonvein Crystal,2.0,Barnos Talon,2.0,High Metal Coil β,Capacity Boost,1.0,None,None
428,419,High Metal Greaves β,6,legs,both,1,0,0,50,70,82,0,-1,-2,3,0,High Metal Greaves β,Fucium Ore,3,Carbalite Ore,4.0,Dragonvein Crystal,2.0,Barnos Hide+,3.0,High Metal Greaves β,Heavy Artillery,1.0,None,None
429,420,Ingot Helm α,6,head,both,0,0,0,50,70,82,-2,0,3,-1,0,Ingot Helm α,Fucium Ore,1,Monster Hardbone,2.0,Dragonite Ore,4.0,Gastodon Horn,2.0,Ingot Helm α,Thunder Attack,2.0,None,None
430,421,Ingot Mail α,6,chest,both,0,0,0,50,70,82,-2,0,3,-1,0,Ingot Mail α,Fucium Ore,1,Monster Hardbone,2.0,Dragonite Ore,4.0,Gastodon Carapace,2.0,Ingot Mail α,Thunder Resistance,2.0,None,None
431,422,Ingot Vambraces α,6,arms,both,0,0,0,50,70,82,-2,0,3,-1,0,Ingot Vambraces α,Fucium Ore,1,Monster Hardbone,3.0,Dragonite Ore,4.0,Gastodon Horn,2.0,Ingot Vambraces α,Health Boost,2.0,Thunder Attack,1.0
432,423,Ingot Coil α,6,waist,both,0,0,0,50,70,82,-2,0,3,-1,0,Ingot Coil α,Fucium Ore,1,Monster Hardbone,3.0,Dragonite Ore,4.0,Gastodon Carapace,3.0,Ingot Coil α,Windproof,2.0,None,None
433,424,Ingot Greaves α,6,legs,both,0,0,0,50,70,82,-2,0,3,-1,0,Ingot Greaves α,Fucium Ore,1,Monster Hardbone,2.0,Dragonite Ore,4.0,Gastodon Carapace,2.0,Ingot Greaves α,Defense Boost,2.0,Windproof,1.0
434,425,Ingot Helm β,6,head,both,1,0,0,50,70,82,-2,0,3,-1,0,Ingot Helm β,Fucium Ore,1,Monster Hardbone,2.0,Dragonite Ore,4.0,Gastodon Horn,2.0,Ingot Helm β,Thunder Attack,1.0,None,None
435,426,Ingot Mail β,6,chest,both,1,0,0,50,70,82,-2,0,3,-1,0,Ingot Mail β,Fucium Ore,1,Monster Hardbone,2.0,Dragonite Ore,4.0,Gastodon Carapace,2.0,Ingot Mail β,Thunder Resistance,1.0,None,None
436,427,Ingot Vambraces β,6,arms,both,1,0,0,50,70,82,-2,0,3,-1,0,Ingot Vambraces β,Fucium Ore,1,Monster Hardbone,3.0,Dragonite Ore,4.0,Gastodon Horn,2.0,Ingot Vambraces β,Health Boost,2.0,None,None
437,428,Ingot Coil β,6,waist,both,3,0,0,50,70,82,-2,0,3,-1,0,Ingot Coil β,Fucium Ore,1,Monster Hardbone,3.0,Dragonite Ore,4.0,Gastodon Carapace,3.0,Ingot Coil β,Windproof,1.0,None,None
438,429,Ingot Greaves β,6,legs,both,2,0,0,50,70,82,-2,0,3,-1,0,Ingot Greaves β,Fucium Ore,1,Monster Hardbone,2.0,Dragonite Ore,4.0,Gastodon Carapace,2.0,Ingot Greaves β,Defense Boost,2.0,None,None
439,430,Brigade Lobos α,6,head,both,0,0,0,52,72,84,1,0,2,0,2,Brigade Lobos α,Hunter King Coin,2,Tzitzi Coin,4.0,Gama Coin,3.0,Monster Hardbone,2.0,Brigade Lobos α,Recovery Speed,2.0,Horn Maestro,1.0
440,431,Brigade Suit α,6,chest,both,2,0,0,52,72,84,1,0,2,0,2,Brigade Suit α,Hunter King Coin,3,Tzitzi Coin,4.0,Rathalos Coin,3.0,Monster Hardbone,2.0,Brigade Suit α,Divine Blessing,2.0,None,None
441,432,Brigade Vambraces α,6,arms,both,0,0,0,52,72,84,1,0,2,0,2,Brigade Vambraces α,Hunter King Coin,2,Barroth Coin,4.0,Rathalos Coin,3.0,Monster Hardbone,2.0,Brigade Vambraces α,Heavy Artillery,2.0,Divine Blessing,1.0
442,433,Brigade Coil α,6,waist,both,0,0,0,52,72,84,1,0,2,0,2,Brigade Coil α,Hunter King Coin,2,Barroth Coin,4.0,Gama Coin,3.0,Monster Hardbone,2.0,Brigade Coil α,Geologist,2.0,Recovery Speed,1.0
443,434,Brigade Boots α,6,legs,both,1,0,0,52,72,84,1,0,2,0,2,Brigade Boots α,Hunter King Coin,3,Gama Coin,3.0,Rathalos Coin,3.0,Monster Hardbone,2.0,Brigade Boots α,Scholar,1.0,Geologist,1.0
444,435,Brigade Lobos β,6,head,both,1,0,0,52,72,84,1,0,2,0,2,Brigade Lobos β,Hunter King Coin,2,Tzitzi Coin,4.0,Gama Coin,3.0,Monster Hardbone,2.0,Brigade Lobos β,Recovery Speed,2.0,None,None
445,436,Brigade Suit β,6,chest,both,2,2,0,52,72,84,1,0,2,0,2,Brigade Suit β,Hunter King Coin,3,Tzitzi Coin,4.0,Rathalos Coin,3.0,Monster Hardbone,2.0,Brigade Suit β,Divine Blessing,1.0,None,None
446,437,Brigade Vambraces β,6,arms,both,1,0,0,52,72,84,1,0,2,0,2,Brigade Vambraces β,Hunter King Coin,2,Barroth Coin,4.0,Rathalos Coin,3.0,Monster Hardbone,2.0,Brigade Vambraces β,Heavy Artillery,2.0,None,None
447,438,Brigade Coil β,6,waist,both,1,0,0,52,72,84,1,0,2,0,2,Brigade Coil β,Hunter King Coin,2,Barroth Coin,4.0,Gama Coin,3.0,Monster Hardbone,2.0,Brigade Coil β,Geologist,2.0,None,None
448,439,Brigade Boots β,6,legs,both,3,0,0,52,72,84,1,0,2,0,2,Brigade Boots β,Hunter King Coin,3,Gama Coin,3.0,Rathalos Coin,3.0,Monster Hardbone,2.0,Brigade Boots β,Scholar,1.0,None,None
449,440,Faux Felyne α,6,head,both,0,0,0,56,76,88,2,2,2,2,2,Faux Felyne α,Tailraider Voucher,3,Paolumu Pelt+,3.0,High-quality Pelt,3.0,Firecell Stone,1.0,Faux Felyne α,Palico Rally,3.0,None,None
450,441,Strategist Spectacles α,6,head,both,1,0,0,56,76,88,2,2,2,2,2,Strategist Spectacles α,Firecell Stone,2,Novacrystal,2.0,Fucium Ore,6.0,None,None,Strategist Spectacles α,Critical Eye,2.0,None,None
451,442,Lavasioth Helm α,6,head,both,0,0,0,56,76,88,3,-3,1,-2,2,Lavasioth Helm α,Lavasioth Scale+,4,Lavasioth Carapace,2.0,Lavasioth Fin+,2.0,Monster Hardbone,6.0,Lavasioth Helm α,Fire Attack,2.0,Quick Sheath,1.0
452,443,Lavasioth Mail α,6,chest,both,0,0,0,56,76,88,3,-3,1,-2,2,Lavasioth Mail α,Lavasioth Carapace,4,Lavasioth Fin+,2.0,Lavasioth Scale+,6.0,Fucium Ore,5.0,Lavasioth Mail α,Fire Attack,2.0,Heat Guard,1.0
453,444,Lavasioth Vambraces α,6,arms,both,2,0,0,56,76,88,3,-3,1,-2,2,Lavasioth Vambraces α,Lavasioth Carapace,4,Lavasioth Fang+,4.0,Lavasioth Scale+,6.0,Gajau Scale,6.0,Lavasioth Vambraces α,Affinity Sliding,1.0,Wide-Range,1.0
454,445,Lavasioth Coil α,6,waist,both,0,0,0,56,76,88,3,-3,1,-2,2,Lavasioth Coil α,Lavasioth Scale+,4,Lavasioth Carapace,2.0,Lavasioth Fang+,2.0,Grand Gajau Whisker,4.0,Lavasioth Coil α,Quick Sheath,2.0,Recovery Up,1.0
455,446,Lavasioth Greaves α,6,legs,both,1,0,0,56,76,88,3,-3,1,-2,2,Lavasioth Greaves α,Lavasioth Carapace,6,Lavasioth Fang+,2.0,Lavasioth Fin+,4.0,Firecell Stone,1.0,Lavasioth Greaves α,Spread/Power Shots,1.0,Fire Attack,1.0
456,447,Lavasioth Helm β,6,head,both,1,1,0,56,76,88,3,-3,1,-2,2,Lavasioth Helm β,Lavasioth Scale+,4,Lavasioth Carapace,2.0,Lavasioth Fin+,2.0,Monster Hardbone,6.0,Lavasioth Helm β,Fire Attack,1.0,Quick Sheath,1.0
457,448,Lavasioth Mail β,6,chest,both,1,1,0,56,76,88,3,-3,1,-2,2,Lavasioth Mail β,Lavasioth Carapace,4,Lavasioth Fin+,2.0,Lavasioth Scale+,6.0,Fucium Ore,5.0,Lavasioth Mail β,Fire Attack,2.0,None,None
458,449,Lavasioth Vambraces β,6,arms,both,3,0,0,56,76,88,3,-3,1,-2,2,Lavasioth Vambraces β,Lavasioth Carapace,4,Lavasioth Fang+,4.0,Lavasioth Scale+,6.0,Gajau Scale,6.0,Lavasioth Vambraces β,Affinity Sliding,1.0,None,None
459,450,Lavasioth Coil β,6,waist,both,1,0,0,56,76,88,3,-3,1,-2,2,Lavasioth Coil β,Lavasioth Scale+,4,Lavasioth Carapace,2.0,Lavasioth Fang+,2.0,Grand Gajau Whisker,4.0,Lavasioth Coil β,Quick Sheath,2.0,None,None
460,451,Lavasioth Greaves β,6,legs,both,2,0,0,56,76,88,3,-3,1,-2,2,Lavasioth Greaves β,Lavasioth Carapace,6,Lavasioth Fang+,2.0,Lavasioth Fin+,4.0,Firecell Stone,1.0,Lavasioth Greaves β,Spread/Power Shots,1.0,None,None
461,452,Legiana Helm α,6,head,both,0,0,0,54,74,86,-1,2,-3,3,0,Legiana Helm α,Legiana Scale+,4,Legiana Hide+,2.0,Freezer Sac,2.0,Tzitzi-Ya-Ku Scale+,2.0,Legiana Helm α,Divine Blessing,2.0,Ice Attack,1.0
462,453,Legiana Mail α,6,chest,both,0,0,0,54,74,86,-1,2,-3,3,0,Legiana Mail α,Legiana Hide+,6,Legiana Claw+,3.0,Legiana Wing,3.0,Legiana Gem,1.0,Legiana Mail α,Evade Window,2.0,Divine Blessing,1.0
463,454,Legiana Vambraces α,6,arms,both,0,0,0,54,74,86,-1,2,-3,3,0,Legiana Vambraces α,Legiana Hide+,4,Legiana Scale+,4.0,Legiana Tail Webbing,3.0,Novacrystal,1.0,Legiana Vambraces α,Airborne,1.0,Evade Window,1.0
464,455,Legiana Coil α,6,waist,both,0,0,0,54,74,86,-1,2,-3,3,0,Legiana Coil α,Legiana Hide+,4,Legiana Scale+,4.0,Freezer Sac,2.0,Legiana Plate,1.0,Legiana Coil α,Ice Attack,2.0,Windproof,1.0
465,456,Legiana Greaves α,6,legs,both,0,0,0,54,74,86,-1,2,-3,3,0,Legiana Greaves α,Legiana Scale+,4,Legiana Hide+,2.0,Legiana Wing,2.0,Tzitzi-Ya-Ku Hide+,2.0,Legiana Greaves α,Ice Resistance,2.0,Critical Draw,1.0
466,457,Legiana Helm β,6,head,both,1,0,0,54,74,86,-1,2,-3,3,0,Legiana Helm β,Legiana Scale+,4,Legiana Hide+,2.0,Freezer Sac,2.0,Tzitzi-Ya-Ku Scale+,2.0,Legiana Helm β,Divine Blessing,2.0,None,None
467,458,Legiana Mail β,6,chest,both,1,0,0,54,74,86,-1,2,-3,3,0,Legiana Mail β,Legiana Hide+,6,Legiana Claw+,3.0,Legiana Wing,3.0,Legiana Gem,1.0,Legiana Mail β,Evade Window,2.0,None,None
468,459,Legiana Vambraces β,6,arms,both,3,0,0,54,74,86,-1,2,-3,3,0,Legiana Vambraces β,Legiana Hide+,4,Legiana Scale+,4.0,Legiana Tail Webbing,3.0,Novacrystal,1.0,Legiana Vambraces β,Airborne,1.0,None,None
469,460,Legiana Coil β,6,waist,both,2,0,0,54,74,86,-1,2,-3,3,0,Legiana Coil β,Legiana Hide+,4,Legiana Scale+,4.0,Freezer Sac,2.0,Legiana Plate,1.0,Legiana Coil β,Ice Attack,2.0,None,None
470,461,Legiana Greaves β,6,legs,both,3,0,0,54,74,86,-1,2,-3,3,0,Legiana Greaves β,Legiana Scale+,4,Legiana Hide+,2.0,Legiana Wing,2.0,Tzitzi-Ya-Ku Hide+,2.0,Legiana Greaves β,Ice Resistance,2.0,None,None
471,462,Odogaron Helm α,6,head,both,0,0,0,54,74,86,2,2,-2,-3,0,Odogaron Helm α,Odogaron Scale+,4,Odogaron Sinew+,2.0,Odogaron Claw+,2.0,Warped Bone,3.0,Odogaron Helm α,Bleeding Resistance,2.0,Critical Eye,1.0
472,463,Odogaron Mail α,6,chest,both,0,0,0,54,74,86,2,2,-2,-3,0,Odogaron Mail α,Odogaron Sinew+,4,Odogaron Scale+,4.0,Odogaron Plate,1.0,Hornetaur Carapace,5.0,Odogaron Mail α,Speed Sharpening,2.0,Bleeding Resistance,1.0
473,464,Odogaron Vambraces α,6,arms,both,0,0,0,54,74,86,2,2,-2,-3,0,Odogaron Vambraces α,Odogaron Sinew+,4,Odogaron Scale+,4.0,Odogaron Tail,2.0,Hornetaur Innerwing,4.0,Odogaron Vambraces α,Constitution,1.0,Critical Eye,1.0
474,465,Odogaron Coil α,6,waist,both,0,0,0,54,74,86,2,2,-2,-3,0,Odogaron Coil α,Odogaron Sinew+,6,Odogaron Claw+,4.0,Odogaron Fang+,2.0,Odogaron Gem,1.0,Odogaron Coil α,Critical Eye,2.0,Speed Sharpening,1.0
475,466,Odogaron Greaves α,6,legs,both,0,0,0,54,74,86,2,2,-2,-3,0,Odogaron Greaves α,Odogaron Scale+,4,Odogaron Sinew+,2.0,Odogaron Fang+,2.0,Monster Hardbone,6.0,Odogaron Greaves α,Quick Sheath,1.0,Critical Eye,1.0
476,467,Odogaron Helm β,6,head,both,2,0,0,54,74,86,2,2,-2,-3,0,Odogaron Helm β,Odogaron Scale+,4,Odogaron Sinew+,2.0,Odogaron Claw+,2.0,Warped Bone,3.0,Odogaron Helm β,Bleeding Resistance,2.0,None,None
477,468,Odogaron Mail β,6,chest,both,1,0,0,54,74,86,2,2,-2,-3,0,Odogaron Mail β,Odogaron Sinew+,4,Odogaron Scale+,4.0,Odogaron Plate,1.0,Hornetaur Carapace,5.0,Odogaron Mail β,Speed Sharpening,2.0,None,None
478,469,Odogaron Vambraces β,6,arms,both,1,0,0,54,74,86,2,2,-2,-3,0,Odogaron Vambraces β,Odogaron Sinew+,4,Odogaron Scale+,4.0,Odogaron Tail,2.0,Hornetaur Innerwing,4.0,Odogaron Vambraces β,Constitution,1.0,None,None
479,470,Odogaron Coil β,6,waist,both,2,0,0,54,74,86,2,2,-2,-3,0,Odogaron Coil β,Odogaron Sinew+,6,Odogaron Claw+,4.0,Odogaron Fang+,2.0,Odogaron Gem,1.0,Odogaron Coil β,Critical Eye,2.0,None,None
480,471,Odogaron Greaves β,6,legs,both,1,0,0,54,74,86,2,2,-2,-3,0,Odogaron Greaves β,Odogaron Scale+,4,Odogaron Sinew+,2.0,Odogaron Fang+,2.0,Monster Hardbone,6.0,Odogaron Greaves β,Quick Sheath,1.0,None,None
481,472,Rathalos Helm α,6,head,both,0,0,0,54,74,86,3,1,-2,1,-3,Rathalos Helm α,Rathalos Scale+,4,Rathalos Carapace,4.0,Inferno Sac,2.0,Rathalos Medulla,1.0,Rathalos Helm α,Attack Boost,2.0,Fire Attack,1.0
482,473,Rathalos Mail α,6,chest,both,0,0,0,54,74,86,3,1,-2,1,-3,Rathalos Mail α,Rathalos Scale+,4,Rathalos Carapace,6.0,Rathalos Wing,3.0,Rathalos Ruby,1.0,Rathalos Mail α,Weakness Exploit,2.0,Fire Attack,1.0
483,474,Rathalos Vambraces α,6,arms,both,0,0,0,54,74,86,3,1,-2,1,-3,Rathalos Vambraces α,Rathalos Carapace,6,Rathalos Wing,2.0,Inferno Sac,2.0,Rath Wingtalon,6.0,Rathalos Vambraces α,Fire Resistance,2.0,Attack Boost,1.0
484,475,Rathalos Coil α,6,waist,both,0,0,0,54,74,86,3,1,-2,1,-3,Rathalos Coil α,Rathalos Scale+,4,Rathalos Carapace,4.0,Rathalos Wing,2.0,Rathalos Tail,2.0,Rathalos Coil α,Fire Attack,2.0,Focus,1.0
485,476,Rathalos Greaves α,6,legs,both,0,0,0,54,74,86,3,1,-2,1,-3,Rathalos Greaves α,Rathalos Carapace,6,Rathalos Scale+,4.0,Inferno Sac,2.0,Rathalos Plate,1.0,Rathalos Greaves α,Jump Master,1.0,Weakness Exploit,1.0
486,477,Rathalos Helm β,6,head,both,1,0,0,54,74,86,3,1,-2,1,-3,Rathalos Helm β,Rathalos Scale+,4,Rathalos Carapace,4.0,Inferno Sac,2.0,Rathalos Medulla,1.0,Rathalos Helm β,Attack Boost,2.0,None,None
487,478,Rathalos Mail β,6,chest,both,1,0,0,54,74,86,3,1,-2,1,-3,Rathalos Mail β,Rathalos Scale+,4,Rathalos Carapace,6.0,Rathalos Wing,3.0,Rathalos Ruby,1.0,Rathalos Mail β,Weakness Exploit,2.0,None,None
488,479,Rathalos Vambraces β,6,arms,both,1,0,0,54,74,86,3,1,-2,1,-3,Rathalos Vambraces β,Rathalos Carapace,6,Rathalos Wing,2.0,Inferno Sac,2.0,Rath Wingtalon,6.0,Rathalos Vambraces β,Fire Resistance,2.0,None,None
489,480,Rathalos Coil β,6,waist,both,2,0,0,54,74,86,3,1,-2,1,-3,Rathalos Coil β,Rathalos Scale+,4,Rathalos Carapace,4.0,Rathalos Wing,2.0,Rathalos Tail,2.0,Rathalos Coil β,Fire Attack,2.0,None,None
490,481,Rathalos Greaves β,6,legs,both,3,0,0,54,74,86,3,1,-2,1,-3,Rathalos Greaves β,Rathalos Carapace,6,Rathalos Scale+,4.0,Inferno Sac,2.0,Rathalos Plate,1.0,Rathalos Greaves β,Jump Master,1.0,None,None
491,482,Rath Soul Helm α,7,head,both,0,0,0,56,68,82,3,2,2,-3,-4,Rath Soul Helm α,Azure Rathalos Scale+,4,Azure Rathalos Carapace,4.0,Azure Rathalos Wing,3.0,Rathalos Ruby,1.0,Rath Soul Helm α,Critical Boost,1.0,Intimidator,2.0
492,483,Rath Soul Mail α,7,chest,both,1,0,0,56,68,82,3,2,2,-3,-4,Rath Soul Mail α,Azure Rathalos Scale+,4,Azure Rathalos Carapace,6.0,Azure Rathalos Wing,2.0,Barnos Hide+,6.0,Rath Soul Mail α,Free Elem/Ammo Up,1.0,Intimidator,1.0
493,484,Rath Soul Braces α,7,arms,both,1,0,0,56,68,82,3,2,2,-3,-4,Rath Soul Braces α,Azure Rathalos Carapace,6,Azure Rathalos Wing,2.0,Azure Rathalos Tail,1.0,Barnos Talon,4.0,Rath Soul Braces α,Focus,1.0,Windproof,1.0
494,485,Rath Soul Coil α,7,waist,both,0,0,0,56,68,82,3,2,2,-3,-4,Rath Soul Coil α,Azure Rathalos Scale+,4,Azure Rathalos Carapace,4.0,Rathalos Medulla,1.0,Monster Hardbone,6.0,Rath Soul Coil α,Windproof,2.0,Piercing Shots,1.0
495,486,Rath Soul Greaves α,7,legs,both,0,0,0,56,68,82,3,2,2,-3,-4,Rath Soul Greaves α,Azure Rathalos Carapace,6,Azure Rathalos Scale+,4.0,Azure Rathalos Tail,2.0,Rathalos Plate,1.0,Rath Soul Greaves α,Focus,1.0,Cliffhanger,1.0
496,487,Rath Soul Helm β,7,head,both,1,1,0,56,68,82,3,2,2,-3,-4,Rath Soul Helm β,Azure Rathalos Scale+,4,Azure Rathalos Carapace,4.0,Azure Rathalos Wing,3.0,Rathalos Ruby,1.0,Rath Soul Helm β,Critical Boost,1.0,None,None
497,488,Rath Soul Mail β,7,chest,both,2,0,0,56,68,82,3,2,2,-3,-4,Rath Soul Mail β,Azure Rathalos Scale+,4,Azure Rathalos Carapace,6.0,Azure Rathalos Wing,2.0,Barnos Hide+,6.0,Rath Soul Mail β,Free Elem/Ammo Up,1.0,None,None
498,489,Rath Soul Braces β,7,arms,both,2,0,0,56,68,82,3,2,2,-3,-4,Rath Soul Braces β,Azure Rathalos Carapace,6,Azure Rathalos Wing,2.0,Azure Rathalos Tail,1.0,Barnos Talon,4.0,Rath Soul Braces β,Focus,1.0,None,None
499,490,Rath Soul Coil β,7,waist,both,3,0,0,56,68,82,3,2,2,-3,-4,Rath Soul Coil β,Azure Rathalos Scale+,4,Azure Rathalos Carapace,4.0,Rathalos Medulla,1.0,Monster Hardbone,6.0,Rath Soul Coil β,Windproof,2.0,None,None
500,491,Rath Soul Greaves β,7,legs,both,1,0,0,56,68,82,3,2,2,-3,-4,Rath Soul Greaves β,Azure Rathalos Carapace,6,Azure Rathalos Scale+,4.0,Azure Rathalos Tail,2.0,Rathalos Plate,1.0,Rath Soul Greaves β,Focus,1.0,None,None
501,492,Diablos Helm α,6,head,both,0,0,0,54,74,86,3,-2,0,-3,2,Diablos Helm α,Diablos Ridge+,4,Diablos Fang,4.0,Majestic Horn,2.0,Wyvern Gem,1.0,Diablos Helm α,Critical Draw,2.0,Heroics,1.0
502,493,Diablos Mail α,6,chest,both,0,0,0,54,74,86,3,-2,0,-3,2,Diablos Mail α,Diablos Carapace,4,Diablos Ridge+,3.0,Majestic Horn,2.0,Lightcrystal,2.0,Diablos Mail α,Slugger,2.0,Heroics,1.0
503,494,Diablos Vambraces α,6,arms,both,0,0,0,54,74,86,3,-2,0,-3,2,Diablos Vambraces α,Diablos Ridge+,4,Diablos Carapace,6.0,Diablos Tailcase,3.0,Kestodon Carapace,5.0,Diablos Vambraces α,Heroics,2.0,Tremor Resistance,1.0
504,495,Diablos Coil α,6,waist,both,0,0,0,54,74,86,3,-2,0,-3,2,Diablos Coil α,Diablos Carapace,4,Diablos Ridge+,3.0,Diablos Fang,2.0,Kestodon Scalp,3.0,Diablos Coil α,Marathon Runner,2.0,Critical Draw,1.0
505,496,Diablos Greaves α,6,legs,both,0,0,0,54,74,86,3,-2,0,-3,2,Diablos Greaves α,Diablos Ridge+,6,Diablos Carapace,4.0,Majestic Horn,1.0,Blos Medulla,1.0,Diablos Greaves α,Tremor Resistance,2.0,Slugger,1.0
506,497,Diablos Helm β,6,head,both,2,0,0,54,74,86,3,-2,0,-3,2,Diablos Helm β,Diablos Ridge+,4,Diablos Fang,4.0,Majestic Horn,2.0,Wyvern Gem,1.0,Diablos Helm β,Critical Draw,2.0,None,None
507,498,Diablos Mail β,6,chest,both,2,0,0,54,74,86,3,-2,0,-3,2,Diablos Mail β,Diablos Carapace,4,Diablos Ridge+,3.0,Majestic Horn,2.0,Lightcrystal,2.0,Diablos Mail β,Slugger,2.0,None,None
508,499,Diablos Vambraces β,6,arms,both,2,0,0,54,74,86,3,-2,0,-3,2,Diablos Vambraces β,Diablos Ridge+,4,Diablos Carapace,6.0,Diablos Tailcase,3.0,Kestodon Carapace,5.0,Diablos Vambraces β,Heroics,2.0,None,None
509,500,Diablos Coil β,6,waist,both,2,0,0,54,74,86,3,-2,0,-3,2,Diablos Coil β,Diablos Carapace,4,Diablos Ridge+,3.0,Diablos Fang,2.0,Kestodon Scalp,3.0,Diablos Coil β,Marathon Runner,2.0,None,None
510,501,Diablos Greaves β,6,legs,both,1,1,0,54,74,86,3,-2,0,-3,2,Diablos Greaves β,Diablos Ridge+,6,Diablos Carapace,4.0,Majestic Horn,1.0,Blos Medulla,1.0,Diablos Greaves β,Tremor Resistance,2.0,None,None
511,502,Diablos Nero Helm α,7,head,both,1,0,0,56,68,82,2,-3,0,-4,2,Diablos Nero Helm α,Black Diablos Ridge+,4,Majestic Horn,2.0,Black Spiral Horn+,1.0,Novacrystal,1.0,Diablos Nero Helm α,Focus,2.0,None,None
512,503,Diablos Nero Mail α,7,chest,both,1,0,0,56,68,82,2,-3,0,-4,2,Diablos Nero Mail α,Black Diablos Carapace,4,Black Diablos Ridge+,3.0,Black Spiral Horn+,1.0,Blos Medulla,2.0,Diablos Nero Mail α,Resentment,2.0,None,None
513,504,Diablos Nero Braces α,7,arms,both,0,0,0,56,68,82,2,-3,0,-4,2,Diablos Nero Braces α,Black Diablos Ridge+,4,Black Diablos Carapace,6.0,Carbalite Ore,5.0,Gastodon Carapace,5.0,Diablos Nero Braces α,Focus,1.0,Marathon Runner,1.0
514,505,Diablos Nero Coil α,7,waist,both,0,0,0,56,68,82,2,-3,0,-4,2,Diablos Nero Coil α,Black Diablos Carapace,4,Black Diablos Ridge+,3.0,Diablos Tailcase,2.0,Gastodon Horn,3.0,Diablos Nero Coil α,Resentment,1.0,Partbreaker,1.0
515,506,Diablos Nero Greaves α,7,legs,both,1,0,0,56,68,82,2,-3,0,-4,2,Diablos Nero Greaves α,Black Diablos Ridge+,6,Black Diablos Carapace,4.0,Black Spiral Horn+,1.0,Wyvern Gem,1.0,Diablos Nero Greaves α,Normal Shots,1.0,Heroics,1.0
516,507,Diablos Nero Helm β,7,head,both,3,0,0,56,68,82,2,-3,0,-4,2,Diablos Nero Helm β,Black Diablos Ridge+,4,Majestic Horn,2.0,Black Spiral Horn+,1.0,Novacrystal,1.0,Diablos Nero Helm β,Focus,1.0,None,None
517,508,Diablos Nero Mail β,7,chest,both,2,1,0,56,68,82,2,-3,0,-4,2,Diablos Nero Mail β,Black Diablos Carapace,4,Black Diablos Ridge+,3.0,Black Spiral Horn+,1.0,Blos Medulla,2.0,Diablos Nero Mail β,Resentment,1.0,None,None
518,509,Diablos Nero Braces β,7,arms,both,2,1,0,56,68,82,2,-3,0,-4,2,Diablos Nero Braces β,Black Diablos Ridge+,4,Black Diablos Carapace,6.0,Carbalite Ore,5.0,Gastodon Carapace,5.0,Diablos Nero Braces β,Focus,1.0,None,None
519,510,Diablos Nero Coil β,7,waist,both,2,0,0,56,68,82,2,-3,0,-4,2,Diablos Nero Coil β,Black Diablos Carapace,4,Black Diablos Ridge+,3.0,Diablos Tailcase,2.0,Gastodon Horn,3.0,Diablos Nero Coil β,Resentment,1.0,None,None
520,511,Diablos Nero Greaves β,7,legs,both,2,0,0,56,68,82,2,-3,0,-4,2,Diablos Nero Greaves β,Black Diablos Ridge+,6,Black Diablos Carapace,4.0,Black Spiral Horn+,1.0,Wyvern Gem,1.0,Diablos Nero Greaves β,Normal Shots,1.0,None,None
521,512,Uragaan Helm α,7,head,both,3,0,0,60,72,86,4,-3,1,-2,-2,Uragaan Helm α,Uragaan Scale+,4,Uragaan Carapace,2.0,Lava Nugget,4.0,Firecell Stone,1.0,Uragaan Helm α,Thunder Resistance,2.0,None,None
522,513,Uragaan Mail α,7,chest,both,1,0,0,60,72,86,4,-3,1,-2,-2,Uragaan Mail α,Uragaan Carapace,6,Uragaan Scute,3.0,Uragaan Jaw,2.0,Uragaan Ruby,1.0,Uragaan Mail α,Partbreaker,2.0,None,None
523,514,Uragaan Vambraces α,7,arms,both,1,0,0,60,72,86,4,-3,1,-2,-2,Uragaan Vambraces α,Uragaan Carapace,4,Uragaan Scale+,4.0,Uragaan Marrow,1.0,Lava Nugget,4.0,Uragaan Vambraces α,Guard,1.0,Defense Boost,1.0
524,515,Uragaan Coil α,7,waist,both,1,1,0,60,72,86,4,-3,1,-2,-2,Uragaan Coil α,Uragaan Scale+,4,Uragaan Carapace,2.0,Fucium Ore,5.0,Monster Hardbone,5.0,Uragaan Coil α,Partbreaker,1.0,Thunder Resistance,1.0
525,516,Uragaan Greaves α,7,legs,both,1,0,0,60,72,86,4,-3,1,-2,-2,Uragaan Greaves α,Uragaan Carapace,4,Uragaan Scale+,4.0,Uragaan Scute,2.0,Gastodon Carapace,5.0,Uragaan Greaves α,Guard,2.0,None,None
526,517,Uragaan Helm β,7,head,both,3,1,0,60,72,86,4,-3,1,-2,-2,Uragaan Helm β,Uragaan Scale+,4,Uragaan Carapace,2.0,Lava Nugget,4.0,Firecell Stone,1.0,Uragaan Helm β,Thunder Resistance,1.0,None,None
527,518,Uragaan Mail β,7,chest,both,3,0,0,60,72,86,4,-3,1,-2,-2,Uragaan Mail β,Uragaan Carapace,6,Uragaan Scute,3.0,Uragaan Jaw,2.0,Uragaan Ruby,1.0,Uragaan Mail β,Partbreaker,1.0,None,None
528,519,Uragaan Vambraces β,7,arms,both,2,0,0,60,72,86,4,-3,1,-2,-2,Uragaan Vambraces β,Uragaan Carapace,4,Uragaan Scale+,4.0,Uragaan Marrow,1.0,Lava Nugget,4.0,Uragaan Vambraces β,Guard,1.0,None,None
529,520,Uragaan Coil β,7,waist,both,2,1,0,60,72,86,4,-3,1,-2,-2,Uragaan Coil β,Uragaan Scale+,4,Uragaan Carapace,2.0,Fucium Ore,5.0,Monster Hardbone,5.0,Uragaan Coil β,Partbreaker,1.0,None,None
530,521,Uragaan Greaves β,7,legs,both,3,0,0,60,72,86,4,-3,1,-2,-2,Uragaan Greaves β,Uragaan Carapace,4,Uragaan Scale+,4.0,Uragaan Scute,2.0,Gastodon Carapace,5.0,Uragaan Greaves β,Guard,1.0,None,None
531,522,Bazel Helm α,7,head,both,2,0,0,58,70,84,3,1,-4,-2,-2,Bazel Helm α,Bazelgeuse Carapace,5,Bazelgeuse Talon,2.0,Bazelgeuse Wing,2.0,Bazelgeuse Gem,1.0,Bazel Helm α,Earplugs,2.0,Blast Attack,1.0
532,523,Bazel Mail α,7,chest,both,0,0,0,58,70,84,3,1,-4,-2,-2,Bazel Mail α,Bazelgeuse Scale+,4,Bazelgeuse Carapace,4.0,Bazelgeuse Fuse,1.0,Uragaan Scute,2.0,Bazel Mail α,Guard,2.0,Blast Resistance,2.0
533,524,Bazel Vambraces α,7,arms,both,0,0,0,58,70,84,3,1,-4,-2,-2,Bazel Vambraces α,Bazelgeuse Carapace,4,Bazelgeuse Talon,2.0,Bazelgeuse Tail,2.0,Firecell Stone,1.0,Bazel Vambraces α,Critical Draw,2.0,Earplugs,1.0
534,525,Bazel Coil α,7,waist,both,1,0,0,58,70,84,3,1,-4,-2,-2,Bazel Coil α,Bazelgeuse Carapace,4,Bazelgeuse Scale+,4.0,Bazelgeuse Fuse,2.0,Uragaan Marrow,1.0,Bazel Coil α,Earplugs,2.0,Jump Master,1.0
535,526,Bazel Greaves α,7,legs,both,1,0,0,58,70,84,3,1,-4,-2,-2,Bazel Greaves α,Bazelgeuse Scale+,4,Bazelgeuse Carapace,4.0,Bazelgeuse Talon,2.0,Dodogama Hide+,4.0,Bazel Greaves α,Bombardier,2.0,Critical Draw,1.0
536,527,Bazel Helm β,7,head,both,3,1,0,58,70,84,3,1,-4,-2,-2,Bazel Helm β,Bazelgeuse Carapace,5,Bazelgeuse Talon,2.0,Bazelgeuse Wing,2.0,Bazelgeuse Gem,1.0,Bazel Helm β,Earplugs,2.0,None,None
537,528,Bazel Mail β,7,chest,both,1,1,0,58,70,84,3,1,-4,-2,-2,Bazel Mail β,Bazelgeuse Scale+,4,Bazelgeuse Carapace,4.0,Bazelgeuse Fuse,1.0,Uragaan Scute,2.0,Bazel Mail β,Guard,2.0,None,None
538,529,Bazel Vambraces β,7,arms,both,3,0,0,58,70,84,3,1,-4,-2,-2,Bazel Vambraces β,Bazelgeuse Carapace,4,Bazelgeuse Talon,2.0,Bazelgeuse Tail,2.0,Firecell Stone,1.0,Bazel Vambraces β,Critical Draw,2.0,None,None
539,530,Bazel Coil β,7,waist,both,3,0,0,58,70,84,3,1,-4,-2,-2,Bazel Coil β,Bazelgeuse Carapace,4,Bazelgeuse Scale+,4.0,Bazelgeuse Fuse,2.0,Uragaan Marrow,1.0,Bazel Coil β,Earplugs,2.0,None,None
540,531,Bazel Greaves β,7,legs,both,3,0,0,58,70,84,3,1,-4,-2,-2,Bazel Greaves β,Bazelgeuse Scale+,4,Bazelgeuse Carapace,4.0,Bazelgeuse Talon,2.0,Dodogama Hide+,4.0,Bazel Greaves β,Bombardier,2.0,None,None
541,532,Damascus Helm α,7,head,both,1,0,0,60,72,86,4,-2,0,0,0,Damascus Helm α,Elder Dragon Blood,2,Fucium Ore,3.0,Great Girros Hood+,3.0,Novacrystal,1.0,Damascus Helm α,Defense Boost,2.0,Speed Sharpening,1.0
542,533,Damascus Mail α,7,chest,both,1,0,0,60,72,86,4,-2,0,0,0,Damascus Mail α,Elder Dragon Blood,2,Fucium Ore,3.0,Uragaan Scute,3.0,Firecell Stone,1.0,Damascus Mail α,Focus,2.0,Defense Boost,2.0
543,534,Damascus Vambraces α,7,arms,both,0,0,0,60,72,86,4,-2,0,0,0,Damascus Vambraces α,Elder Dragon Blood,2,Fucium Ore,3.0,Black Diablos Ridge+,5.0,Novacrystal,1.0,Damascus Vambraces α,Handicraft,1.0,Speed Sharpening,1.0
544,535,Damascus Coil α,7,waist,both,1,0,0,60,72,86,4,-2,0,0,0,Damascus Coil α,Elder Dragon Blood,2,Fucium Ore,3.0,Dodogama Jaw,3.0,Firecell Stone,1.0,Damascus Coil α,Focus,1.0,Iron Skin,2.0
545,536,Damascus Greaves α,7,legs,both,1,0,0,60,72,86,4,-2,0,0,0,Damascus Greaves α,Elder Dragon Blood,2,Fucium Ore,3.0,Lavasioth Carapace,5.0,Novacrystal,1.0,Damascus Greaves α,Defense Boost,2.0,Iron Skin,1.0
546,537,Damascus Helm β,7,head,both,3,0,0,60,72,86,4,-2,0,0,0,Damascus Helm β,Elder Dragon Blood,2,Fucium Ore,3.0,Great Girros Hood+,3.0,Novacrystal,1.0,Damascus Helm β,Defense Boost,2.0,None,None
547,538,Damascus Mail β,7,chest,both,1,1,1,60,72,86,4,-2,0,0,0,Damascus Mail β,Elder Dragon Blood,2,Fucium Ore,3.0,Uragaan Scute,3.0,Firecell Stone,1.0,Damascus Mail β,Focus,2.0,None,None
548,539,Damascus Vambraces β,7,arms,both,1,0,0,60,72,86,4,-2,0,0,0,Damascus Vambraces β,Elder Dragon Blood,2,Fucium Ore,3.0,Black Diablos Ridge+,5.0,Novacrystal,1.0,Damascus Vambraces β,Handicraft,1.0,None,None
549,540,Damascus Coil β,7,waist,both,1,1,1,60,72,86,4,-2,0,0,0,Damascus Coil β,Elder Dragon Blood,2,Fucium Ore,3.0,Dodogama Jaw,3.0,Firecell Stone,1.0,Damascus Coil β,Focus,1.0,None,None
550,541,Damascus Greaves β,7,legs,both,3,0,0,60,72,86,4,-2,0,0,0,Damascus Greaves β,Elder Dragon Blood,2,Fucium Ore,3.0,Lavasioth Carapace,5.0,Novacrystal,1.0,Damascus Greaves β,Defense Boost,2.0,None,None
551,542,Dober Helm α,7,head,both,0,0,0,60,72,86,-2,0,-1,-1,4,Dober Helm α,Elder Dragon Bone,3,Quality Bone,3.0,Bazelgeuse Fuse,1.0,Dragonbone Relic,1.0,Dober Helm α,Free Elem/Ammo Up,1.0,Dragon Resistance,1.0
552,543,Dober Mail α,7,chest,both,1,0,0,60,72,86,-2,0,-1,-1,4,Dober Mail α,Elder Dragon Bone,3,Quality Bone,3.0,Blos Medulla,1.0,Dragonbone Relic,1.0,Dober Mail α,Attack Boost,2.0,Mushroomancer,1.0
553,544,Dober Vambraces α,7,arms,both,0,0,0,60,72,86,-2,0,-1,-1,4,Dober Vambraces α,Elder Dragon Bone,3,Quality Bone,3.0,Uragaan Marrow,1.0,Brutal Bone,3.0,Dober Vambraces α,Stamina Surge,2.0,Mushroomancer,1.0
554,545,Dober Coil α,7,waist,both,2,0,0,60,72,86,-2,0,-1,-1,4,Dober Coil α,Elder Dragon Bone,3,Quality Bone,3.0,Rathalos Medulla,1.0,Brutal Bone,3.0,Dober Coil α,Dragon Resistance,2.0,Attack Boost,1.0
555,546,Dober Greaves α,7,legs,both,0,0,0,60,72,86,-2,0,-1,-1,4,Dober Greaves α,Elder Dragon Bone,3,Quality Bone,3.0,Radobaan Medulla,1.0,Dragonbone Relic,1.0,Dober Greaves α,Attack Boost,2.0,Stamina Surge,1.0
556,547,Dober Helm β,7,head,both,1,0,0,60,72,86,-2,0,-1,-1,4,Dober Helm β,Elder Dragon Bone,3,Quality Bone,3.0,Bazelgeuse Fuse,1.0,Dragonbone Relic,1.0,Dober Helm β,Free Elem/Ammo Up,1.0,None,None
557,548,Dober Mail β,7,chest,both,3,0,0,60,72,86,-2,0,-1,-1,4,Dober Mail β,Elder Dragon Bone,3,Quality Bone,3.0,Blos Medulla,1.0,Dragonbone Relic,1.0,Dober Mail β,Attack Boost,2.0,None,None
558,549,Dober Vambraces β,7,arms,both,1,1,0,60,72,86,-2,0,-1,-1,4,Dober Vambraces β,Elder Dragon Bone,3,Quality Bone,3.0,Uragaan Marrow,1.0,Brutal Bone,3.0,Dober Vambraces β,Stamina Surge,1.0,Mushroomancer,1.0
559,550,Dober Coil β,7,waist,both,3,0,0,60,72,86,-2,0,-1,-1,4,Dober Coil β,Elder Dragon Bone,3,Quality Bone,3.0,Rathalos Medulla,1.0,Brutal Bone,3.0,Dober Coil β,Dragon Resistance,2.0,None,None
560,551,Dober Greaves β,7,legs,both,1,0,0,60,72,86,-2,0,-1,-1,4,Dober Greaves β,Elder Dragon Bone,3,Quality Bone,3.0,Radobaan Medulla,1.0,Dragonbone Relic,1.0,Dober Greaves β,Attack Boost,2.0,None,None
561,552,Death Stench Brain α,7,head,both,2,0,0,62,74,88,3,2,-2,3,-4,Death Stench Brain α,Sinister Cloth,2,Brutal Bone,1.0,Vaal Hazak Membrane,1.0,Piercing Claw,3.0,Death Stench Brain α,Resuscitate,1.0,Critical Eye,1.0
562,553,Death Stench Muscle α,7,chest,both,0,0,0,62,74,88,3,2,-2,3,-4,Death Stench Muscle α,Sinister Cloth,2,Dragonbone Relic,1.0,Vaal Hazak Membrane,1.0,Monster Broth,2.0,Death Stench Muscle α,Fortify,1.0,Free Elem/Ammo Up,1.0
563,554,Death Stench Grip α,7,arms,both,1,0,0,62,74,88,3,2,-2,3,-4,Death Stench Grip α,Sinister Cloth,2,Brutal Bone,2.0,Vaal Hazak Membrane,2.0,Novacrystal,1.0,Death Stench Grip α,Focus,2.0,Dragon Attack,1.0
564,555,Death Stench Bowels α,7,waist,both,0,0,0,62,74,88,3,2,-2,3,-4,Death Stench Bowels α,Sinister Cloth,2,Brutal Bone,1.0,Vaal Hazak Membrane,1.0,Monster Broth,2.0,Death Stench Bowels α,Dragon Attack,2.0,Focus,1.0
565,556,Death Stench Heel α,7,legs,both,0,0,0,62,74,88,3,2,-2,3,-4,Death Stench Heel α,Sinister Cloth,2,Dragonbone Relic,1.0,Vaal Hazak Membrane,2.0,Novacrystal,1.0,Death Stench Heel α,Handicraft,2.0,Dragon Attack,2.0
566,557,Death Stench Brain β,7,head,both,3,0,0,62,74,88,3,2,-2,3,-4,Death Stench Brain β,Sinister Cloth,2,Brutal Bone,1.0,Vaal Hazak Membrane,1.0,Piercing Claw,3.0,Death Stench Brain β,Resuscitate,1.0,None,None
567,558,Death Stench Muscle β,7,chest,both,3,0,0,62,74,88,3,2,-2,3,-4,Death Stench Muscle β,Sinister Cloth,2,Dragonbone Relic,1.0,Vaal Hazak Membrane,1.0,Monster Broth,2.0,Death Stench Muscle β,Fortify,1.0,None,None
568,559,Death Stench Grip β,7,arms,both,1,1,0,62,74,88,3,2,-2,3,-4,Death Stench Grip β,Sinister Cloth,2,Brutal Bone,2.0,Vaal Hazak Membrane,2.0,Novacrystal,1.0,Death Stench Grip β,Focus,2.0,None,None
569,560,Death Stench Bowels β,7,waist,both,1,1,0,62,74,88,3,2,-2,3,-4,Death Stench Bowels β,Sinister Cloth,2,Brutal Bone,1.0,Vaal Hazak Membrane,1.0,Monster Broth,2.0,Death Stench Bowels β,Dragon Attack,2.0,None,None
570,561,Death Stench Heel β,7,legs,both,1,1,0,62,74,88,3,2,-2,3,-4,Death Stench Heel β,Sinister Cloth,2,Dragonbone Relic,1.0,Vaal Hazak Membrane,2.0,Novacrystal,1.0,Death Stench Heel β,Handicraft,2.0,None,None
571,562,Skull Mask α,7,head,both,2,0,0,64,76,90,-3,-1,-1,-1,2,Skull Mask α,Unknown Skull,1,Brutal Bone,2.0,Warped Bone,3.0,Dragonbone Relic,1.0,Skull Mask α,Handicraft,1.0,None,None
572,563,Nergigante Helm α,8,head,both,1,0,0,64,70,84,1,1,-3,1,-3,Nergigante Helm α,Nergigante Horn+,2,Nergigante Carapace,6.0,Immortal Dragonscale,4.0,Nergigante Gem,1.0,Nergigante Helm α,Maximum Might,2.0,Attack Boost,1.0
573,564,Nergigante Mail α,8,chest,both,1,0,0,64,70,84,1,1,-3,1,-3,Nergigante Mail α,Nergigante Carapace,4,Immortal Dragonscale,4.0,Nergigante Talon,2.0,Elder Dragon Bone,3.0,Nergigante Mail α,Stamina Surge,2.0,Agitator,1.0
574,565,Nergigante Vambraces α,8,arms,both,0,0,0,64,70,84,1,1,-3,1,-3,Nergigante Vambraces α,Nergigante Carapace,4,Nergigante Horn+,1.0,Nergigante Tail,2.0,Firecell Stone,1.0,Nergigante Vambraces α,Agitator,2.0,Attack Boost,1.0
575,566,Nergigante Coil α,8,waist,both,0,0,0,64,70,84,1,1,-3,1,-3,Nergigante Coil α,Nergigante Carapace,4,Immortal Dragonscale,4.0,Nergigante Regrowth Plate,4.0,Novacrystal,1.0,Nergigante Coil α,Attack Boost,2.0,Stamina Surge,1.0
576,567,Nergigante Greaves α,8,legs,both,1,0,0,64,70,84,1,1,-3,1,-3,Nergigante Greaves α,Nergigante Carapace,4,Immortal Dragonscale,4.0,Nergigante Regrowth Plate,2.0,Elder Dragon Blood,2.0,Nergigante Greaves α,Maximum Might,1.0,Agitator,1.0
577,568,Nergigante Helm β,8,head,both,1,1,0,64,70,84,1,1,-3,1,-3,Nergigante Helm β,Nergigante Horn+,2,Nergigante Carapace,6.0,Immortal Dragonscale,4.0,Nergigante Gem,1.0,Nergigante Helm β,Maximum Might,2.0,None,None
578,569,Nergigante Mail β,8,chest,both,2,1,0,64,70,84,1,1,-3,1,-3,Nergigante Mail β,Nergigante Carapace,4,Immortal Dragonscale,4.0,Nergigante Talon,2.0,Elder Dragon Bone,3.0,Nergigante Mail β,Stamina Surge,2.0,None,None
579,570,Nergigante Vambraces β,8,arms,both,1,0,0,64,70,84,1,1,-3,1,-3,Nergigante Vambraces β,Nergigante Carapace,4,Nergigante Horn+,1.0,Nergigante Tail,2.0,Firecell Stone,1.0,Nergigante Vambraces β,Agitator,2.0,None,None
580,571,Nergigante Coil β,8,waist,both,2,0,0,64,70,84,1,1,-3,1,-3,Nergigante Coil β,Nergigante Carapace,4,Immortal Dragonscale,4.0,Nergigante Regrowth Plate,4.0,Novacrystal,1.0,Nergigante Coil β,Attack Boost,2.0,None,None
581,572,Nergigante Greaves β,8,legs,both,2,0,0,64,70,84,1,1,-3,1,-3,Nergigante Greaves β,Nergigante Carapace,4,Immortal Dragonscale,4.0,Nergigante Regrowth Plate,2.0,Elder Dragon Blood,2.0,Nergigante Greaves β,Maximum Might,1.0,None,None
582,573,Kaiser Crown α,8,head,both,0,0,0,64,70,84,3,-3,1,-3,1,Kaiser Crown α,Teostra Carapace,5,Teostra Horn+,2.0,Teostra Tail,2.0,Firecell Stone,1.0,Kaiser Crown α,Latent Power,2.0,None,None
583,574,Kaiser Mail α,8,chest,both,0,0,0,64,70,84,3,-3,1,-3,1,Kaiser Mail α,Teostra Carapace,5,Teostra Webbing,4.0,Teostra Powder,4.0,Rathalos Plate,1.0,Kaiser Mail α,Special Ammo Boost,2.0,Latent Power,1.0
584,575,Kaiser Vambraces α,8,arms,both,1,0,0,64,70,84,3,-3,1,-3,1,Kaiser Vambraces α,Fire Dragon Scale+,4,Teostra Carapace,4.0,Teostra Claw+,4.0,Elder Dragon Bone,4.0,Kaiser Vambraces α,Weakness Exploit,2.0,None,None
585,576,Kaiser Coil α,8,waist,both,0,0,0,64,70,84,3,-3,1,-3,1,Kaiser Coil α,Fire Dragon Scale+,4,Teostra Carapace,4.0,Teostra Mane,1.0,Elder Dragon Blood,3.0,Kaiser Coil α,Blast Attack,2.0,Weakness Exploit,1.0
586,577,Kaiser Greaves α,8,legs,both,0,0,0,64,70,84,3,-3,1,-3,1,Kaiser Greaves α,Teostra Horn+,3,Fire Dragon Scale+,6.0,Teostra Mane,2.0,Teostra Gem,1.0,Kaiser Greaves α,Latent Power,2.0,Blast Attack,1.0
587,578,Kaiser Crown β,8,head,both,2,0,0,64,70,84,3,-3,1,-3,1,Kaiser Crown β,Teostra Carapace,5,Teostra Horn+,2.0,Teostra Tail,2.0,Firecell Stone,1.0,Kaiser Crown β,Latent Power,1.0,None,None
588,579,Kaiser Mail β,8,chest,both,1,1,0,64,70,84,3,-3,1,-3,1,Kaiser Mail β,Teostra Carapace,5,Teostra Webbing,4.0,Teostra Powder,4.0,Rathalos Plate,1.0,Kaiser Mail β,Special Ammo Boost,2.0,None,None
589,580,Kaiser Vambraces β,8,arms,both,3,0,0,64,70,84,3,-3,1,-3,1,Kaiser Vambraces β,Fire Dragon Scale+,4,Teostra Carapace,4.0,Teostra Claw+,4.0,Elder Dragon Bone,4.0,Kaiser Vambraces β,Weakness Exploit,1.0,None,None
590,581,Kaiser Coil β,8,waist,both,2,0,0,64,70,84,3,-3,1,-3,1,Kaiser Coil β,Fire Dragon Scale+,4,Teostra Carapace,4.0,Teostra Mane,1.0,Elder Dragon Blood,3.0,Kaiser Coil β,Blast Attack,2.0,None,None
591,582,Kaiser Greaves β,8,legs,both,1,0,0,64,70,84,3,-3,1,-3,1,Kaiser Greaves β,Teostra Horn+,3,Fire Dragon Scale+,6.0,Teostra Mane,2.0,Teostra Gem,1.0,Kaiser Greaves β,Latent Power,2.0,None,None
592,583,Kushala Glare α,8,head,both,0,0,0,64,70,84,0,2,-3,4,-2,Kushala Glare α,Daora Dragon Scale+,4,Daora Carapace,4.0,Daora Webbing,2.0,Elder Dragon Bone,4.0,Kushala Glare α,Ice Attack,2.0,Handicraft,1.0
593,584,Kushala Cista α,8,chest,both,0,0,0,64,70,84,0,2,-3,4,-2,Kushala Cista α,Daora Carapace,5,Daora Horn+,3.0,Daora Claw+,2.0,Daora Gem,1.0,Kushala Cista α,Handicraft,2.0,Focus,1.0
594,585,Kushala Grip α,8,arms,both,0,0,0,64,70,84,0,2,-3,4,-2,Kushala Grip α,Daora Carapace,5,Daora Horn+,2.0,Daora Tail,2.0,Legiana Plate,1.0,Kushala Grip α,Evade Window,2.0,Handicraft,1.0
595,586,Kushala Cocoon α,8,waist,both,0,0,0,64,70,84,0,2,-3,4,-2,Kushala Cocoon α,Daora Dragon Scale+,4,Daora Carapace,4.0,Daora Horn+,2.0,Carbalite Ore,5.0,Kushala Cocoon α,Ice Attack,2.0,Evade Extender,1.0
596,587,Kushala Crus α,8,legs,both,0,0,0,64,70,84,0,2,-3,4,-2,Kushala Crus α,Daora Carapace,5,Daora Dragon Scale+,4.0,Daora Webbing,3.0,Elder Dragon Blood,3.0,Kushala Crus α,Evade Extender,2.0,Handicraft,1.0
597,588,Kushala Glare β,8,head,both,1,1,1,64,70,84,0,2,-3,4,-2,Kushala Glare β,Daora Dragon Scale+,4,Daora Carapace,4.0,Daora Webbing,2.0,Elder Dragon Bone,4.0,Kushala Glare β,Ice Attack,2.0,None,None
598,589,Kushala Cista β,8,chest,both,2,0,0,64,70,84,0,2,-3,4,-2,Kushala Cista β,Daora Carapace,5,Daora Horn+,3.0,Daora Claw+,2.0,Daora Gem,1.0,Kushala Cista β,Handicraft,2.0,None,None
599,590,Kushala Grip β,8,arms,both,3,0,0,64,70,84,0,2,-3,4,-2,Kushala Grip β,Daora Carapace,5,Daora Horn+,2.0,Daora Tail,2.0,Legiana Plate,1.0,Kushala Grip β,Evade Window,2.0,None,None
600,591,Kushala Cocoon β,8,waist,both,1,1,0,64,70,84,0,2,-3,4,-2,Kushala Cocoon β,Daora Dragon Scale+,4,Daora Carapace,4.0,Daora Horn+,2.0,Carbalite Ore,5.0,Kushala Cocoon β,Ice Attack,2.0,None,None
601,592,Kushala Crus β,8,legs,both,3,0,0,64,70,84,0,2,-3,4,-2,Kushala Crus β,Daora Carapace,5,Daora Dragon Scale+,4.0,Daora Webbing,3.0,Elder Dragon Blood,3.0,Kushala Crus β,Evade Extender,2.0,None,None
602,593,Vaal Hazak Helm α,8,head,both,0,0,0,64,70,84,-4,4,1,-1,-3,Vaal Hazak Helm α,Deceased Scale,5,Vaal Hazak Carapace,4.0,Vaal Hazak Talon,4.0,Elder Dragon Bone,4.0,Vaal Hazak Helm α,Peak Performance,1.0,Dragon Attack,2.0
603,594,Vaal Hazak Mail α,8,chest,both,1,0,0,64,70,84,-4,4,1,-1,-3,Vaal Hazak Mail α,Vaal Hazak Carapace,5,Vaal Hazak Fang+,3.0,Vaal Hazak Tail,2.0,Odogaron Plate,1.0,Vaal Hazak Mail α,Recovery Speed,2.0,Dragon Attack,1.0
604,595,Vaal Hazak Braces α,8,arms,both,1,0,0,64,70,84,-4,4,1,-1,-3,Vaal Hazak Braces α,Vaal Hazak Fang+,3,Deceased Scale,6.0,Vaal Hazak Membrane,2.0,Vaal Hazak Gem,1.0,Vaal Hazak Braces α,Peak Performance,1.0,Recovery Speed,1.0
605,596,Vaal Hazak Coil α,8,waist,both,1,0,0,64,70,84,-4,4,1,-1,-3,Vaal Hazak Coil α,Vaal Hazak Carapace,5,Vaal Hazak Wing,4.0,Vaal Hazak Membrane,2.0,Elder Dragon Blood,3.0,Vaal Hazak Coil α,Peak Performance,1.0,Effluvia Resistance,1.0
606,597,Vaal Hazak Greaves α,8,legs,both,1,0,0,64,70,84,-4,4,1,-1,-3,Vaal Hazak Greaves α,Deceased Scale,5,Vaal Hazak Carapace,4.0,Vaal Hazak Membrane,2.0,Dragonvein Crystal,6.0,Vaal Hazak Greaves α,Effluvia Resistance,2.0,Dragon Attack,1.0
607,598,Vaal Hazak Helm β,8,head,both,1,0,0,64,70,84,-4,4,1,-1,-3,Vaal Hazak Helm β,Deceased Scale,5,Vaal Hazak Carapace,4.0,Vaal Hazak Talon,4.0,Elder Dragon Bone,4.0,Vaal Hazak Helm β,Peak Performance,1.0,None,None
608,599,Vaal Hazak Mail β,8,chest,both,1,1,0,64,70,84,-4,4,1,-1,-3,Vaal Hazak Mail β,Vaal Hazak Carapace,5,Vaal Hazak Fang+,3.0,Vaal Hazak Tail,2.0,Odogaron Plate,1.0,Vaal Hazak Mail β,Recovery Speed,2.0,None,None
609,600,Vaal Hazak Braces β,8,arms,both,1,1,1,64,70,84,-4,4,1,-1,-3,Vaal Hazak Braces β,Vaal Hazak Fang+,3,Deceased Scale,6.0,Vaal Hazak Membrane,2.0,Vaal Hazak Gem,1.0,Vaal Hazak Braces β,Peak Performance,1.0,None,None
610,601,Vaal Hazak Coil β,8,waist,both,1,1,0,64,70,84,-4,4,1,-1,-3,Vaal Hazak Coil β,Vaal Hazak Carapace,5,Vaal Hazak Wing,4.0,Vaal Hazak Membrane,2.0,Elder Dragon Blood,3.0,Vaal Hazak Coil β,Peak Performance,1.0,None,None
611,602,Vaal Hazak Greaves β,8,legs,both,1,1,0,64,70,84,-4,4,1,-1,-3,Vaal Hazak Greaves β,Deceased Scale,5,Vaal Hazak Carapace,4.0,Vaal Hazak Membrane,2.0,Dragonvein Crystal,6.0,Vaal Hazak Greaves β,Effluvia Resistance,2.0,None,None
612,603,Kirin Horn α,8,head,both,0,0,0,64,70,84,-3,-2,4,-2,2,Kirin Horn α,Kirin Hide+,3,Kirin Azure Horn,1.0,Shamos Scale+,2.0,Thunder Sac,4.0,Kirin Horn α,Marathon Runner,2.0,Divine Blessing,1.0
613,604,Kirin Jacket α,8,chest,both,0,0,0,64,70,84,-3,-2,4,-2,2,Kirin Jacket α,Kirin Hide+,3,Kirin Azure Horn,1.0,Kirin Thundertail,2.0,Fucium Ore,4.0,Kirin Jacket α,Divine Blessing,2.0,Thunder Attack,1.0
614,605,Kirin Longarms α,8,arms,both,0,0,0,64,70,84,-3,-2,4,-2,2,Kirin Longarms α,Kirin Hide+,3,Kirin Mane,4.0,Paolumu Carapace+,3.0,Dragonvein Crystal,6.0,Kirin Longarms α,Thunder Attack,2.0,Marathon Runner,1.0
615,606,Kirin Hoop α,8,waist,both,0,0,0,64,70,84,-3,-2,4,-2,2,Kirin Hoop α,Kirin Hide+,4,Kirin Mane,4.0,Kirin Azure Horn,3.0,Novacrystal,1.0,Kirin Hoop α,Blight Resistance,1.0,Free Elem/Ammo Up,1.0
616,607,Kirin Leg Guards α,8,legs,both,0,0,0,64,70,84,-3,-2,4,-2,2,Kirin Leg Guards α,Kirin Hide+,3,Kirin Thundertail,3.0,Paolumu Carapace+,3.0,Dragonbone Relic,1.0,Kirin Leg Guards α,Free Elem/Ammo Up,2.0,Thunder Resistance,2.0
617,608,Kirin Horn β,8,head,both,1,0,0,64,70,84,-3,-2,4,-2,2,Kirin Horn β,Kirin Hide+,3,Kirin Azure Horn,1.0,Shamos Scale+,2.0,Thunder Sac,4.0,Kirin Horn β,Marathon Runner,2.0,None,None
618,609,Kirin Jacket β,8,chest,both,1,0,0,64,70,84,-3,-2,4,-2,2,Kirin Jacket β,Kirin Hide+,3,Kirin Azure Horn,1.0,Kirin Thundertail,2.0,Fucium Ore,4.0,Kirin Jacket β,Divine Blessing,2.0,None,None
619,610,Kirin Longarms β,8,arms,both,1,1,0,64,70,84,-3,-2,4,-2,2,Kirin Longarms β,Kirin Hide+,3,Kirin Mane,4.0,Paolumu Carapace+,3.0,Dragonvein Crystal,6.0,Kirin Longarms β,Thunder Attack,2.0,None,None
620,611,Kirin Hoop β,8,waist,both,1,1,1,64,70,84,-3,-2,4,-2,2,Kirin Hoop β,Kirin Hide+,4,Kirin Mane,4.0,Kirin Azure Horn,3.0,Novacrystal,1.0,Kirin Hoop β,Blight Resistance,1.0,None,None
621,612,Kirin Leg Guards β,8,legs,both,1,1,0,64,70,84,-3,-2,4,-2,2,Kirin Leg Guards β,Kirin Hide+,3,Kirin Thundertail,3.0,Paolumu Carapace+,3.0,Dragonbone Relic,1.0,Kirin Leg Guards β,Free Elem/Ammo Up,2.0,None,None
622,613,Xeno'jiiva Headgear α,8,head,both,1,0,0,72,78,92,-3,2,2,2,-4,Xeno'jiiva Headgear α,Xeno'jiiva Soulscale,5,Xeno'jiiva Shell,4.0,Xeno'jiiva Horn,2.0,Rathalos Plate,1.0,Xeno'jiiva Headgear α,Flinch Free,1.0,Special Ammo Boost,1.0
623,614,Xeno'jiiva Hide α,8,chest,both,1,0,0,72,78,92,-3,2,2,2,-4,Xeno'jiiva Hide α,Xeno'jiiva Horn,3,Xeno'jiiva Soulscale,6.0,Xeno'jiiva Wing,3.0,Xeno'jiiva Gem,1.0,Xeno'jiiva Hide α,Power Prolonger,2.0,Blight Resistance,1.0
624,615,Xeno'jiiva Claws α,8,arms,both,1,0,0,72,78,92,-3,2,2,2,-4,Xeno'jiiva Claws α,Xeno'jiiva Shell,4,Xeno'jiiva Claw,3.0,Xeno'jiiva Veil,2.0,Wyvern Gem,1.0,Xeno'jiiva Claws α,Flinch Free,1.0,Critical Boost,1.0
625,616,Xeno'jiiva Spine α,8,waist,both,2,0,0,72,78,92,-3,2,2,2,-4,Xeno'jiiva Spine α,Xeno'jiiva Shell,4,Xeno'jiiva Wing,2.0,Xeno'jiiva Tail,2.0,Odogaron Plate,1.0,Xeno'jiiva Spine α,Blight Resistance,2.0,Special Ammo Boost,1.0
626,617,Xeno'jiiva Spurs α,8,legs,both,1,0,0,72,78,92,-3,2,2,2,-4,Xeno'jiiva Spurs α,Xeno'jiiva Soulscale,4,Xeno'jiiva Shell,4.0,Xeno'jiiva Veil,2.0,Legiana Plate,1.0,Xeno'jiiva Spurs α,Flinch Free,1.0,Power Prolonger,1.0
627,618,Xeno'jiiva Headgear β,8,head,both,2,0,0,72,78,92,-3,2,2,2,-4,Xeno'jiiva Headgear β,Xeno'jiiva Soulscale,5,Xeno'jiiva Shell,4.0,Xeno'jiiva Horn,2.0,Rathalos Plate,1.0,Xeno'jiiva Headgear β,Flinch Free,1.0,None,None
628,619,Xeno'jiiva Hide β,8,chest,both,1,1,0,72,78,92,-3,2,2,2,-4,Xeno'jiiva Hide β,Xeno'jiiva Horn,3,Xeno'jiiva Soulscale,6.0,Xeno'jiiva Wing,3.0,Xeno'jiiva Gem,1.0,Xeno'jiiva Hide β,Power Prolonger,2.0,None,None
629,620,Xeno'jiiva Claws β,8,arms,both,3,0,0,72,78,92,-3,2,2,2,-4,Xeno'jiiva Claws β,Xeno'jiiva Shell,4,Xeno'jiiva Claw,3.0,Xeno'jiiva Veil,2.0,Wyvern Gem,1.0,Xeno'jiiva Claws β,Flinch Free,1.0,None,None
630,621,Xeno'jiiva Spine β,8,waist,both,2,1,0,72,78,92,-3,2,2,2,-4,Xeno'jiiva Spine β,Xeno'jiiva Shell,4,Xeno'jiiva Wing,2.0,Xeno'jiiva Tail,2.0,Odogaron Plate,1.0,Xeno'jiiva Spine β,Blight Resistance,2.0,None,None
631,622,Xeno'jiiva Spurs β,8,legs,both,1,1,0,72,78,92,-3,2,2,2,-4,Xeno'jiiva Spurs β,Xeno'jiiva Soulscale,4,Xeno'jiiva Shell,4.0,Xeno'jiiva Veil,2.0,Legiana Plate,1.0,Xeno'jiiva Spurs β,Flinch Free,1.0,None,None
632,623,Guild Cross Circlet α,8,head,both,1,0,0,62,68,82,0,0,0,0,0,Guild Cross Circlet α,Ace Hunter Coin,3,Flying Coin,2.0,Hunter King Coin,2.0,High Commendation,1.0,Guild Cross Circlet α,Divine Blessing,2.0,Thunder Resistance,2.0
633,624,Guild Cross Suit α,8,chest,both,1,0,0,62,68,82,0,0,0,0,0,Guild Cross Suit α,Ace Hunter Coin,2,Brute Coin,3.0,Hunter King Coin,2.0,High Commendation,1.0,Guild Cross Suit α,Resuscitate,1.0,Ice Resistance,2.0
634,625,Guild Cross Vambraces α,8,arms,both,1,0,0,62,68,82,0,0,0,0,0,Guild Cross Vambraces α,Ace Hunter Coin,3,Brute Coin,3.0,Hunter King Coin,2.0,High Commendation,1.0,Guild Cross Vambraces α,Tool Specialist,1.0,Water Resistance,2.0
635,626,Guild Cross Coil α,8,waist,both,1,0,0,62,68,82,0,0,0,0,0,Guild Cross Coil α,Ace Hunter Coin,2,Flying Coin,2.0,Pinnacle Coin,3.0,High Commendation,1.0,Guild Cross Coil α,Fortify,1.0,Dragon Resistance,2.0
636,627,Guild Cross Boots α,8,legs,both,1,0,0,62,68,82,0,0,0,0,0,Guild Cross Boots α,Ace Hunter Coin,2,Flying Coin,2.0,Pinnacle Coin,3.0,High Commendation,1.0,Guild Cross Boots α,Airborne,1.0,Fire Resistance,2.0
637,628,Guild Cross Circlet β,8,head,both,1,1,1,62,68,82,0,0,0,0,0,Guild Cross Circlet β,Ace Hunter Coin,3,Flying Coin,2.0,Hunter King Coin,2.0,High Commendation,1.0,Guild Cross Circlet β,Divine Blessing,2.0,None,None
638,629,Guild Cross Suit β,8,chest,both,3,0,0,62,68,82,0,0,0,0,0,Guild Cross Suit β,Ace Hunter Coin,2,Brute Coin,3.0,Hunter King Coin,2.0,High Commendation,1.0,Guild Cross Suit β,Resuscitate,1.0,None,None
639,630,Guild Cross Vambraces β,8,arms,both,3,0,0,62,68,82,0,0,0,0,0,Guild Cross Vambraces β,Ace Hunter Coin,3,Brute Coin,3.0,Hunter King Coin,2.0,High Commendation,1.0,Guild Cross Vambraces β,Tool Specialist,1.0,None,None
640,631,Guild Cross Coil β,8,waist,both,1,1,1,62,68,82,0,0,0,0,0,Guild Cross Coil β,Ace Hunter Coin,2,Flying Coin,2.0,Pinnacle Coin,3.0,High Commendation,1.0,Guild Cross Coil β,Fortify,1.0,None,None
641,632,Guild Cross Boots β,8,legs,both,3,0,0,62,68,82,0,0,0,0,0,Guild Cross Boots β,Ace Hunter Coin,2,Flying Coin,2.0,Pinnacle Coin,3.0,High Commendation,1.0,Guild Cross Boots β,Airborne,1.0,None,None
642,633,Dragonking Eyepatch α,8,head,both,3,0,0,70,76,90,0,0,0,0,0,Dragonking Eyepatch α,Dragonvein Crystal,2,High Commendation,1.0,Immortal Dragonscale,6.0,None,None,Dragonking Eyepatch α,Weakness Exploit,2.0,None,None
643,634,Commission Gorget α,8,head,both,1,0,0,70,76,90,2,2,2,2,2,Commission Gorget α,Research Commission Ticket,1,Rathalos Scale+,8.0,Sinister Cloth,2.0,High Commendation,2.0,Commission Gorget α,Tool Specialist,1.0,Master Gatherer,1.0
644,635,Commission Jacket α,8,chest,both,0,0,0,70,76,90,2,2,2,2,2,Commission Jacket α,Research Commission Ticket,1,Odogaron Scale+,8.0,Great Hornfly,3.0,High Commendation,2.0,Commission Jacket α,Wide-Range,2.0,Cliffhanger,1.0
645,636,Commission Vambraces α,8,arms,both,1,0,0,70,76,90,2,2,2,2,2,Commission Vambraces α,Research Commission Ticket,1,Legiana Scale+,8.0,Sinister Cloth,2.0,High Commendation,1.0,Commission Vambraces α,Blindsider,1.0,Carving Pro,1.0
646,637,Commission Belt α,8,waist,both,1,0,0,70,76,90,2,2,2,2,2,Commission Belt α,Research Commission Ticket,1,Diablos Carapace,8.0,Great Hornfly,3.0,High Commendation,1.0,Commission Belt α,Mushroomancer,1.0,Pro Transporter,1.0
647,638,Commission Pants α,8,legs,both,0,0,0,70,76,90,2,2,2,2,2,Commission Pants α,Research Commission Ticket,1,Immortal Dragonscale,5.0,Sinister Cloth,2.0,High Commendation,2.0,Commission Pants α,Stealth,2.0,Affinity Sliding,1.0
648,639,Commission Gorget β,8,head,both,2,0,0,70,76,90,2,2,2,2,2,Commission Gorget β,Research Commission Ticket,1,Rathalos Scale+,8.0,Sinister Cloth,2.0,High Commendation,2.0,Commission Gorget β,Tool Specialist,1.0,None,None
649,640,Commission Jacket β,8,chest,both,1,0,0,70,76,90,2,2,2,2,2,Commission Jacket β,Research Commission Ticket,1,Odogaron Scale+,8.0,Great Hornfly,3.0,High Commendation,2.0,Commission Jacket β,Wide-Range,2.0,None,None
650,641,Commission Vambraces β,8,arms,both,2,0,0,70,76,90,2,2,2,2,2,Commission Vambraces β,Research Commission Ticket,1,Legiana Scale+,8.0,Sinister Cloth,2.0,High Commendation,1.0,Commission Vambraces β,Blindsider,1.0,None,None
651,642,Commission Belt β,8,waist,both,2,0,0,70,76,90,2,2,2,2,2,Commission Belt β,Research Commission Ticket,1,Diablos Carapace,8.0,Great Hornfly,3.0,High Commendation,1.0,Commission Belt β,Mushroomancer,1.0,None,None
652,643,Commission Pants β,8,legs,both,2,0,0,70,76,90,2,2,2,2,2,Commission Pants β,Research Commission Ticket,1,Immortal Dragonscale,5.0,Sinister Cloth,2.0,High Commendation,2.0,Commission Pants β,Stealth,2.0,None,None
653,644,Vangis Helm α,7,head,both,1,0,0,58,70,84,1,1,-3,2,-3,Vangis Helm α,Deviljho Hide,5,Deviljho Scalp,2.0,Deviljho Talon,2.0,Deviljho Gem,1.0,Vangis Helm α,Partbreaker,1.0,Handicraft,1.0
654,645,Vangis Mail α,7,chest,both,2,0,0,58,70,84,1,1,-3,2,-3,Vangis Mail α,Deviljho Scale,3,Deviljho Hide,4.0,Deviljho Saliva,2.0,Monster Hardbone,4.0,Vangis Mail α,Speed Eating,1.0,Handicraft,1.0
655,646,Vangis Vambraces α,7,arms,both,0,0,0,58,70,84,1,1,-3,2,-3,Vangis Vambraces α,Deviljho Hide,4,Deviljho Tallfang,2.0,Deviljho Tail,2.0,Dragonbone Relic,1.0,Vangis Vambraces α,Latent Power,2.0,Partbreaker,1.0
656,647,Vangis Coil α,7,waist,both,1,0,0,58,70,84,1,1,-3,2,-3,Vangis Coil α,Deviljho Scale,3,Deviljho Hide,4.0,Deviljho Saliva,2.0,Girros Scale+,3.0,Vangis Coil α,Latent Power,1.0,Handicraft,1.0
657,648,Vangis Greaves α,7,legs,both,0,0,0,58,70,84,1,1,-3,2,-3,Vangis Greaves α,Deviljho Scale,3,Deviljho Hide,4.0,Deviljho Talon,2.0,Girros Hide+,4.0,Vangis Greaves α,Speed Eating,2.0,Partbreaker,1.0
658,649,Vangis Helm β,7,head,both,3,1,0,58,70,84,1,1,-3,2,-3,Vangis Helm β,Deviljho Hide,5,Deviljho Scalp,2.0,Deviljho Talon,2.0,Deviljho Gem,1.0,Vangis Helm β,Partbreaker,1.0,None,None
659,650,Vangis Mail β,7,chest,both,3,0,0,58,70,84,1,1,-3,2,-3,Vangis Mail β,Deviljho Scale,3,Deviljho Hide,4.0,Deviljho Saliva,2.0,Monster Hardbone,4.0,Vangis Mail β,Speed Eating,1.0,None,None
660,651,Vangis Vambraces β,7,arms,both,2,0,0,58,70,84,1,1,-3,2,-3,Vangis Vambraces β,Deviljho Hide,4,Deviljho Tallfang,2.0,Deviljho Tail,2.0,Dragonbone Relic,1.0,Vangis Vambraces β,Latent Power,2.0,None,None
661,652,Vangis Coil β,7,waist,both,3,1,0,58,70,84,1,1,-3,2,-3,Vangis Coil β,Deviljho Scale,3,Deviljho Hide,4.0,Deviljho Saliva,2.0,Girros Scale+,3.0,Vangis Coil β,Latent Power,1.0,None,None
662,653,Vangis Greaves β,7,legs,both,1,1,0,58,70,84,1,1,-3,2,-3,Vangis Greaves β,Deviljho Scale,3,Deviljho Hide,4.0,Deviljho Talon,2.0,Girros Hide+,4.0,Vangis Greaves β,Speed Eating,2.0,None,None
663,654,Kulve Taroth's Fury α,8,head,both,1,0,0,72,78,92,4,-2,3,-4,-2,Kulve Taroth's Fury α,Kulve Taroth Golden Scale,12,Kulve Taroth Golden Shell,7.0,Kulve Taroth Golden Spiralhorn,6.0,Nergigante Gem,1.0,Kulve Taroth's Fury α,Free Elem/Ammo Up,1.0,Agitator,2.0
664,655,Kulve Taroth's Ire α,8,chest,both,1,0,0,72,78,92,4,-2,3,-4,-2,Kulve Taroth's Ire α,Kulve Taroth Golden Scale,12,Kulve Taroth Golden Nugget,18.0,Kulve Taroth Golden Tailshell,4.0,Xeno'jiiva Gem,1.0,Kulve Taroth's Ire α,Stun Resistance,2.0,Critical Boost,2.0
665,656,Kulve Taroth's Rage α,8,arms,both,1,0,0,72,78,92,4,-2,3,-4,-2,Kulve Taroth's Rage α,Kulve Taroth Golden Scale,12,Kulve Taroth Golden Nugget,18.0,Kulve Taroth Golden Spiralhorn,6.0,Kulve Taroth Golden Glimstone,1.0,Kulve Taroth's Rage α,Free Elem/Ammo Up,1.0,Power Prolonger,2.0
666,657,Kulve Taroth's Malice α,8,waist,both,1,0,0,72,78,92,4,-2,3,-4,-2,Kulve Taroth's Malice α,Kulve Taroth Golden Scale,12,Kulve Taroth Golden Shell,7.0,Kulve Taroth Golden Tailshell,4.0,Kulve Taroth Golden Glimstone,1.0,Kulve Taroth's Malice α,Free Elem/Ammo Up,1.0,Handicraft,2.0
667,658,Kulve Taroth's Wrath α,8,legs,both,1,0,0,72,78,92,4,-2,3,-4,-2,Kulve Taroth's Wrath α,Kulve Taroth Golden Scale,12,Kulve Taroth Golden Shell,7.0,Kulve Taroth Golden Tailshell,4.0,Vaal Hazak Gem,1.0,Kulve Taroth's Wrath α,Wide-Range,2.0,Peak Performance,2.0
668,659,Kulve Taroth's Fury β,8,head,both,2,1,0,72,78,92,4,-2,3,-4,-2,Kulve Taroth's Fury β,Kulve Taroth Golden Scale,12,Kulve Taroth Golden Shell,7.0,Kulve Taroth Golden Spiralhorn,6.0,Nergigante Gem,1.0,Kulve Taroth's Fury β,Free Elem/Ammo Up,1.0,Agitator,1.0
669,660,Kulve Taroth's Ire β,8,chest,both,3,1,0,72,78,92,4,-2,3,-4,-2,Kulve Taroth's Ire β,Kulve Taroth Golden Scale,12,Kulve Taroth Golden Nugget,18.0,Kulve Taroth Golden Tailshell,4.0,Xeno'jiiva Gem,1.0,Kulve Taroth's Ire β,Stun Resistance,2.0,Critical Boost,1.0
670,661,Kulve Taroth's Rage β,8,arms,both,3,1,0,72,78,92,4,-2,3,-4,-2,Kulve Taroth's Rage β,Kulve Taroth Golden Scale,12,Kulve Taroth Golden Nugget,18.0,Kulve Taroth Golden Spiralhorn,6.0,Kulve Taroth Golden Glimstone,1.0,Kulve Taroth's Rage β,Free Elem/Ammo Up,1.0,Power Prolonger,1.0
671,662,Kulve Taroth's Malice β,8,waist,both,3,1,0,72,78,92,4,-2,3,-4,-2,Kulve Taroth's Malice β,Kulve Taroth Golden Scale,12,Kulve Taroth Golden Shell,7.0,Kulve Taroth Golden Tailshell,4.0,Kulve Taroth Golden Glimstone,1.0,Kulve Taroth's Malice β,Free Elem/Ammo Up,1.0,Handicraft,1.0
672,663,Kulve Taroth's Wrath β,8,legs,both,2,1,0,72,78,92,4,-2,3,-4,-2,Kulve Taroth's Wrath β,Kulve Taroth Golden Scale,12,Kulve Taroth Golden Shell,7.0,Kulve Taroth Golden Tailshell,4.0,Vaal Hazak Gem,1.0,Kulve Taroth's Wrath β,Wide-Range,2.0,Peak Performance,1.0
673,679,Empress Crown α,8,head,both,3,1,0,70,76,90,3,1,1,-3,-2,Empress Crown α,Lunastra Scale+,4,Lunastra Carapace,4.0,Lunastra Wing,2.0,Elder Dragon Bone,4.0,Empress Crown α,Evade Extender,2.0,Tool Specialist,1.0
674,680,Empress Mail α,8,chest,both,1,1,0,70,76,90,3,1,1,-3,-2,Empress Mail α,Lunastra Horn,2,Lunastra Scale+,4.0,Lunastra Mane,2.0,Lunastra Gem,1.0,Empress Mail α,Peak Performance,2.0,Health Boost,1.0
675,681,Empress Vambraces α,8,arms,both,3,0,0,70,76,90,3,1,1,-3,-2,Empress Vambraces α,Lunastra Carapace,4,Lunastra Horn,1.0,Lunastra Tail,2.0,Firecell Stone,1.0,Empress Vambraces α,Wide-Range,2.0,Blast Attack,2.0
676,682,Empress Coil α,8,waist,both,2,1,0,70,76,90,3,1,1,-3,-2,Empress Coil α,Lunastra Scale+,4,Lunastra Carapace,4.0,Lunastra Mane,2.0,Novacrystal,1.0,Empress Coil α,Tool Specialist,2.0,Blast Attack,1.0
677,683,Empress Greaves α,8,legs,both,2,1,0,70,76,90,3,1,1,-3,-2,Empress Greaves α,Teostra Carapace,4,Lunastra Wing,3.0,Lunastra Tail,1.0,Elder Dragon Blood,3.0,Empress Greaves α,Health Boost,2.0,Wide-Range,2.0
678,684,Empress Crown β,8,head,both,3,2,0,70,76,90,3,1,1,-3,-2,Empress Crown β,Lunastra Scale+,4,Lunastra Carapace,4.0,Lunastra Wing,2.0,Elder Dragon Bone,4.0,Empress Crown β,Evade Extender,2.0,None,None
679,685,Empress Mail β,8,chest,both,1,1,1,70,76,90,3,1,1,-3,-2,Empress Mail β,Lunastra Horn,2,Lunastra Scale+,4.0,Lunastra Mane,2.0,Lunastra Gem,1.0,Empress Mail β,Peak Performance,2.0,None,None
680,686,Empress Vambraces β,8,arms,both,3,2,0,70,76,90,3,1,1,-3,-2,Empress Vambraces β,Lunastra Carapace,4,Lunastra Horn,1.0,Lunastra Tail,2.0,Firecell Stone,1.0,Empress Vambraces β,Wide-Range,2.0,None,None
681,687,Empress Coil β,8,waist,both,2,2,0,70,76,90,3,1,1,-3,-2,Empress Coil β,Lunastra Scale+,4,Lunastra Carapace,4.0,Lunastra Mane,2.0,Novacrystal,1.0,Empress Coil β,Tool Specialist,2.0,None,None
682,688,Empress Greaves β,8,legs,both,2,2,0,70,76,90,3,1,1,-3,-2,Empress Greaves β,Teostra Carapace,4,Lunastra Wing,3.0,Lunastra Tail,1.0,Elder Dragon Blood,3.0,Empress Greaves β,Health Boost,2.0,None,None
683,664,Blossom Headgear α,5,head,both,1,1,0,40,62,78,1,1,4,1,1,Blossom Headgear α,Spring Blossom Ticket,3,Carbalite Ore,1.0,None,None,None,None,Blossom Headgear α,Honey Hunter,1.0,None,None
684,665,Blossom Vest α,5,chest,both,1,1,0,40,62,78,1,1,4,1,1,Blossom Vest α,Spring Blossom Ticket,3,Carbalite Ore,3.0,None,None,None,None,Blossom Vest α,Quick Sheath,1.0,None,None
685,666,Blossom Cuffs α,5,arms,both,1,1,0,40,62,78,1,1,4,1,1,Blossom Cuffs α,Spring Blossom Ticket,3,Carbalite Ore,1.0,None,None,None,None,Blossom Cuffs α,Paralysis Resistance,1.0,None,None
686,667,Blossom Coat α,5,waist,both,1,1,0,40,62,78,1,1,4,1,1,Blossom Coat α,Spring Blossom Ticket,3,Carbalite Ore,1.0,None,None,None,None,Blossom Coat α,Scoutfly Range Up,1.0,None,None
687,668,Blossom Boots α,5,legs,both,1,1,0,40,62,78,1,1,4,1,1,Blossom Boots α,Spring Blossom Ticket,3,Carbalite Ore,2.0,None,None,None,None,Blossom Boots α,Recovery Speed,1.0,None,None
688,748,Diver's Mask α,5,head,both,2,0,0,46,68,84,1,4,1,1,1,Diver's Mask α,Summer Twilight Ticket,1,Carbalite Ore,2.0,Quality Bone,1.0,None,None,Diver's Mask α,Marathon Runner,1.0,None,None
689,749,Diver's Suit α,5,chest,both,2,0,0,46,68,84,1,4,1,1,1,Diver's Suit α,Summer Twilight Ticket,1,Carbalite Ore,1.0,Quality Bone,1.0,None,None,Diver's Suit α,Critical Eye,1.0,None,None
690,750,Diver's Braces α,5,arms,both,2,0,0,46,68,84,1,4,1,1,1,Diver's Braces α,Summer Twilight Ticket,1,Carbalite Ore,2.0,Quality Bone,1.0,None,None,Diver's Braces α,Quick Sheath,1.0,None,None
691,751,Diver's Belt α,5,waist,both,2,0,0,46,68,84,1,4,1,1,1,Diver's Belt α,Summer Twilight Ticket,1,Carbalite Ore,1.0,Quality Bone,1.0,None,None,Diver's Belt α,Aquatic/Polar Mobility,1.0,None,None
692,752,Diver's Boots α,5,legs,both,2,0,0,46,68,84,1,4,1,1,1,Diver's Boots α,Summer Twilight Ticket,1,Carbalite Ore,1.0,Quality Bone,1.0,None,None,Diver's Boots α,Hunger Resistance,1.0,None,None
693,703,Harvest Flor α,6,head,both,2,1,0,52,72,84,4,1,1,1,1,Harvest Flor α,Autumn Harvest Ticket,1,Monster Hardbone,2.0,Monster Keenbone,1.0,None,None,Harvest Flor α,Focus,1.0,None,None
694,704,Harvest Tronco α,6,chest,both,2,1,0,52,72,84,4,1,1,1,1,Harvest Tronco α,Autumn Harvest Ticket,1,Monster Hardbone,1.0,Monster Keenbone,1.0,None,None,Harvest Tronco α,Tremor Resistance,1.0,None,None
695,705,Harvest Trama α,6,arms,both,2,1,0,52,72,84,4,1,1,1,1,Harvest Trama α,Autumn Harvest Ticket,1,Monster Hardbone,1.0,Monster Keenbone,1.0,None,None,Harvest Trama α,Resentment,1.0,None,None
696,706,Harvest Hoja α,6,waist,both,2,1,0,52,72,84,4,1,1,1,1,Harvest Hoja α,Autumn Harvest Ticket,1,Monster Hardbone,2.0,Monster Keenbone,1.0,None,None,Harvest Hoja α,Constitution,1.0,None,None
697,707,Harvest Raiz α,6,legs,both,2,1,0,52,72,84,4,1,1,1,1,Harvest Raiz α,Autumn Harvest Ticket,1,Monster Hardbone,1.0,Monster Keenbone,1.0,None,None,Harvest Raiz α,Mushroomancer,1.0,None,None
698,708,Orion Cap α,6,head,both,3,1,0,58,78,90,1,1,1,4,1,Orion Cap α,Winter Star Ticket,1,Fucium Ore,1.0,Monster Hardbone,1.0,None,None,Orion Cap α,Recovery Up,1.0,None,None
699,709,Orion Vest α,6,chest,both,3,0,0,58,78,90,1,1,1,4,1,Orion Vest α,Winter Star Ticket,1,Fucium Ore,2.0,Monster Hardbone,1.0,None,None,Orion Vest α,Flinch Free,1.0,None,None
700,710,Orion Vambraces α,6,arms,both,3,1,0,58,78,90,1,1,1,4,1,Orion Vambraces α,Winter Star Ticket,1,Fucium Ore,1.0,Monster Hardbone,1.0,None,None,Orion Vambraces α,Windproof,1.0,None,None
701,711,Orion Coat α,6,waist,both,3,1,0,58,78,90,1,1,1,4,1,Orion Coat α,Winter Star Ticket,1,Fucium Ore,1.0,Monster Hardbone,1.0,None,None,Orion Coat α,Health Boost,1.0,None,None
702,712,Orion Boots α,6,legs,both,3,1,0,58,78,90,1,1,1,4,1,Orion Boots α,Winter Star Ticket,1,Fucium Ore,2.0,Monster Hardbone,1.0,None,None,Orion Boots α,Heroics,1.0,None,None
703,723,Gala Suit Top Hat α,7,head,both,2,1,1,64,76,90,1,1,1,1,4,Gala Suit Top Hat α,Appreciation Ticket,3,Elder Dragon Bone,3.0,High Commendation,2.0,None,None,Gala Suit Top Hat α,Critical Boost,1.0,None,None
704,724,Gala Suit Jacket α,7,chest,both,2,1,1,64,76,90,1,1,1,1,4,Gala Suit Jacket α,Appreciation Ticket,3,Elder Dragon Bone,2.0,High Commendation,2.0,None,None,Gala Suit Jacket α,Critical Draw,1.0,None,None
705,725,Gala Suit Cuffs α,7,arms,both,2,1,1,64,76,90,1,1,1,1,4,Gala Suit Cuffs α,Appreciation Ticket,3,Elder Dragon Bone,1.0,High Commendation,2.0,None,None,Gala Suit Cuffs α,Maximum Might,1.0,None,None
706,726,Gala Suit Tail α,7,waist,both,3,1,1,64,76,90,1,1,1,1,4,Gala Suit Tail α,Appreciation Ticket,3,Elder Dragon Bone,1.0,High Commendation,2.0,None,None,Gala Suit Tail α,Slinger Capacity,1.0,None,None
707,732,Gala Suit Slacks α,7,legs,both,3,1,1,64,76,90,1,1,1,1,4,Gala Suit Slacks α,Appreciation Ticket,3,Elder Dragon Bone,1.0,High Commendation,2.0,None,None,Gala Suit Slacks α,Divine Blessing,1.0,None,None
708,219,Butterfly Vertex α,5,head,male,1,0,0,42,64,80,-1,-1,2,0,2,Butterfly Vertex α,Summer Insect Field Guide,1,Hornetaur Carapace,1.0,Carbalite Ore,2.0,Quality Bone,1.0,Butterfly Vertex α,Stun Resistance,2.0,Defense Boost,1.0
709,220,Butterfly Thorax α,5,chest,male,0,0,0,42,64,80,-1,-1,2,0,2,Butterfly Thorax α,Summer Insect Field Guide,1,Vespoid Carapace,1.0,Dragonvein Crystal,3.0,Quality Bone,1.0,Butterfly Thorax α,Health Boost,2.0,Stun Resistance,1.0
710,221,Butterfly Brachia α,5,arms,male,0,0,0,42,64,80,-1,-1,2,0,2,Butterfly Brachia α,Summer Insect Field Guide,1,Hornetaur Carapace,1.0,Carbalite Ore,2.0,Quality Bone,1.0,Butterfly Brachia α,Critical Eye,2.0,Health Boost,1.0
711,222,Butterfly Elytra α,5,waist,male,1,0,0,42,64,80,-1,-1,2,0,2,Butterfly Elytra α,Summer Insect Field Guide,1,Vespoid Carapace,1.0,Dragonvein Crystal,3.0,Quality Bone,1.0,Butterfly Elytra α,Defense Boost,2.0,Marathon Runner,1.0
712,223,Butterfly Crura α,5,legs,male,0,0,0,42,64,80,-1,-1,2,0,2,Butterfly Crura α,Summer Insect Field Guide,1,Hornetaur Carapace,1.0,Carbalite Ore,2.0,Quality Bone,1.0,Butterfly Crura α,Marathon Runner,2.0,Critical Eye,1.0
713,224,Butterfly Vertex β,5,head,male,2,0,0,42,64,80,-1,-1,2,0,2,Butterfly Vertex β,Summer Insect Field Guide,1,Hornetaur Carapace,1.0,Carbalite Ore,2.0,Quality Bone,1.0,Butterfly Vertex β,Stun Resistance,2.0,None,None
714,225,Butterfly Thorax β,5,chest,male,1,0,0,42,64,80,-1,-1,2,0,2,Butterfly Thorax β,Summer Insect Field Guide,1,Vespoid Carapace,1.0,Dragonvein Crystal,3.0,Quality Bone,1.0,Butterfly Thorax β,Health Boost,2.0,None,None
715,226,Butterfly Brachia β,5,arms,male,1,0,0,42,64,80,-1,-1,2,0,2,Butterfly Brachia β,Summer Insect Field Guide,1,Hornetaur Carapace,1.0,Carbalite Ore,2.0,Quality Bone,1.0,Butterfly Brachia β,Critical Eye,2.0,None,None
716,227,Butterfly Elytra β,5,waist,male,3,0,0,42,64,80,-1,-1,2,0,2,Butterfly Elytra β,Summer Insect Field Guide,1,Vespoid Carapace,1.0,Dragonvein Crystal,3.0,Quality Bone,1.0,Butterfly Elytra β,Defense Boost,2.0,None,None
717,228,Butterfly Crura β,5,legs,male,1,0,0,42,64,80,-1,-1,2,0,2,Butterfly Crura β,Summer Insect Field Guide,1,Hornetaur Carapace,1.0,Carbalite Ore,2.0,Quality Bone,1.0,Butterfly Crura β,Marathon Runner,2.0,None,None
718,713,Vaal Hazak Helm γ,8,head,both,3,0,0,72,78,92,-4,4,1,-1,-3,Vaal Hazak Helm γ,Vaal Hazak Ticket,1,Deceased Scale,5.0,Vaal Hazak Carapace,4.0,Vaal Hazak Talon,4.0,Vaal Hazak Helm γ,Recovery Up,2.0,Dragon Attack,1.0
719,714,Vaal Hazak Mail γ,8,chest,both,3,0,0,72,78,92,-4,4,1,-1,-3,Vaal Hazak Mail γ,Vaal Hazak Ticket,1,Deceased Scale,5.0,Vaal Hazak Carapace,4.0,Vaal Hazak Membrane,3.0,Vaal Hazak Mail γ,Peak Performance,1.0,Recovery Up,1.0
720,715,Vaal Hazak Braces γ,8,arms,both,3,2,0,72,78,92,-4,4,1,-1,-3,Vaal Hazak Braces γ,Vaal Hazak Ticket,1,Vaal Hazak Fang+,3.0,Deceased Scale,6.0,Vaal Hazak Gem,1.0,Vaal Hazak Braces γ,Dragon Attack,3.0,None,None
721,716,Vaal Hazak Coil γ,8,waist,both,2,1,1,72,78,92,-4,4,1,-1,-3,Vaal Hazak Coil γ,Vaal Hazak Ticket,1,Vaal Hazak Carapace,5.0,Vaal Hazak Wing,4.0,Vaal Hazak Membrane,3.0,Vaal Hazak Coil γ,Recovery Speed,2.0,Dragon Attack,1.0
722,717,Vaal Hazak Greaves γ,8,legs,both,3,1,0,72,78,92,-4,4,1,-1,-3,Vaal Hazak Greaves γ,Vaal Hazak Ticket,1,Vaal Hazak Carapace,5.0,Vaal Hazak Fang+,3.0,Vaal Hazak Tail,2.0,Vaal Hazak Greaves γ,Peak Performance,1.0,Recovery Speed,1.0
723,669,Kirin Horn γ,8,head,both,2,0,0,72,78,92,-3,-2,4,-2,2,Kirin Horn γ,Kirin Ticket,1,Kirin Hide+,3.0,Kirin Azure Horn,1.0,Kirin Thundertail,2.0,Kirin Horn γ,Blight Resistance,1.0,Thunder Attack,3.0
724,670,Kirin Jacket γ,8,chest,both,1,1,0,72,78,92,-3,-2,4,-2,2,Kirin Jacket γ,Kirin Ticket,1,Kirin Hide+,4.0,Kirin Azure Horn,3.0,Elder Dragon Blood,3.0,Kirin Jacket γ,Free Elem/Ammo Up,2.0,None,None
725,671,Kirin Longarms γ,8,arms,both,2,2,0,72,78,92,-3,-2,4,-2,2,Kirin Longarms γ,Kirin Ticket,1,Kirin Hide+,3.0,Kirin Thundertail,3.0,Novacrystal,1.0,Kirin Longarms γ,Blight Resistance,1.0,Free Elem/Ammo Up,1.0
726,672,Kirin Hoop γ,8,waist,both,1,1,0,72,78,92,-3,-2,4,-2,2,Kirin Hoop γ,Kirin Ticket,1,Kirin Hide+,3.0,Kirin Azure Horn,1.0,Elder Dragon Bone,3.0,Kirin Hoop γ,Marathon Runner,2.0,None,None
727,673,Kirin Leg Guards γ,8,legs,both,3,0,0,72,78,92,-3,-2,4,-2,2,Kirin Leg Guards γ,Kirin Ticket,1,Kirin Hide+,3.0,Kirin Mane,4.0,Novacrystal,1.0,Kirin Leg Guards γ,Blight Resistance,1.0,Thunder Attack,2.0
728,733,Kaiser Crown γ,8,head,both,2,2,0,72,78,92,3,-3,1,-3,1,Kaiser Crown γ,Teostra Ticket,1,Teostra Carapace,5.0,Teostra Webbing,4.0,Teostra Powder,4.0,Kaiser Crown γ,Critical Eye,2.0,None,None
729,734,Kaiser Mail γ,8,chest,both,2,0,0,72,78,92,3,-3,1,-3,1,Kaiser Mail γ,Teostra Ticket,1,Teostra Carapace,5.0,Teostra Horn+,2.0,Teostra Tail,2.0,Kaiser Mail γ,Latent Power,2.0,Weakness Exploit,1.0
730,735,Kaiser Vambraces γ,8,arms,both,3,0,0,72,78,92,3,-3,1,-3,1,Kaiser Vambraces γ,Teostra Ticket,1,Fire Dragon Scale+,4.0,Teostra Carapace,4.0,Teostra Mane,3.0,Kaiser Vambraces γ,Critical Eye,3.0,None,None
731,736,Kaiser Coil γ,8,waist,both,1,1,0,72,78,92,3,-3,1,-3,1,Kaiser Coil γ,Teostra Ticket,1,Teostra Horn+,3.0,Fire Dragon Scale+,6.0,Teostra Gem,1.0,Kaiser Coil γ,Latent Power,3.0,None,None
732,737,Kaiser Greaves γ,8,legs,both,3,1,0,72,78,92,3,-3,1,-3,1,Kaiser Greaves γ,Teostra Ticket,1,Fire Dragon Scale+,4.0,Teostra Carapace,4.0,Teostra Claw+,4.0,Kaiser Greaves γ,Critical Eye,2.0,None,None
733,753,Kushala Glare γ,8,head,both,2,0,0,72,78,92,0,2,-3,4,-2,Kushala Glare γ,Kushala Daora Ticket,1,Daora Carapace,5.0,Daora Horn+,3.0,Daora Gem,1.0,Kushala Glare γ,Handicraft,2.0,None,None
734,754,Kushala Cista γ,8,chest,both,2,0,0,72,78,92,0,2,-3,4,-2,Kushala Cista γ,Kushala Daora Ticket,1,Daora Dragon Scale+,4.0,Daora Carapace,4.0,Daora Webbing,2.0,Kushala Cista γ,Ice Attack,3.0,Evade Extender,1.0
735,755,Kushala Grip γ,8,arms,both,1,1,1,72,78,92,0,2,-3,4,-2,Kushala Grip γ,Kushala Daora Ticket,1,Daora Dragon Scale+,4.0,Daora Carapace,4.0,Daora Claw+,2.0,Kushala Grip γ,Focus,2.0,None,None
736,756,Kushala Cocoon γ,8,waist,both,1,1,0,72,78,92,0,2,-3,4,-2,Kushala Cocoon γ,Kushala Daora Ticket,1,Daora Carapace,5.0,Daora Dragon Scale+,4.0,Daora Webbing,3.0,Kushala Cocoon γ,Handicraft,2.0,None,None
737,757,Kushala Crus γ,8,legs,both,3,0,0,72,78,92,0,2,-3,4,-2,Kushala Crus γ,Kushala Daora Ticket,1,Daora Carapace,5.0,Daora Horn+,2.0,Daora Tail,2.0,Kushala Crus γ,Evade Window,2.0,None,None
738,778,Nergigante Helm γ,8,head,both,2,2,0,72,78,92,1,1,-3,1,-3,Nergigante Helm γ,Nergigante Ticket,1,Nergigante Carapace,4.0,Immortal Dragonscale,4.0,Nergigante Regrowth Plate,4.0,Nergigante Helm γ,Stamina Surge,1.0,Agitator,1.0
739,779,Nergigante Mail γ,8,chest,both,3,2,1,72,78,92,1,1,-3,1,-3,Nergigante Mail γ,Nergigante Ticket,1,Nergigante Horn+,2.0,Nergigante Carapace,6.0,Nergigante Gem,1.0,Nergigante Mail γ,Maximum Might,1.0,None,None
740,780,Nergigante Vambraces γ,8,arms,both,2,1,1,72,78,92,1,1,-3,1,-3,Nergigante Vambraces γ,Nergigante Ticket,1,Nergigante Carapace,4.0,Immortal Dragonscale,4.0,Nergigante Regrowth Plate,2.0,Nergigante Vambraces γ,Partbreaker,1.0,Attack Boost,1.0
741,781,Nergigante Coil γ,8,waist,both,3,1,0,72,78,92,1,1,-3,1,-3,Nergigante Coil γ,Nergigante Ticket,1,Nergigante Carapace,4.0,Nergigante Horn+,1.0,Nergigante Tail,2.0,Nergigante Coil γ,Maximum Might,1.0,Agitator,1.0
742,782,Nergigante Greaves γ,8,legs,both,2,2,0,72,78,92,1,1,-3,1,-3,Nergigante Greaves γ,Nergigante Ticket,1,Nergigante Carapace,4.0,Immortal Dragonscale,4.0,Nergigante Talon,2.0,Nergigante Greaves γ,Attack Boost,3.0,None,None
743,763,Zorah Headgear γ,8,head,both,2,0,0,72,78,92,4,-3,-1,-2,-3,Zorah Headgear γ,Zorah Magdaros Ticket,1,Zorah Magdaros Heat Scale,5.0,Zorah Magdaros Pleura,2.0,Zorah Magdaros Magma,3.0,Zorah Headgear γ,Windproof,2.0,Critical Eye,2.0
744,764,Zorah Hide γ,8,chest,both,1,1,1,72,78,92,4,-3,-1,-2,-3,Zorah Hide γ,Zorah Magdaros Ticket,1,Zorah Magdaros Heat Scale,5.0,Zorah Magdaros Ridge,1.0,Zorah Magdaros Carapace,4.0,Zorah Hide γ,Tremor Resistance,2.0,None,None
745,765,Zorah Claws γ,8,arms,both,3,1,0,72,78,92,4,-3,-1,-2,-3,Zorah Claws γ,Zorah Magdaros Ticket,1,Zorah Magdaros Ridge,1.0,Zorah Magdaros Carapace,2.0,Zorah Magdaros Gem,1.0,Zorah Claws γ,Earplugs,2.0,None,None
746,766,Zorah Spine γ,8,waist,both,3,2,0,72,78,92,4,-3,-1,-2,-3,Zorah Spine γ,Zorah Magdaros Ticket,1,Zorah Magdaros Carapace,4.0,Zorah Magdaros Pleura,2.0,Zorah Magdaros Ridge,1.0,Zorah Spine γ,Bombardier,2.0,Critical Eye,1.0
747,767,Zorah Spurs γ,8,legs,both,3,2,0,72,78,92,4,-3,-1,-2,-3,Zorah Spurs γ,Zorah Magdaros Ticket,1,Zorah Magdaros Carapace,5.0,Zorah Magdaros Magma,2.0,Zorah Magdaros Ridge,1.0,Zorah Spurs γ,Blast Attack,2.0,Critical Eye,1.0
748,768,Xeno'jiiva Headgear γ,8,head,both,2,1,1,72,78,92,-3,2,2,2,-4,Xeno'jiiva Headgear γ,Xeno'jiiva Ticket,1,Xeno'jiiva Shell,4.0,Xeno'jiiva Wing,3.0,Xeno'jiiva Tail,2.0,Xeno'jiiva Headgear γ,Blight Resistance,2.0,Power Prolonger,1.0
749,769,Xeno'jiiva Hide γ,8,chest,both,1,1,0,72,78,92,-3,2,2,2,-4,Xeno'jiiva Hide γ,Xeno'jiiva Ticket,1,Xeno'jiiva Soulscale,5.0,Xeno'jiiva Shell,4.0,Xeno'jiiva Horn,2.0,Xeno'jiiva Hide γ,Flinch Free,2.0,None,None
750,770,Xeno'jiiva Claws γ,8,arms,both,2,2,1,72,78,92,-3,2,2,2,-4,Xeno'jiiva Claws γ,Xeno'jiiva Ticket,1,Xeno'jiiva Soulscale,4.0,Xeno'jiiva Shell,4.0,Xeno'jiiva Veil,3.0,Xeno'jiiva Claws γ,Power Prolonger,1.0,Special Ammo Boost,1.0
751,771,Xeno'jiiva Spine γ,8,waist,both,3,1,0,72,78,92,-3,2,2,2,-4,Xeno'jiiva Spine γ,Xeno'jiiva Ticket,1,Xeno'jiiva Horn,3.0,Xeno'jiiva Soulscale,6.0,Xeno'jiiva Gem,1.0,Xeno'jiiva Spine γ,Critical Boost,1.0,None,None
752,772,Xeno'jiiva Spurs γ,8,legs,both,2,1,1,72,78,92,-3,2,2,2,-4,Xeno'jiiva Spurs γ,Xeno'jiiva Ticket,1,Xeno'jiiva Shell,4.0,Xeno'jiiva Claw,3.0,Xeno'jiiva Gem,1.0,Xeno'jiiva Spurs γ,Critical Boost,1.0,None,None
753,758,Empress Crown γ,8,head,both,1,1,1,70,76,90,3,1,1,-3,-2,Empress Crown γ,Lunastra Ticket,1,Lunastra Carapace,4.0,Lunastra Wing,3.0,Lunastra Mane,2.0,Empress Crown γ,Wide-Range,2.0,Peak Performance,1.0
754,759,Empress Mail γ,8,chest,both,3,0,0,70,76,90,3,1,1,-3,-2,Empress Mail γ,Lunastra Ticket,1,Lunastra Carapace,4.0,Lunastra Horn,1.0,Lunastra Wing,2.0,Empress Mail γ,Earplugs,2.0,Tool Specialist,1.0
755,760,Empress Vambraces γ,8,arms,both,3,1,0,70,76,90,3,1,1,-3,-2,Empress Vambraces γ,Lunastra Ticket,1,Lunastra Scale+,4.0,Lunastra Carapace,4.0,Lunastra Tail,2.0,Empress Vambraces γ,Agitator,2.0,Evade Extender,1.0
756,761,Empress Coil γ,8,waist,both,3,0,0,70,76,90,3,1,1,-3,-2,Empress Coil γ,Lunastra Ticket,1,Lunastra Horn,2.0,Lunastra Scale+,4.0,Lunastra Mane,2.0,Empress Coil γ,Evade Window,2.0,Health Boost,2.0
757,762,Empress Greaves γ,8,legs,both,3,0,0,70,76,90,3,1,1,-3,-2,Empress Greaves γ,Lunastra Ticket,1,Lunastra Scale+,4.0,Lunastra Carapace,4.0,Lunastra Gem,1.0,Empress Greaves γ,Earplugs,2.0,Agitator,1.0
758,773,Kulve Taroth's Fury γ,8,head,both,3,1,1,72,78,92,4,-2,3,-4,-2,Kulve Taroth's Fury γ,Kulve Taroth Emperor Nugget,7,Kulve Taroth Golden Scale,15.0,Kulve Taroth Golden Shell,12.0,Kulve Taroth Golden Spiralhorn,8.0,Kulve Taroth's Fury γ,Power Prolonger,1.0,Stun Resistance,1.0
759,774,Kulve Taroth's Ire γ,8,chest,both,1,0,0,72,78,92,4,-2,3,-4,-2,Kulve Taroth's Ire γ,Kulve Taroth Emperor Nugget,7,Kulve Taroth Golden Scale,15.0,Kulve Taroth Golden Shell,12.0,Kulve Taroth Golden Nugget,36.0,Kulve Taroth's Ire γ,Handicraft,2.0,Agitator,1.0
760,775,Kulve Taroth's Rage γ,8,arms,both,1,0,0,72,78,92,4,-2,3,-4,-2,Kulve Taroth's Rage γ,Kulve Taroth Emperor Nugget,7,Kulve Taroth Golden Scale,15.0,Kulve Taroth Golden Spiralhorn,8.0,Kulve Taroth Golden Glimstone,1.0,Kulve Taroth's Rage γ,Handicraft,2.0,Constitution,1.0
761,776,Kulve Taroth's Malice γ,8,waist,both,3,0,0,72,78,92,4,-2,3,-4,-2,Kulve Taroth's Malice γ,Kulve Taroth Emperor Nugget,7,Kulve Taroth Golden Scale,15.0,Kulve Taroth Golden Shell,12.0,Kulve Taroth Golden Tailshell,8.0,Kulve Taroth's Malice γ,Critical Boost,1.0,Weakness Exploit,1.0
762,777,Kulve Taroth's Wrath γ,8,legs,both,3,1,0,72,78,92,4,-2,3,-4,-2,Kulve Taroth's Wrath γ,Kulve Taroth Emperor Nugget,7,Kulve Taroth Golden Scale,15.0,Kulve Taroth Golden Tailshell,8.0,Kulve Taroth Golden Glimstone,1.0,Kulve Taroth's Wrath γ,Agitator,2.0,Heat Guard,1.0
763,738,Azure Starlord Crown α,7,head,both,3,0,0,56,68,82,2,2,0,0,3,Azure Starlord Crown α,Azure Stargem,1,Dodogama Scale+,5.0,Dodogama Hide+,6.0,Dodogama Jaw,3.0,Azure Starlord Crown α,Agitator,1.0,None,None
764,739,Azure Starlord Armor α,7,chest,both,2,0,0,56,68,82,2,2,0,0,3,Azure Starlord Armor α,Azure Stargem,1,Azure Rathalos Scale+,6.0,Azure Rathalos Wing,4.0,Rathalos Medulla,2.0,Azure Starlord Armor α,Handicraft,1.0,None,None
765,740,Azure Starlord Gauntlets α,7,arms,both,3,0,0,56,68,82,2,2,0,0,3,Azure Starlord Gauntlets α,Azure Stargem,1,Dodogama Scale+,5.0,Dodogama Hide+,6.0,Dodogama Talon,4.0,Azure Starlord Gauntlets α,Recovery Up,2.0,None,None
766,741,Azure Starlord Tassets α,7,waist,both,2,0,0,56,68,82,2,2,0,0,3,Azure Starlord Tassets α,Azure Stargem,1,Azure Rathalos Scale+,6.0,Azure Rathalos Carapace,5.0,Azure Rathalos Tail,3.0,Azure Starlord Tassets α,Handicraft,1.0,None,None
767,742,Azure Starlord Guards α,7,legs,both,3,0,0,56,68,82,2,2,0,0,3,Azure Starlord Guards α,Azure Stargem,1,Dodogama Scale+,5.0,Azure Rathalos Carapace,5.0,Dodogama Tail,3.0,Azure Starlord Guards α,Critical Boost,1.0,None,None
768,674,Dante's Hair α,8,head,both,1,0,0,64,70,84,3,-3,3,-3,3,Dante's Hair α,Red Orb,1,Rathalos Scale+,5.0,Odogaron Scale+,5.0,Anjanath Scale+,5.0,Dante's Hair α,Weakness Exploit,1.0,Critical Eye,1.0
769,675,Dante's Coat α,8,chest,both,3,0,0,64,70,84,3,-3,3,-3,3,Dante's Coat α,Red Orb,1,Odogaron Sinew+,6.0,Odogaron Claw+,4.0,Odogaron Plate,1.0,Dante's Coat α,Evade Window,1.0,Critical Eye,1.0
770,676,Dante's Gloves α,8,arms,both,3,0,0,64,70,84,3,-3,3,-3,3,Dante's Gloves α,Red Orb,1,Anjanath Pelt+,6.0,Anjanath Fang+,4.0,Anjanath Plate,1.0,Dante's Gloves α,Evade Window,1.0,Special Ammo Boost,1.0
771,677,Dante's Belt α,8,waist,both,3,0,0,64,70,84,3,-3,3,-3,3,Dante's Belt α,Red Orb,1,Rathalos Carapace,6.0,Rathalos Wing,3.0,Rathalos Plate,1.0,Dante's Belt α,Evade Window,1.0,Latent Power,1.0
772,678,Dante's Leather Boots α,8,legs,both,1,1,0,64,70,84,3,-3,3,-3,3,Dante's Leather Boots α,Red Orb,1,Teostra Carapace,6.0,Teostra Webbing,3.0,Teostra Gem,1.0,Dante's Leather Boots α,Weakness Exploit,2.0,None,None
773,718,Drachen Armet α,8,head,both,3,1,0,72,78,92,-2,-2,3,-2,4,Drachen Armet α,Behemoth Mane,2,Behemoth Bone,3.0,Behemoth Great Horn,1.0,Aetheryte Shard,3.0,Drachen Armet α,Critical Boost,1.0,Airborne,1.0
774,719,Drachen Mail α,8,chest,both,3,0,0,72,78,92,-2,-2,3,-2,4,Drachen Mail α,Behemoth Mane,2,Behemoth Bone,3.0,Behemoth Shearclaw,2.0,Dragonbone Relic,2.0,Drachen Mail α,Critical Eye,2.0,Critical Boost,1.0
775,720,Drachen Vambraces α,8,arms,both,2,2,0,72,78,92,-2,-2,3,-2,4,Drachen Vambraces α,Behemoth Mane,3,Behemoth Bone,3.0,Behemoth Great Horn,1.0,Behemoth Tail,1.0,Drachen Vambraces α,Critical Eye,2.0,Attack Boost,1.0
776,721,Drachen Coil α,8,waist,both,3,0,0,72,78,92,-2,-2,3,-2,4,Drachen Coil α,Behemoth Mane,1,Behemoth Bone,2.0,Behemoth Tail,1.0,Novacrystal,2.0,Drachen Coil α,Critical Eye,2.0,Power Prolonger,1.0
777,722,Drachen Greaves α,8,legs,both,2,0,0,72,78,92,-2,-2,3,-2,4,Drachen Greaves α,Behemoth Mane,1,Behemoth Bone,2.0,Behemoth Shearclaw,1.0,Firecell Stone,2.0,Drachen Greaves α,Attack Boost,2.0,Critical Boost,1.0
778,689,Sealed Eyepatch α,5,head,both,2,1,0,46,68,84,3,2,0,2,0,Sealed Eyepatch α,Black Bandage,2,Shamos Scale+,7.0,Shamos Hide+,5.0,Piercing Claw,4.0,Sealed Eyepatch α,Fire Resistance,1.0,None,None
779,690,Shadow Shades α,5,head,both,1,1,1,46,68,84,4,0,4,2,0,Shadow Shades α,Black Crystal Ticket,3,Lightcrystal,3.0,Novacrystal,1.0,Dragonvein Crystal,5.0,Shadow Shades α,Stun Resistance,1.0,None,None
780,691,Kulu-Ya-Ku Head α,5,head,both,3,1,0,46,68,84,2,0,2,3,2,Kulu-Ya-Ku Head α,Kulu-Ya-Ku Ticket,3,Kulu-Ya-Ku Beak+,1.0,Kulu-Ya-Ku Plume+,4.0,Kulu-Ya-Ku Hide+,5.0,Kulu-Ya-Ku Head α,Pro Transporter,1.0,None,None
781,692,Wiggler Head α,5,head,both,1,1,0,46,68,84,0,4,0,0,4,Wiggler Head α,Wiggler Ticket,3,Shamos Hide+,4.0,Gajau Scale,4.0,Coral Bone,3.0,Wiggler Head α,Wide-Range,2.0,None,None
782,783,Bone Helm α+,9,head,both,3,0,0,114,152,172,2,0,2,0,2,Bone Helm α+,Thick Bone,2,Monster Toughbone,1.0,Warped Bone,1.0,None,None,Bone Helm α+,Health Boost,2.0,Partbreaker,1.0
783,784,Bone Mail α+,9,chest,both,2,0,0,114,152,172,2,0,2,0,2,Bone Mail α+,Thick Bone,2,Monster Toughbone,2.0,Brutal Bone,1.0,None,None,Bone Mail α+,Attack Boost,2.0,Health Boost,1.0
784,785,Bone Vambraces α+,9,arms,both,2,0,0,114,152,172,2,0,2,0,2,Bone Vambraces α+,Thick Bone,2,Monster Toughbone,1.0,Coral Bone,1.0,None,None,Bone Vambraces α+,Slugger,2.0,Attack Boost,1.0
785,786,Bone Coil α+,9,waist,both,3,0,0,114,152,172,2,0,2,0,2,Bone Coil α+,Thick Bone,1,Monster Toughbone,1.0,Ancient Bone,1.0,None,None,Bone Coil α+,Horn Maestro,1.0,Partbreaker,1.0
786,787,Bone Greaves α+,9,legs,both,3,0,0,114,152,172,2,0,2,0,2,Bone Greaves α+,Thick Bone,1,Monster Toughbone,1.0,Boulder Bone,1.0,None,None,Bone Greaves α+,Slugger,1.0,Horn Maestro,1.0
787,788,Bone Helm β+,9,head,both,4,0,0,114,152,172,2,0,2,0,2,Bone Helm β+,Thick Bone,2,Monster Toughbone,1.0,Warped Bone,1.0,None,None,Bone Helm β+,Health Boost,1.0,Partbreaker,1.0
788,789,Bone Mail β+,9,chest,both,4,1,0,114,152,172,2,0,2,0,2,Bone Mail β+,Thick Bone,2,Monster Toughbone,2.0,Brutal Bone,1.0,None,None,Bone Mail β+,Attack Boost,1.0,None,None
789,790,Bone Vambraces β+,9,arms,both,4,1,0,114,152,172,2,0,2,0,2,Bone Vambraces β+,Thick Bone,2,Monster Toughbone,1.0,Coral Bone,1.0,None,None,Bone Vambraces β+,Slugger,1.0,None,None
790,791,Bone Coil β+,9,waist,both,4,1,0,114,152,172,2,0,2,0,2,Bone Coil β+,Thick Bone,1,Monster Toughbone,1.0,Ancient Bone,1.0,None,None,Bone Coil β+,Horn Maestro,1.0,None,None
791,792,Bone Greaves β+,9,legs,both,4,0,0,114,152,172,2,0,2,0,2,Bone Greaves β+,Thick Bone,1,Monster Toughbone,1.0,Boulder Bone,1.0,None,None,Bone Greaves β+,Slugger,1.0,None,None
792,793,Alloy Helm α+,9,head,both,2,0,0,114,152,172,-2,0,-2,-2,0,Alloy Helm α+,Eltalite Ore,1,Carbalite Ore,2.0,Spiritvein Crystal,1.0,Meldspar Ore,1.0,Alloy Helm α+,Windproof,2.0,Defense Boost,1.0
793,794,Alloy Mail α+,9,chest,both,3,0,0,114,152,172,-2,0,-2,-2,0,Alloy Mail α+,Eltalite Ore,1,Carbalite Ore,2.0,Dragonvein Crystal,2.0,None,None,Alloy Mail α+,Water Resistance,2.0,Defense Boost,1.0
794,795,Alloy Vambraces α+,9,arms,both,3,0,0,114,152,172,-2,0,-2,-2,0,Alloy Vambraces α+,Eltalite Ore,1,Carbalite Ore,2.0,Dragonvein Crystal,2.0,None,None,Alloy Vambraces α+,Defense Boost,2.0,Speed Sharpening,1.0
795,796,Alloy Coil α+,9,waist,both,3,0,0,114,152,172,-2,0,-2,-2,0,Alloy Coil α+,Eltalite Ore,1,Carbalite Ore,2.0,Spiritvein Crystal,1.0,None,None,Alloy Coil α+,Poison Resistance,2.0,Windproof,1.0
796,797,Alloy Greaves α+,9,legs,both,3,0,0,114,152,172,-2,0,-2,-2,0,Alloy Greaves α+,Eltalite Ore,1,Carbalite Ore,2.0,Spiritvein Crystal,1.0,None,None,Alloy Greaves α+,Speed Sharpening,2.0,Windproof,1.0
797,798,Alloy Helm β+,9,head,both,4,1,0,114,152,172,-2,0,-2,-2,0,Alloy Helm β+,Eltalite Ore,1,Carbalite Ore,2.0,Spiritvein Crystal,1.0,Meldspar Ore,1.0,Alloy Helm β+,Windproof,1.0,None,None
798,799,Alloy Mail β+,9,chest,both,4,1,0,114,152,172,-2,0,-2,-2,0,Alloy Mail β+,Eltalite Ore,1,Carbalite Ore,2.0,Dragonvein Crystal,2.0,None,None,Alloy Mail β+,Water Resistance,1.0,None,None
799,800,Alloy Vambraces β+,9,arms,both,4,1,0,114,152,172,-2,0,-2,-2,0,Alloy Vambraces β+,Eltalite Ore,1,Carbalite Ore,2.0,Dragonvein Crystal,2.0,None,None,Alloy Vambraces β+,Defense Boost,1.0,None,None
800,801,Alloy Coil β+,9,waist,both,4,0,0,114,152,172,-2,0,-2,-2,0,Alloy Coil β+,Eltalite Ore,1,Carbalite Ore,2.0,Spiritvein Crystal,1.0,None,None,Alloy Coil β+,Poison Resistance,1.0,Windproof,1.0
801,802,Alloy Greaves β+,9,legs,both,4,0,0,114,152,172,-2,0,-2,-2,0,Alloy Greaves β+,Eltalite Ore,1,Carbalite Ore,2.0,Spiritvein Crystal,1.0,None,None,Alloy Greaves β+,Speed Sharpening,1.0,Windproof,1.0
802,803,Vespoid Helm α+,9,head,both,3,0,0,116,154,174,-2,1,1,1,2,Vespoid Helm α+,Vespoid Razorwing,1,Monster Essence,1.0,Thick Bone,1.0,None,None,Vespoid Helm α+,Quick Sheath,1.0,Paralysis Attack,1.0
803,804,Vespoid Mail α+,9,chest,both,2,1,0,116,154,174,-2,1,1,1,2,Vespoid Mail α+,Vespoid Razorwing,1,Monster Essence,1.0,Thick Bone,1.0,None,None,Vespoid Mail α+,Windproof,2.0,None,None
804,805,Vespoid Vambraces α+,9,arms,both,3,0,0,116,154,174,-2,1,1,1,2,Vespoid Vambraces α+,Vespoid Razorwing,1,Monster Essence,2.0,Thick Bone,2.0,None,None,Vespoid Vambraces α+,Paralysis Attack,2.0,Quick Sheath,1.0
805,806,Vespoid Coil α+,9,waist,both,3,0,0,116,154,174,-2,1,1,1,2,Vespoid Coil α+,Vespoid Razorwing,1,Monster Essence,2.0,Thick Bone,2.0,None,None,Vespoid Coil α+,Paralysis Resistance,2.0,Quick Sheath,1.0
806,807,Vespoid Greaves α+,9,legs,both,3,0,0,116,154,174,-2,1,1,1,2,Vespoid Greaves α+,Vespoid Razorwing,1,Monster Essence,1.0,Thick Bone,1.0,None,None,Vespoid Greaves α+,Critical Draw,1.0,Paralysis Resistance,1.0
807,808,Vespoid Helm β+,9,head,both,4,1,0,116,154,174,-2,1,1,1,2,Vespoid Helm β+,Vespoid Razorwing,1,Monster Essence,1.0,Thick Bone,1.0,None,None,Vespoid Helm β+,Quick Sheath,1.0,None,None
808,809,Vespoid Mail β+,9,chest,both,4,1,0,116,154,174,-2,1,1,1,2,Vespoid Mail β+,Vespoid Razorwing,1,Monster Essence,1.0,Thick Bone,1.0,None,None,Vespoid Mail β+,Windproof,1.0,None,None
809,810,Vespoid Vambraces β+,9,arms,both,4,1,0,116,154,174,-2,1,1,1,2,Vespoid Vambraces β+,Vespoid Razorwing,1,Monster Essence,2.0,Thick Bone,2.0,None,None,Vespoid Vambraces β+,Paralysis Attack,1.0,None,None
810,811,Vespoid Coil β+,9,waist,both,4,1,0,116,154,174,-2,1,1,1,2,Vespoid Coil β+,Vespoid Razorwing,1,Monster Essence,2.0,Thick Bone,2.0,None,None,Vespoid Coil β+,Paralysis Resistance,1.0,None,None
811,812,Vespoid Greaves β+,9,legs,both,4,1,0,116,154,174,-2,1,1,1,2,Vespoid Greaves β+,Vespoid Razorwing,1,Monster Essence,1.0,Thick Bone,1.0,None,None,Vespoid Greaves β+,Critical Draw,1.0,None,None
812,813,Hornetaur Helm α+,9,head,both,2,0,0,116,154,174,-1,-1,0,0,2,Hornetaur Helm α+,Hornetaur Razorwing,2,Monster Essence,1.0,Meldspar Ore,1.0,None,None,Hornetaur Helm α+,Weakness Exploit,1.0,Dragon Attack,2.0
813,814,Hornetaur Mail α+,9,chest,both,2,1,0,116,154,174,-1,-1,0,0,2,Hornetaur Mail α+,Hornetaur Razorwing,1,Monster Essence,1.0,Eltalite Ore,1.0,None,None,Hornetaur Mail α+,Effluvial Expert,1.0,Hunger Resistance,2.0
814,815,Hornetaur Vambraces α+,9,arms,both,3,0,0,116,154,174,-1,-1,0,0,2,Hornetaur Vambraces α+,Hornetaur Razorwing,1,Monster Essence,1.0,Eltalite Ore,1.0,None,None,Hornetaur Vambraces α+,Free Meal,1.0,Handicraft,1.0
815,816,Hornetaur Coil α+,9,waist,both,2,0,0,116,154,174,-1,-1,0,0,2,Hornetaur Coil α+,Hornetaur Razorwing,1,Monster Essence,2.0,Eltalite Ore,2.0,None,None,Hornetaur Coil α+,Weakness Exploit,1.0,Hunger Resistance,1.0
816,817,Hornetaur Greaves α+,9,legs,both,2,1,0,116,154,174,-1,-1,0,0,2,Hornetaur Greaves α+,Hornetaur Razorwing,1,Monster Essence,2.0,Eltalite Ore,2.0,None,None,Hornetaur Greaves α+,Handicraft,1.0,Dragon Attack,1.0
817,818,Hornetaur Helm β+,9,head,both,4,0,0,116,154,174,-1,-1,0,0,2,Hornetaur Helm β+,Hornetaur Razorwing,2,Monster Essence,1.0,Meldspar Ore,1.0,None,None,Hornetaur Helm β+,Weakness Exploit,1.0,Dragon Attack,1.0
818,819,Hornetaur Mail β+,9,chest,both,4,2,1,116,154,174,-1,-1,0,0,2,Hornetaur Mail β+,Hornetaur Razorwing,1,Monster Essence,1.0,Eltalite Ore,1.0,None,None,Hornetaur Mail β+,Effluvial Expert,1.0,None,None
819,820,Hornetaur Vambraces β+,9,arms,both,4,2,0,116,154,174,-1,-1,0,0,2,Hornetaur Vambraces β+,Hornetaur Razorwing,1,Monster Essence,1.0,Eltalite Ore,1.0,None,None,Hornetaur Vambraces β+,Free Meal,1.0,None,None
820,821,Hornetaur Coil β+,9,waist,both,4,1,0,116,154,174,-1,-1,0,0,2,Hornetaur Coil β+,Hornetaur Razorwing,1,Monster Essence,2.0,Eltalite Ore,2.0,None,None,Hornetaur Coil β+,Weakness Exploit,1.0,None,None
821,822,Hornetaur Greaves β+,9,legs,both,4,1,0,116,154,174,-1,-1,0,0,2,Hornetaur Greaves β+,Hornetaur Razorwing,1,Monster Essence,2.0,Eltalite Ore,2.0,None,None,Hornetaur Greaves β+,Handicraft,1.0,None,None
822,823,Kestodon Guards α+,9,arms,both,1,1,0,116,154,174,4,0,0,0,0,Kestodon Guards α+,Kestodon Husk,3,Thick Bone,2.0,None,None,None,None,Kestodon Guards α+,Affinity Sliding,1.0,Focus,2.0
823,824,Kestodon Guards β+,9,arms,both,4,1,0,116,154,174,4,0,0,0,0,Kestodon Guards β+,Kestodon Husk,3,Thick Bone,2.0,None,None,None,None,Kestodon Guards β+,Affinity Sliding,1.0,Focus,1.0
824,825,Gajau Boots α+,9,legs,both,2,1,0,116,154,174,0,5,0,0,0,Gajau Boots α+,Gajau Thickhide,2,Steel Gajau Whisker,1.0,Eltalite Ore,2.0,None,None,Gajau Boots α+,Aquatic/Polar Mobility,2.0,Water Attack,2.0
825,826,Gajau Boots β+,9,legs,both,4,1,0,116,154,174,0,5,0,0,0,Gajau Boots β+,Gajau Thickhide,2,Steel Gajau Whisker,1.0,Eltalite Ore,2.0,None,None,Gajau Boots β+,Aquatic/Polar Mobility,1.0,Water Attack,1.0
826,827,Shamos Goggles α+,9,head,both,2,1,0,116,154,174,2,2,0,-3,0,Shamos Goggles α+,Shamos Shard,2,Tough Claw,1.0,Spiritvein Crystal,2.0,None,None,Shamos Goggles α+,Detector,1.0,Geologist,2.0
827,828,Shamos Goggles β+,9,head,both,4,2,0,116,154,174,2,2,0,-3,0,Shamos Goggles β+,Shamos Shard,2,Tough Claw,1.0,Spiritvein Crystal,2.0,None,None,Shamos Goggles β+,Detector,1.0,Geologist,1.0
828,829,Gastodon Horn α+,9,head,both,1,0,0,116,154,174,3,0,0,0,0,Gastodon Horn α+,Gastodon Husk,3,Prized Pelt,1.0,Thick Bone,3.0,None,None,Gastodon Horn α+,Flinch Free,2.0,Blast Resistance,1.0
829,830,Gastodon Horn β+,9,head,both,4,1,0,116,154,174,3,0,0,0,0,Gastodon Horn β+,Gastodon Husk,3,Prized Pelt,1.0,Thick Bone,3.0,None,None,Gastodon Horn β+,Flinch Free,1.0,Blast Resistance,1.0
830,831,Barnos Jacket α+,9,chest,both,2,2,0,116,154,174,1,1,0,1,-2,Barnos Jacket α+,Barnos Hardclaw,2,Wingdrake Finehide,2.0,Meldspar Ore,1.0,None,None,Barnos Jacket α+,Heat Guard,1.0,Iron Skin,2.0
831,832,Barnos Jacket β+,9,chest,both,4,2,0,116,154,174,1,1,0,1,-2,Barnos Jacket β+,Barnos Hardclaw,2,Wingdrake Finehide,2.0,Meldspar Ore,1.0,None,None,Barnos Jacket β+,Heat Guard,1.0,Iron Skin,1.0
832,833,Wulg Scarf α+,9,head,both,2,1,0,116,154,174,-3,2,-2,3,2,Wulg Scarf α+,Wulg Thickfur,3,Wingdrake Finehide,1.0,Eltalite Ore,2.0,None,None,Wulg Scarf α+,Ice Resistance,2.0,Master Mounter,1.0
833,834,Wulg Scarf β+,9,head,both,4,1,0,116,154,174,-3,2,-2,3,2,Wulg Scarf β+,Wulg Thickfur,3,Wingdrake Finehide,1.0,Eltalite Ore,2.0,None,None,Wulg Scarf β+,Ice Resistance,1.0,Master Mounter,1.0
834,835,Cortos Cape α+,9,chest,both,1,1,0,116,154,174,-3,2,0,2,0,Cortos Cape α+,Cortos Hardclaw,2,Wingdrake Finehide,2.0,Frozen Bone,1.0,None,None,Cortos Cape α+,Hunger Resistance,2.0,Jump Master,1.0
835,836,Cortos Cape β+,9,chest,both,4,0,0,116,154,174,-3,2,0,2,0,Cortos Cape β+,Cortos Hardclaw,2,Wingdrake Finehide,2.0,Frozen Bone,1.0,None,None,Cortos Cape β+,Hunger Resistance,1.0,Jump Master,1.0
836,837,Jagras Helm α+,9,head,both,2,0,0,116,154,174,-2,2,-1,-1,1,Jagras Helm α+,Great Jagras Thickhide,1,Great Jagras Shard,3.0,Monster Toughbone,2.0,Jagras Shard,1.0,Jagras Helm α+,Speed Eating,2.0,Attack Boost,2.0
837,838,Jagras Mail α+,9,chest,both,3,0,0,116,154,174,-2,2,-1,-1,1,Jagras Mail α+,Great Jagras Thickhide,1,Great Jagras Shard,1.0,Great Jagras Hardclaw,1.0,Jagras Shard,1.0,Jagras Mail α+,Evade Extender,1.0,Attack Boost,2.0
838,839,Jagras Vambraces α+,9,arms,both,2,0,0,116,154,174,-2,2,-1,-1,1,Jagras Vambraces α+,Great Jagras Thickhide,1,Great Jagras Mane+,2.0,Great Jagras Hardclaw,1.0,Tough Claw,2.0,Jagras Vambraces α+,Evade Extender,2.0,Recovery Up,1.0
839,840,Jagras Coil α+,9,waist,both,2,1,0,116,154,174,-2,2,-1,-1,1,Jagras Coil α+,Great Jagras Thickhide,1,Great Jagras Shard,1.0,Great Jagras Mane+,1.0,Jagras Shard,1.0,Jagras Coil α+,Recovery Up,1.0,Speed Eating,1.0
840,841,Jagras Greaves α+,9,legs,both,2,1,0,116,154,174,-2,2,-1,-1,1,Jagras Greaves α+,Great Jagras Thickhide,1,Great Jagras Shard,1.0,Great Jagras Mane+,1.0,Jagras Shard,1.0,Jagras Greaves α+,Free Meal,1.0,Recovery Up,1.0
841,842,Jagras Helm β+,9,head,both,4,1,0,116,154,174,-2,2,-1,-1,1,Jagras Helm β+,Great Jagras Thickhide,1,Great Jagras Shard,3.0,Monster Toughbone,2.0,Jagras Shard,1.0,Jagras Helm β+,Speed Eating,1.0,Attack Boost,1.0
842,843,Jagras Mail β+,9,chest,both,4,0,0,116,154,174,-2,2,-1,-1,1,Jagras Mail β+,Great Jagras Thickhide,1,Great Jagras Shard,1.0,Great Jagras Hardclaw,1.0,Jagras Shard,1.0,Jagras Mail β+,Evade Extender,1.0,Attack Boost,1.0
843,844,Jagras Vambraces β+,9,arms,both,4,0,0,116,154,174,-2,2,-1,-1,1,Jagras Vambraces β+,Great Jagras Thickhide,1,Great Jagras Mane+,2.0,Great Jagras Hardclaw,1.0,Tough Claw,2.0,Jagras Vambraces β+,Evade Extender,1.0,Recovery Up,1.0
844,845,Jagras Coil β+,9,waist,both,4,1,0,116,154,174,-2,2,-1,-1,1,Jagras Coil β+,Great Jagras Thickhide,1,Great Jagras Shard,1.0,Great Jagras Mane+,1.0,Jagras Shard,1.0,Jagras Coil β+,Recovery Up,1.0,None,None
845,846,Jagras Greaves β+,9,legs,both,4,1,0,116,154,174,-2,2,-1,-1,1,Jagras Greaves β+,Great Jagras Thickhide,1,Great Jagras Shard,1.0,Great Jagras Mane+,1.0,Jagras Shard,1.0,Jagras Greaves β+,Free Meal,1.0,None,None
846,847,Tzitzi Headgear α+,9,head,both,2,1,0,116,154,174,0,0,-3,-2,0,Tzitzi Headgear α+,Tzitzi-Ya-Ku Thickhide,2,Tzitzi-Ya-Ku Hardclaw,1.0,Tzitzi-Ya-Ku Photomembrane,1.0,Shamos Shard,2.0,Tzitzi Headgear α+,Free Elem/Ammo Up,1.0,Stun Resistance,1.0
847,848,Tzitzi Mail α+,9,chest,both,1,1,0,116,154,174,0,0,-3,-2,0,Tzitzi Mail α+,Tzitzi-Ya-Ku Thickhide,2,Tzitzi-Ya-Ku Shard,1.0,Tzitzi-Ya-Ku Photomembrane,1.0,Shamos Shard,1.0,Tzitzi Mail α+,Constitution,2.0,Water Attack,2.0
848,849,Tzitzi Vambraces α+,9,arms,both,2,0,0,116,154,174,0,0,-3,-2,0,Tzitzi Vambraces α+,Tzitzi-Ya-Ku Thickhide,2,Tzitzi-Ya-Ku Shard,1.0,Tzitzi-Ya-Ku Photomembrane,1.0,Bathycite Ore,2.0,Tzitzi Vambraces α+,Stun Resistance,2.0,Wide-Range,2.0
849,850,Tzitzi Coil α+,9,waist,both,2,0,0,116,154,174,0,0,-3,-2,0,Tzitzi Coil α+,Tzitzi-Ya-Ku Thickhide,2,Tzitzi-Ya-Ku Shard,1.0,Tzitzi-Ya-Ku Hardclaw,1.0,Shamos Shard,1.0,Tzitzi Coil α+,Wide-Range,2.0,Water Attack,2.0
850,851,Tzitzi Greaves α+,9,legs,both,3,0,0,116,154,174,0,0,-3,-2,0,Tzitzi Greaves α+,Tzitzi-Ya-Ku Thickhide,2,Tzitzi-Ya-Ku Shard,1.0,Tzitzi-Ya-Ku Hardclaw,1.0,Bathycite Ore,2.0,Tzitzi Greaves α+,Sleep Resistance,2.0,Wide-Range,1.0
851,852,Tzitzi Headgear β+,9,head,both,4,1,0,116,154,174,0,0,-3,-2,0,Tzitzi Headgear β+,Tzitzi-Ya-Ku Thickhide,2,Tzitzi-Ya-Ku Hardclaw,1.0,Tzitzi-Ya-Ku Photomembrane,1.0,Shamos Shard,2.0,Tzitzi Headgear β+,Free Elem/Ammo Up,1.0,None,None
852,853,Tzitzi Mail β+,9,chest,both,4,1,0,116,154,174,0,0,-3,-2,0,Tzitzi Mail β+,Tzitzi-Ya-Ku Thickhide,2,Tzitzi-Ya-Ku Shard,1.0,Tzitzi-Ya-Ku Photomembrane,1.0,Shamos Shard,1.0,Tzitzi Mail β+,Constitution,1.0,Water Attack,1.0
853,854,Tzitzi Vambraces β+,9,arms,both,4,0,0,116,154,174,0,0,-3,-2,0,Tzitzi Vambraces β+,Tzitzi-Ya-Ku Thickhide,2,Tzitzi-Ya-Ku Shard,1.0,Tzitzi-Ya-Ku Photomembrane,1.0,Bathycite Ore,2.0,Tzitzi Vambraces β+,Stun Resistance,2.0,Wide-Range,1.0
854,855,Tzitzi Coil β+,9,waist,both,4,1,0,116,154,174,0,0,-3,-2,0,Tzitzi Coil β+,Tzitzi-Ya-Ku Thickhide,2,Tzitzi-Ya-Ku Shard,1.0,Tzitzi-Ya-Ku Hardclaw,1.0,Shamos Shard,1.0,Tzitzi Coil β+,Wide-Range,2.0,None,None
855,856,Tzitzi Greaves β+,9,legs,both,4,0,0,116,154,174,0,0,-3,-2,0,Tzitzi Greaves β+,Tzitzi-Ya-Ku Thickhide,2,Tzitzi-Ya-Ku Shard,1.0,Tzitzi-Ya-Ku Hardclaw,1.0,Bathycite Ore,2.0,Tzitzi Greaves β+,Sleep Resistance,1.0,Wide-Range,1.0
856,857,Girros Headgear α+,9,head,both,2,0,0,116,154,174,0,-3,2,0,1,Girros Headgear α+,Great Girros Thickhide,2,Great Girros Hardfang,1.0,Ultraplegia Sac,1.0,Warped Bone,2.0,Girros Headgear α+,Horn Maestro,2.0,Paralysis Resistance,1.0
857,858,Girros Mail α+,9,chest,both,2,0,0,116,154,174,0,-3,2,0,1,Girros Mail α+,Great Girros Thickhide,2,Great Girros Shard,2.0,Great Girros Hardhood,1.0,Girros Shard,2.0,Girros Mail α+,Paralysis Resistance,2.0,Free Elem/Ammo Up,1.0
858,859,Girros Vambraces α+,9,arms,both,1,0,0,116,154,174,0,-3,2,0,1,Girros Vambraces α+,Great Girros Thickhide,2,Great Girros Shard,2.0,Great Girros Hardhood,1.0,Warped Bone,2.0,Girros Vambraces α+,Free Elem/Ammo Up,1.0,Effluvia Resistance,2.0
859,860,Girros Coil α+,9,waist,both,3,0,0,116,154,174,0,-3,2,0,1,Girros Coil α+,Great Girros Thickhide,2,Great Girros Lash,1.0,Ultraplegia Sac,1.0,Girros Shard,1.0,Girros Coil α+,Effluvial Expert,1.0,Paralysis Attack,2.0
860,861,Girros Greaves α+,9,legs,both,1,0,0,116,154,174,0,-3,2,0,1,Girros Greaves α+,Great Girros Thickhide,2,Great Girros Hardfang,2.0,Great Girros Shard,2.0,Girros Shard,1.0,Girros Greaves α+,Paralysis Attack,2.0,Free Elem/Ammo Up,1.0
861,862,Girros Headgear β+,9,head,both,4,0,0,116,154,174,0,-3,2,0,1,Girros Headgear β+,Great Girros Thickhide,2,Great Girros Hardfang,1.0,Ultraplegia Sac,1.0,Warped Bone,2.0,Girros Headgear β+,Horn Maestro,2.0,None,None
862,863,Girros Mail β+,9,chest,both,4,2,0,116,154,174,0,-3,2,0,1,Girros Mail β+,Great Girros Thickhide,2,Great Girros Shard,2.0,Great Girros Hardhood,1.0,Girros Shard,2.0,Girros Mail β+,Paralysis Resistance,2.0,None,None
863,864,Girros Vambraces β+,9,arms,both,4,0,0,116,154,174,0,-3,2,0,1,Girros Vambraces β+,Great Girros Thickhide,2,Great Girros Shard,2.0,Great Girros Hardhood,1.0,Warped Bone,2.0,Girros Vambraces β+,Free Elem/Ammo Up,1.0,Effluvia Resistance,1.0
864,865,Girros Coil β+,9,waist,both,4,2,0,116,154,174,0,-3,2,0,1,Girros Coil β+,Great Girros Thickhide,2,Great Girros Lash,1.0,Ultraplegia Sac,1.0,Girros Shard,1.0,Girros Coil β+,Effluvial Expert,1.0,None,None
865,866,Girros Greaves β+,9,legs,both,4,0,0,116,154,174,0,-3,2,0,1,Girros Greaves β+,Great Girros Thickhide,2,Great Girros Hardfang,2.0,Great Girros Shard,2.0,Girros Shard,1.0,Girros Greaves β+,Paralysis Attack,2.0,None,None
866,867,Dodogama Helm α+,9,head,both,3,0,0,120,158,178,2,0,-3,0,2,Dodogama Helm α+,Dodogama Thickhide,2,Dodogama Shard,1.0,Dodogama Mandible,1.0,Meldspar Ore,1.0,Dodogama Helm α+,Blast Resistance,2.0,Bombardier,1.0
867,868,Dodogama Mail α+,9,chest,both,2,0,0,120,158,178,2,0,-3,0,2,Dodogama Mail α+,Dodogama Thickhide,2,Dodogama Lash,1.0,Dodogama Mandible,1.0,Gastodon Husk,2.0,Dodogama Mail α+,Blast Attack,2.0,Artillery,1.0
868,869,Dodogama Vambraces α+,9,arms,both,2,0,0,120,158,178,2,0,-3,0,2,Dodogama Vambraces α+,Dodogama Thickhide,2,Dodogama Shard,2.0,Dodogama Hardclaw,1.0,Gastodon Husk,1.0,Dodogama Vambraces α+,Bombardier,2.0,Blast Attack,1.0
869,870,Dodogama Coil α+,9,waist,both,2,1,0,120,158,178,2,0,-3,0,2,Dodogama Coil α+,Dodogama Thickhide,2,Dodogama Shard,2.0,Dodogama Mandible,1.0,Eltalite Ore,2.0,Dodogama Coil α+,Artillery,2.0,Blast Resistance,1.0
870,871,Dodogama Greaves α+,9,legs,both,2,1,0,120,158,178,2,0,-3,0,2,Dodogama Greaves α+,Dodogama Thickhide,2,Dodogama Lash,1.0,Dodogama Hardclaw,2.0,Meldspar Ore,1.0,Dodogama Greaves α+,Capacity Boost,1.0,Blast Attack,1.0
871,872,Dodogama Helm β+,9,head,both,4,0,0,120,158,178,2,0,-3,0,2,Dodogama Helm β+,Dodogama Thickhide,2,Dodogama Shard,1.0,Dodogama Mandible,1.0,Meldspar Ore,1.0,Dodogama Helm β+,Blast Resistance,2.0,None,None
872,873,Dodogama Mail β+,9,chest,both,4,0,0,120,158,178,2,0,-3,0,2,Dodogama Mail β+,Dodogama Thickhide,2,Dodogama Lash,1.0,Dodogama Mandible,1.0,Gastodon Husk,2.0,Dodogama Mail β+,Blast Attack,2.0,None,None
873,874,Dodogama Vambraces β+,9,arms,both,4,0,0,120,158,178,2,0,-3,0,2,Dodogama Vambraces β+,Dodogama Thickhide,2,Dodogama Shard,2.0,Dodogama Hardclaw,1.0,Gastodon Husk,1.0,Dodogama Vambraces β+,Bombardier,1.0,Blast Attack,1.0
874,875,Dodogama Coil β+,9,waist,both,4,1,0,120,158,178,2,0,-3,0,2,Dodogama Coil β+,Dodogama Thickhide,2,Dodogama Shard,2.0,Dodogama Mandible,1.0,Eltalite Ore,2.0,Dodogama Coil β+,Artillery,2.0,None,None
875,876,Dodogama Greaves β+,9,legs,both,4,1,0,120,158,178,2,0,-3,0,2,Dodogama Greaves β+,Dodogama Thickhide,2,Dodogama Lash,1.0,Dodogama Hardclaw,2.0,Meldspar Ore,1.0,Dodogama Greaves β+,Capacity Boost,1.0,None,None
876,877,Kulu Headpiece α+,9,head,both,1,0,0,116,154,174,0,-3,0,1,0,Kulu Headpiece α+,Kulu-Ya-Ku Thickhide,2,Kulu-Ya-Ku Shard,1.0,Large Kulu-Ya-Ku Plume,1.0,Jagras Shard,2.0,Kulu Headpiece α+,Slinger Capacity,2.0,Critical Boost,1.0
877,878,Kulu Mail α+,9,chest,both,2,0,0,116,154,174,0,-3,0,1,0,Kulu Mail α+,Kulu-Ya-Ku Thickhide,2,Large Kulu-Ya-Ku Plume,1.0,Large Kulu-Ya-Ku Beak,1.0,Jagras Shard,1.0,Kulu Mail α+,Stamina Surge,1.0,Critical Eye,2.0
878,879,Kulu Vambraces α+,9,arms,both,1,1,0,116,154,174,0,-3,0,1,0,Kulu Vambraces α+,Kulu-Ya-Ku Thickhide,2,Kulu-Ya-Ku Shard,1.0,Eltalite Ore,3.0,None,None,Kulu Vambraces α+,Critical Boost,1.0,Pro Transporter,1.0
879,880,Kulu Coil α+,9,waist,both,3,0,0,116,154,174,0,-3,0,1,0,Kulu Coil α+,Kulu-Ya-Ku Thickhide,2,Large Kulu-Ya-Ku Beak,1.0,Jagras Shard,1.0,None,None,Kulu Coil α+,Item Prolonger,2.0,Critical Eye,1.0
880,881,Kulu Greaves α+,9,legs,both,2,0,0,116,154,174,0,-3,0,1,0,Kulu Greaves α+,Kulu-Ya-Ku Thickhide,2,Kulu-Ya-Ku Shard,1.0,Jagras Shard,2.0,None,None,Kulu Greaves α+,Critical Eye,2.0,Item Prolonger,1.0
881,882,Kulu Headpiece β+,9,head,both,4,0,0,116,154,174,0,-3,0,1,0,Kulu Headpiece β+,Kulu-Ya-Ku Thickhide,2,Kulu-Ya-Ku Shard,1.0,Large Kulu-Ya-Ku Plume,1.0,Jagras Shard,2.0,Kulu Headpiece β+,Slinger Capacity,2.0,None,None
882,883,Kulu Mail β+,9,chest,both,4,0,0,116,154,174,0,-3,0,1,0,Kulu Mail β+,Kulu-Ya-Ku Thickhide,2,Large Kulu-Ya-Ku Plume,1.0,Large Kulu-Ya-Ku Beak,1.0,Jagras Shard,1.0,Kulu Mail β+,Stamina Surge,1.0,Critical Eye,1.0
883,884,Kulu Vambraces β+,9,arms,both,4,0,0,116,154,174,0,-3,0,1,0,Kulu Vambraces β+,Kulu-Ya-Ku Thickhide,2,Kulu-Ya-Ku Shard,1.0,Eltalite Ore,3.0,None,None,Kulu Vambraces β+,Critical Boost,1.0,None,None
884,885,Kulu Coil β+,9,waist,both,4,1,0,116,154,174,0,-3,0,1,0,Kulu Coil β+,Kulu-Ya-Ku Thickhide,2,Large Kulu-Ya-Ku Beak,1.0,Jagras Shard,1.0,None,None,Kulu Coil β+,Item Prolonger,2.0,None,None
885,886,Kulu Greaves β+,9,legs,both,4,0,0,116,154,174,0,-3,0,1,0,Kulu Greaves β+,Kulu-Ya-Ku Thickhide,2,Kulu-Ya-Ku Shard,1.0,Jagras Shard,2.0,None,None,Kulu Greaves β+,Critical Eye,1.0,Item Prolonger,1.0
886,887,Pukei Hat α+,9,head,both,2,2,0,118,156,176,0,3,-3,0,1,Pukei Hat α+,Pukei-Pukei Cortex,2,Pukei-Pukei Fellwing,1.0,Large Pukei-Pukei Sac,1.0,None,None,Pukei Hat α+,Survival Expert,2.0,Poison Resistance,1.0
887,888,Pukei Mail α+,9,chest,both,2,0,0,118,156,176,0,3,-3,0,1,Pukei Mail α+,Pukei-Pukei Cortex,2,Pukei-Pukei Shard,2.0,Large Pukei-Pukei Sac,1.0,None,None,Pukei Mail α+,Item Prolonger,2.0,Peak Performance,1.0
888,889,Pukei Vambraces α+,9,arms,both,1,0,0,118,156,176,0,3,-3,0,1,Pukei Vambraces α+,Pukei-Pukei Cortex,2,Pukei-Pukei Shard,2.0,Monster Toughbone,2.0,Meldspar Ore,2.0,Pukei Vambraces α+,Peak Performance,2.0,Survival Expert,1.0
889,890,Pukei Coil α+,9,waist,both,3,0,0,118,156,176,0,3,-3,0,1,Pukei Coil α+,Pukei-Pukei Cortex,2,Pukei-Pukei Lash,1.0,Pukei-Pukei Fellwing,1.0,Deadly Poison Sac,2.0,Pukei Coil α+,Poison Attack,2.0,Item Prolonger,1.0
890,891,Pukei Greaves α+,9,legs,both,3,0,0,118,156,176,0,3,-3,0,1,Pukei Greaves α+,Pukei-Pukei Cortex,2,Pukei-Pukei Shard,2.0,Large Pukei-Pukei Sac,1.0,None,None,Pukei Greaves α+,Poison Resistance,2.0,Poison Attack,2.0
891,892,Pukei Hat β+,9,head,both,4,1,1,118,156,176,0,3,-3,0,1,Pukei Hat β+,Pukei-Pukei Cortex,2,Pukei-Pukei Fellwing,1.0,Large Pukei-Pukei Sac,1.0,None,None,Pukei Hat β+,Survival Expert,2.0,None,None
892,893,Pukei Mail β+,9,chest,both,4,0,0,118,156,176,0,3,-3,0,1,Pukei Mail β+,Pukei-Pukei Cortex,2,Pukei-Pukei Shard,2.0,Large Pukei-Pukei Sac,1.0,None,None,Pukei Mail β+,Item Prolonger,1.0,Peak Performance,1.0
893,894,Pukei Vambraces β+,9,arms,both,4,0,0,118,156,176,0,3,-3,0,1,Pukei Vambraces β+,Pukei-Pukei Cortex,2,Pukei-Pukei Shard,2.0,Monster Toughbone,2.0,Meldspar Ore,2.0,Pukei Vambraces β+,Peak Performance,1.0,Survival Expert,1.0
894,895,Pukei Coil β+,9,waist,both,4,1,0,118,156,176,0,3,-3,0,1,Pukei Coil β+,Pukei-Pukei Cortex,2,Pukei-Pukei Lash,1.0,Pukei-Pukei Fellwing,1.0,Deadly Poison Sac,2.0,Pukei Coil β+,Poison Attack,1.0,Item Prolonger,1.0
895,896,Pukei Greaves β+,9,legs,both,4,2,0,118,156,176,0,3,-3,0,1,Pukei Greaves β+,Pukei-Pukei Cortex,2,Pukei-Pukei Shard,2.0,Large Pukei-Pukei Sac,1.0,None,None,Pukei Greaves β+,Poison Resistance,2.0,None,None
896,897,Pukei Lagoon Hat α+,9,head,both,1,0,0,132,170,190,0,3,-2,-3,0,Pukei Lagoon Hat α+,Coral Pukei-Pukei Cortex,3,Coral Pukei-Pukei Fellwing,2.0,Large Coral Pukei-Pukei Sac,2.0,Flood Sac,2.0,Pukei Lagoon Hat α+,Critical Draw,2.0,Item Prolonger,1.0
897,898,Pukei Lagoon Mail α+,9,chest,both,2,0,0,132,170,190,0,3,-2,-3,0,Pukei Lagoon Mail α+,Coral Pukei-Pukei Cortex,2,Coral Pukei-Pukei Shard,2.0,Monster Toughbone,3.0,None,None,Pukei Lagoon Mail α+,Power Prolonger,1.0,Critical Draw,1.0
898,899,Pukei Lagoon Braces α+,9,arms,both,1,0,0,132,170,190,0,3,-2,-3,0,Pukei Lagoon Braces α+,Coral Pukei-Pukei Cortex,2,Coral Pukei-Pukei Shard,2.0,Bathycite Ore,2.0,None,None,Pukei Lagoon Braces α+,Partbreaker,1.0,Power Prolonger,1.0
899,900,Pukei Lagoon Coil α+,9,waist,both,2,0,0,132,170,190,0,3,-2,-3,0,Pukei Lagoon Coil α+,Coral Pukei-Pukei Cortex,2,Coral Pukei-Pukei Shard,2.0,Large Coral Pukei-Pukei Sac,1.0,None,None,Pukei Lagoon Coil α+,Water Attack,2.0,Partbreaker,1.0
900,901,Pukei Lagoon Greaves α+,9,legs,both,1,0,0,132,170,190,0,3,-2,-3,0,Pukei Lagoon Greaves α+,Coral Pukei-Pukei Cortex,3,Coral Pukei-Pukei Lash,1.0,Coral Pukei-Pukei Fellwing,1.0,Flood Sac,2.0,Pukei Lagoon Greaves α+,Item Prolonger,2.0,Water Attack,2.0
901,902,Pukei Lagoon Hat β+,9,head,both,4,0,0,132,170,190,0,3,-2,-3,0,Pukei Lagoon Hat β+,Coral Pukei-Pukei Cortex,3,Coral Pukei-Pukei Fellwing,2.0,Large Coral Pukei-Pukei Sac,2.0,Flood Sac,2.0,Pukei Lagoon Hat β+,Critical Draw,1.0,Item Prolonger,1.0
902,903,Pukei Lagoon Mail β+,9,chest,both,4,1,0,132,170,190,0,3,-2,-3,0,Pukei Lagoon Mail β+,Coral Pukei-Pukei Cortex,2,Coral Pukei-Pukei Shard,2.0,Monster Toughbone,3.0,None,None,Pukei Lagoon Mail β+,Power Prolonger,1.0,None,None
903,904,Pukei Lagoon Braces β+,9,arms,both,4,1,0,132,170,190,0,3,-2,-3,0,Pukei Lagoon Braces β+,Coral Pukei-Pukei Cortex,2,Coral Pukei-Pukei Shard,2.0,Bathycite Ore,2.0,None,None,Pukei Lagoon Braces β+,Partbreaker,1.0,None,None
904,905,Pukei Lagoon Coil β+,9,waist,both,4,0,0,132,170,190,0,3,-2,-3,0,Pukei Lagoon Coil β+,Coral Pukei-Pukei Cortex,2,Coral Pukei-Pukei Shard,2.0,Large Coral Pukei-Pukei Sac,1.0,None,None,Pukei Lagoon Coil β+,Water Attack,1.0,Partbreaker,1.0
905,906,Pukei Lagoon Greaves β+,9,legs,both,4,1,0,132,170,190,0,3,-2,-3,0,Pukei Lagoon Greaves β+,Coral Pukei-Pukei Cortex,3,Coral Pukei-Pukei Lash,1.0,Coral Pukei-Pukei Fellwing,1.0,Flood Sac,2.0,Pukei Lagoon Greaves β+,Item Prolonger,2.0,None,None
906,907,Barroth Helm α+,9,head,both,2,0,0,118,156,176,-3,-1,3,-1,0,Barroth Helm α+,Barroth Chine,2,Barroth Cortex,2.0,Monster Toughbone,3.0,Rich Mud,1.0,Barroth Helm α+,Guard,2.0,Marathon Runner,1.0
907,908,Barroth Mail α+,9,chest,both,1,1,0,118,156,176,-3,-1,3,-1,0,Barroth Mail α+,Barroth Chine,2,Barroth Cortex,2.0,Rich Mud,2.0,None,None,Barroth Mail α+,Stamina Thief,2.0,Agitator,1.0
908,909,Barroth Vambraces α+,9,arms,both,3,1,0,118,156,176,-3,-1,3,-1,0,Barroth Vambraces α+,Barroth Chine,2,Barroth Lash,1.0,Kestodon Husk,2.0,None,None,Barroth Vambraces α+,Marathon Runner,1.0,Guard,1.0
909,910,Barroth Coil α+,9,waist,both,1,0,0,118,156,176,-3,-1,3,-1,0,Barroth Coil α+,Barroth Chine,2,Barroth Crown,1.0,Barroth Hardclaw,1.0,Rich Mud,1.0,Barroth Coil α+,Agitator,2.0,Guard,1.0
910,911,Barroth Greaves α+,9,legs,both,3,1,0,118,156,176,-3,-1,3,-1,0,Barroth Greaves α+,Barroth Chine,2,Barroth Cortex,2.0,Barroth Hardclaw,1.0,None,None,Barroth Greaves α+,Stun Resistance,2.0,Marathon Runner,1.0
911,912,Barroth Helm β+,9,head,both,4,1,0,118,156,176,-3,-1,3,-1,0,Barroth Helm β+,Barroth Chine,2,Barroth Cortex,2.0,Monster Toughbone,3.0,Rich Mud,1.0,Barroth Helm β+,Guard,2.0,None,None
912,913,Barroth Mail β+,9,chest,both,4,1,0,118,156,176,-3,-1,3,-1,0,Barroth Mail β+,Barroth Chine,2,Barroth Cortex,2.0,Rich Mud,2.0,None,None,Barroth Mail β+,Stamina Thief,2.0,None,None
913,914,Barroth Vambraces β+,9,arms,both,4,2,0,118,156,176,-3,-1,3,-1,0,Barroth Vambraces β+,Barroth Chine,2,Barroth Lash,1.0,Kestodon Husk,2.0,None,None,Barroth Vambraces β+,Marathon Runner,1.0,None,None
914,915,Barroth Coil β+,9,waist,both,4,0,0,118,156,176,-3,-1,3,-1,0,Barroth Coil β+,Barroth Chine,2,Barroth Crown,1.0,Barroth Hardclaw,1.0,Rich Mud,1.0,Barroth Coil β+,Agitator,2.0,None,None
915,916,Barroth Greaves β+,9,legs,both,4,2,1,118,156,176,-3,-1,3,-1,0,Barroth Greaves β+,Barroth Chine,2,Barroth Cortex,2.0,Barroth Hardclaw,1.0,None,None,Barroth Greaves β+,Stun Resistance,2.0,None,None
916,917,Jyura Helm α+,9,head,both,1,1,0,118,156,176,-1,2,-3,0,0,Jyura Helm α+,Jyuratodus Cortex,1,Jyuratodus Hardfang,2.0,Jyuratodus Grandfin,1.0,Steel Gajau Whisker,1.0,Jyura Helm α+,Latent Power,2.0,Focus,1.0
917,918,Jyura Mail α+,9,chest,both,2,0,0,118,156,176,-1,2,-3,0,0,Jyura Mail α+,Jyuratodus Cortex,1,Jyuratodus Shard,2.0,Gajau Thickhide,2.0,None,None,Jyura Mail α+,Latent Power,1.0,Water Attack,2.0
918,919,Jyura Vambraces α+,9,arms,both,2,1,0,118,156,176,-1,2,-3,0,0,Jyura Vambraces α+,Jyuratodus Cortex,1,Jyuratodus Shard,1.0,Monster Toughbone,2.0,None,None,Jyura Vambraces α+,Water Attack,2.0,Ice Resistance,1.0
919,920,Jyura Coil α+,9,waist,both,3,0,0,118,156,176,-1,2,-3,0,0,Jyura Coil α+,Jyuratodus Cortex,1,Jyuratodus Shard,1.0,Flood Sac,2.0,None,None,Jyura Coil α+,Ice Resistance,2.0,Latent Power,1.0
920,921,Jyura Greaves α+,9,legs,both,2,0,0,118,156,176,-1,2,-3,0,0,Jyura Greaves α+,Jyuratodus Cortex,1,Jyuratodus Hardfang,1.0,Jyuratodus Grandfin,2.0,None,None,Jyura Greaves α+,Focus,2.0,Water Attack,1.0
921,922,Jyura Helm β+,9,head,both,4,1,0,118,156,176,-1,2,-3,0,0,Jyura Helm β+,Jyuratodus Cortex,1,Jyuratodus Hardfang,2.0,Jyuratodus Grandfin,1.0,Steel Gajau Whisker,1.0,Jyura Helm β+,Latent Power,1.0,Focus,1.0
922,923,Jyura Mail β+,9,chest,both,4,0,0,118,156,176,-1,2,-3,0,0,Jyura Mail β+,Jyuratodus Cortex,1,Jyuratodus Shard,2.0,Gajau Thickhide,2.0,None,None,Jyura Mail β+,Latent Power,1.0,Water Attack,1.0
923,924,Jyura Vambraces β+,9,arms,both,4,2,0,118,156,176,-1,2,-3,0,0,Jyura Vambraces β+,Jyuratodus Cortex,1,Jyuratodus Shard,1.0,Monster Toughbone,2.0,None,None,Jyura Vambraces β+,Water Attack,2.0,None,None
924,925,Jyura Coil β+,9,waist,both,4,1,0,118,156,176,-1,2,-3,0,0,Jyura Coil β+,Jyuratodus Cortex,1,Jyuratodus Shard,1.0,Flood Sac,2.0,None,None,Jyura Coil β+,Ice Resistance,2.0,None,None
925,926,Jyura Greaves β+,9,legs,both,4,1,0,118,156,176,-1,2,-3,0,0,Jyura Greaves β+,Jyuratodus Cortex,1,Jyuratodus Hardfang,1.0,Jyuratodus Grandfin,2.0,None,None,Jyura Greaves β+,Focus,1.0,Water Attack,1.0
926,927,Beo Helm α+,9,head,both,2,0,0,118,156,176,-3,0,-2,3,2,Beo Helm α+,Beotodus Cortex,2,Beotodus Shard,2.0,Beotodus Grandfin,1.0,None,None,Beo Helm α+,Aquatic/Polar Mobility,2.0,Earplugs,1.0
927,928,Beo Mail α+,9,chest,both,3,0,0,118,156,176,-3,0,-2,3,2,Beo Mail α+,Beotodus Cortex,2,Beotodus Shard,2.0,Beotodus Hardhorn,1.0,None,None,Beo Mail α+,Stamina Surge,1.0,Ice Attack,2.0
928,929,Beo Vambraces α+,9,arms,both,3,0,0,118,156,176,-3,0,-2,3,2,Beo Vambraces α+,Beotodus Cortex,2,Beotodus Hardhorn,2.0,Cryo Sac,1.0,None,None,Beo Vambraces α+,Ice Attack,2.0,Health Boost,1.0
929,930,Beo Coil α+,9,waist,both,2,0,0,118,156,176,-3,0,-2,3,2,Beo Coil α+,Beotodus Cortex,2,Beotodus Shard,1.0,Cryo Sac,2.0,None,None,Beo Coil α+,Health Boost,2.0,Earplugs,2.0
930,931,Beo Greaves α+,9,legs,both,2,0,0,118,156,176,-3,0,-2,3,2,Beo Greaves α+,Beotodus Cortex,2,Beotodus Hardhorn,1.0,Beotodus Grandfin,2.0,Gracium,3.0,Beo Greaves α+,Earplugs,2.0,Ice Attack,1.0
931,932,Beo Helm β+,9,head,both,4,1,0,118,156,176,-3,0,-2,3,2,Beo Helm β+,Beotodus Cortex,2,Beotodus Shard,2.0,Beotodus Grandfin,1.0,None,None,Beo Helm β+,Aquatic/Polar Mobility,2.0,None,None
932,933,Beo Mail β+,9,chest,both,4,2,0,118,156,176,-3,0,-2,3,2,Beo Mail β+,Beotodus Cortex,2,Beotodus Shard,2.0,Beotodus Hardhorn,1.0,None,None,Beo Mail β+,Stamina Surge,1.0,None,None
933,934,Beo Vambraces β+,9,arms,both,4,0,0,118,156,176,-3,0,-2,3,2,Beo Vambraces β+,Beotodus Cortex,2,Beotodus Hardhorn,2.0,Cryo Sac,1.0,None,None,Beo Vambraces β+,Ice Attack,2.0,None,None
934,935,Beo Coil β+,9,waist,both,4,1,0,118,156,176,-3,0,-2,3,2,Beo Coil β+,Beotodus Cortex,2,Beotodus Shard,1.0,Cryo Sac,2.0,None,None,Beo Coil β+,Health Boost,2.0,Earplugs,1.0
935,936,Beo Greaves β+,9,legs,both,4,0,0,118,156,176,-3,0,-2,3,2,Beo Greaves β+,Beotodus Cortex,2,Beotodus Hardhorn,1.0,Beotodus Grandfin,2.0,Gracium,3.0,Beo Greaves β+,Earplugs,2.0,None,None
936,937,Kadachi Hat α+,9,head,both,2,0,0,120,158,178,0,-3,3,0,0,Kadachi Hat α+,Tobi-Kadachi Thickfur,2,Tobi-Kadachi Cathode,2.0,Tobi-Kadachi Hardclaw,1.0,Monster Essence,3.0,Kadachi Hat α+,Constitution,2.0,Evade Extender,1.0
937,938,Kadachi Mail α+,9,chest,both,2,1,0,120,158,178,0,-3,3,0,0,Kadachi Mail α+,Tobi-Kadachi Thickfur,2,Tobi-Kadachi Shard,2.0,Tobi-Kadachi Membrane+,1.0,None,None,Kadachi Mail α+,Jump Master,1.0,Constitution,1.0
938,939,Kadachi Vambraces α+,9,arms,both,2,0,0,120,158,178,0,-3,3,0,0,Kadachi Vambraces α+,Tobi-Kadachi Thickfur,2,Tobi-Kadachi Shard,1.0,Tobi-Kadachi Hardclaw,2.0,Lightning Sac,2.0,Kadachi Vambraces α+,Evade Extender,2.0,Thunder Attack,2.0
939,940,Kadachi Coil α+,9,waist,both,3,1,0,120,158,178,0,-3,3,0,0,Kadachi Coil α+,Tobi-Kadachi Thickfur,2,Tobi-Kadachi Shard,2.0,Lightning Sac,1.0,None,None,Kadachi Coil α+,Thunder Attack,2.0,Thunder Resistance,1.0
940,941,Kadachi Greaves α+,9,legs,both,3,1,0,120,158,178,0,-3,3,0,0,Kadachi Greaves α+,Tobi-Kadachi Thickfur,2,Tobi-Kadachi Membrane+,2.0,Tobi-Kadachi Cathode,1.0,None,None,Kadachi Greaves α+,Thunder Resistance,2.0,Constitution,1.0
941,942,Kadachi Hat β+,9,head,both,4,1,0,120,158,178,0,-3,3,0,0,Kadachi Hat β+,Tobi-Kadachi Thickfur,2,Tobi-Kadachi Cathode,2.0,Tobi-Kadachi Hardclaw,1.0,Monster Essence,3.0,Kadachi Hat β+,Constitution,1.0,Evade Extender,1.0
942,943,Kadachi Mail β+,9,chest,both,4,2,0,120,158,178,0,-3,3,0,0,Kadachi Mail β+,Tobi-Kadachi Thickfur,2,Tobi-Kadachi Shard,2.0,Tobi-Kadachi Membrane+,1.0,None,None,Kadachi Mail β+,Jump Master,1.0,None,None
943,944,Kadachi Vambraces β+,9,arms,both,4,2,0,120,158,178,0,-3,3,0,0,Kadachi Vambraces β+,Tobi-Kadachi Thickfur,2,Tobi-Kadachi Shard,1.0,Tobi-Kadachi Hardclaw,2.0,Lightning Sac,2.0,Kadachi Vambraces β+,Evade Extender,1.0,Thunder Attack,2.0
944,945,Kadachi Coil β+,9,waist,both,4,1,0,120,158,178,0,-3,3,0,0,Kadachi Coil β+,Tobi-Kadachi Thickfur,2,Tobi-Kadachi Shard,2.0,Lightning Sac,1.0,None,None,Kadachi Coil β+,Thunder Attack,2.0,None,None
945,946,Kadachi Greaves β+,9,legs,both,4,1,1,120,158,178,0,-3,3,0,0,Kadachi Greaves β+,Tobi-Kadachi Thickfur,2,Tobi-Kadachi Membrane+,2.0,Tobi-Kadachi Cathode,1.0,None,None,Kadachi Greaves β+,Thunder Resistance,2.0,None,None
946,947,Viper Kadachi Hat α+,9,head,both,1,0,0,132,170,190,1,3,-3,-2,1,Viper Kadachi Hat α+,Viper Tobi-Kadachi Thickfur,3,Viper Tobi-Kadachi Thorn,2.0,Viper Tobi-Kadachi Hardclaw,1.0,Wulg Thickfur,2.0,Viper Kadachi Hat α+,Evade Extender,2.0,Paralysis Attack,1.0
947,948,Viper Kadachi Mail α+,9,chest,both,1,1,0,132,170,190,1,3,-3,-2,1,Viper Kadachi Mail α+,Viper Tobi-Kadachi Thickfur,2,Viper Tobi-Kadachi Shard,2.0,Viper Tobi-Kadachi Membrane+,1.0,None,None,Viper Kadachi Mail α+,Quick Sheath,1.0,Evade Extender,1.0
948,949,Viper Kadachi Braces α+,9,arms,both,2,0,0,132,170,190,1,3,-3,-2,1,Viper Kadachi Braces α+,Viper Tobi-Kadachi Thickfur,2,Viper Tobi-Kadachi Shard,1.0,Viper Tobi-Kadachi Hardclaw,2.0,Deadly Poison Sac,1.0,Viper Kadachi Braces α+,Poison Attack,2.0,Evade Window,1.0
949,950,Viper Kadachi Coil α+,9,waist,both,2,0,0,132,170,190,1,3,-3,-2,1,Viper Kadachi Coil α+,Viper Tobi-Kadachi Thickfur,2,Viper Tobi-Kadachi Shard,1.0,Viper Tobi-Kadachi Membrane+,2.0,Deadly Poison Sac,2.0,Viper Kadachi Coil α+,Constitution,1.0,Quick Sheath,1.0
950,951,Viper Kadachi Greaves α+,9,legs,both,2,0,0,132,170,190,1,3,-3,-2,1,Viper Kadachi Greaves α+,Viper Tobi-Kadachi Thickfur,2,Viper Tobi-Kadachi Membrane+,1.0,Viper Tobi-Kadachi Thorn,1.0,Wulg Thickfur,3.0,Viper Kadachi Greaves α+,Evade Window,1.0,Constitution,1.0
951,952,Viper Kadachi Hat β+,9,head,both,4,0,0,132,170,190,1,3,-3,-2,1,Viper Kadachi Hat β+,Viper Tobi-Kadachi Thickfur,3,Viper Tobi-Kadachi Thorn,2.0,Viper Tobi-Kadachi Hardclaw,1.0,Wulg Thickfur,2.0,Viper Kadachi Hat β+,Evade Extender,1.0,Paralysis Attack,1.0
952,953,Viper Kadachi Mail β+,9,chest,both,4,1,0,132,170,190,1,3,-3,-2,1,Viper Kadachi Mail β+,Viper Tobi-Kadachi Thickfur,2,Viper Tobi-Kadachi Shard,2.0,Viper Tobi-Kadachi Membrane+,1.0,None,None,Viper Kadachi Mail β+,Quick Sheath,1.0,None,None
953,954,Viper Kadachi Braces β+,9,arms,both,4,0,0,132,170,190,1,3,-3,-2,1,Viper Kadachi Braces β+,Viper Tobi-Kadachi Thickfur,2,Viper Tobi-Kadachi Shard,1.0,Viper Tobi-Kadachi Hardclaw,2.0,Deadly Poison Sac,1.0,Viper Kadachi Braces β+,Poison Attack,1.0,Evade Window,1.0
954,955,Viper Kadachi Coil β+,9,waist,both,4,1,0,132,170,190,1,3,-3,-2,1,Viper Kadachi Coil β+,Viper Tobi-Kadachi Thickfur,2,Viper Tobi-Kadachi Shard,1.0,Viper Tobi-Kadachi Membrane+,2.0,Deadly Poison Sac,2.0,Viper Kadachi Coil β+,Constitution,1.0,None,None
955,956,Viper Kadachi Greaves β+,9,legs,both,4,1,0,132,170,190,1,3,-3,-2,1,Viper Kadachi Greaves β+,Viper Tobi-Kadachi Thickfur,2,Viper Tobi-Kadachi Membrane+,1.0,Viper Tobi-Kadachi Thorn,1.0,Wulg Thickfur,3.0,Viper Kadachi Greaves β+,Evade Window,1.0,None,None
956,957,High Metal Helm α+,9,head,both,2,0,0,128,166,186,0,-1,-2,3,0,High Metal Helm α+,Bathycite Ore,1,Meldspar Ore,2.0,Eltalite Ore,2.0,Tough Claw,1.0,High Metal Helm α+,Ice Resistance,2.0,Earplugs,2.0
957,958,High Metal Mail α+,9,chest,both,2,0,0,128,166,186,0,-1,-2,3,0,High Metal Mail α+,Bathycite Ore,1,Meldspar Ore,2.0,Eltalite Ore,2.0,Tough Claw,1.0,High Metal Mail α+,Earplugs,2.0,Ice Attack,1.0
958,959,High Metal Braces α+,9,arms,both,2,1,0,128,166,186,0,-1,-2,3,0,High Metal Braces α+,Bathycite Ore,1,Meldspar Ore,1.0,Eltalite Ore,2.0,None,None,High Metal Braces α+,Defense Boost,2.0,Ice Attack,2.0
959,960,High Metal Coil α+,9,waist,both,2,2,0,128,166,186,0,-1,-2,3,0,High Metal Coil α+,Bathycite Ore,1,Meldspar Ore,1.0,Eltalite Ore,2.0,None,None,High Metal Coil α+,Capacity Boost,1.0,Defense Boost,2.0
960,961,High Metal Greaves α+,9,legs,both,2,2,1,128,166,186,0,-1,-2,3,0,High Metal Greaves α+,Bathycite Ore,1,Meldspar Ore,2.0,Eltalite Ore,2.0,Gajau Thickhide,1.0,High Metal Greaves α+,Heavy Artillery,2.0,Ice Resistance,1.0
961,962,High Metal Helm β+,9,head,both,4,1,0,128,166,186,0,-1,-2,3,0,High Metal Helm β+,Bathycite Ore,1,Meldspar Ore,2.0,Eltalite Ore,2.0,Tough Claw,1.0,High Metal Helm β+,Ice Resistance,2.0,Earplugs,1.0
962,963,High Metal Mail β+,9,chest,both,4,1,0,128,166,186,0,-1,-2,3,0,High Metal Mail β+,Bathycite Ore,1,Meldspar Ore,2.0,Eltalite Ore,2.0,Tough Claw,1.0,High Metal Mail β+,Earplugs,1.0,Ice Attack,1.0
963,964,High Metal Braces β+,9,arms,both,4,1,0,128,166,186,0,-1,-2,3,0,High Metal Braces β+,Bathycite Ore,1,Meldspar Ore,1.0,Eltalite Ore,2.0,None,None,High Metal Braces β+,Defense Boost,2.0,Ice Attack,1.0
964,965,High Metal Coil β+,9,waist,both,4,2,0,128,166,186,0,-1,-2,3,0,High Metal Coil β+,Bathycite Ore,1,Meldspar Ore,1.0,Eltalite Ore,2.0,None,None,High Metal Coil β+,Capacity Boost,1.0,Defense Boost,1.0
965,966,High Metal Greaves β+,9,legs,both,4,3,0,128,166,186,0,-1,-2,3,0,High Metal Greaves β+,Bathycite Ore,1,Meldspar Ore,2.0,Eltalite Ore,2.0,Gajau Thickhide,1.0,High Metal Greaves β+,Heavy Artillery,1.0,Ice Resistance,1.0
966,967,Banbaro Helm α+,9,head,both,2,0,0,130,168,188,-2,2,-1,3,-3,Banbaro Helm α+,Banbaro Chine,2,Banbaro Great Horn,1.0,Anteka Antler,2.0,None,None,Banbaro Helm α+,Resentment,2.0,Mushroomancer,1.0
967,968,Banbaro Mail α+,9,chest,both,3,0,0,130,168,188,-2,2,-1,3,-3,Banbaro Mail α+,Banbaro Chine,2,Banbaro Cortex,2.0,Banbaro Great Horn,1.0,Prized Pelt,2.0,Banbaro Mail α+,Speed Eating,1.0,Offensive Guard,1.0
968,969,Banbaro Vambraces α+,9,arms,both,2,0,0,130,168,188,-2,2,-1,3,-3,Banbaro Vambraces α+,Banbaro Chine,2,Banbaro Cortex,2.0,Banbaro Lash,1.0,None,None,Banbaro Vambraces α+,Offensive Guard,1.0,Health Boost,2.0
969,970,Banbaro Coil α+,9,waist,both,3,0,0,130,168,188,-2,2,-1,3,-3,Banbaro Coil α+,Banbaro Chine,2,Banbaro Cortex,1.0,Frozen Bone,2.0,None,None,Banbaro Coil α+,Mushroomancer,1.0,Offensive Guard,1.0
970,971,Banbaro Greaves α+,9,legs,both,3,0,0,130,168,188,-2,2,-1,3,-3,Banbaro Greaves α+,Banbaro Chine,2,Banbaro Cortex,1.0,Banbaro Great Horn,1.0,None,None,Banbaro Greaves α+,Mushroomancer,1.0,Speed Eating,1.0
971,972,Banbaro Helm β+,9,head,both,4,1,0,130,168,188,-2,2,-1,3,-3,Banbaro Helm β+,Banbaro Chine,2,Banbaro Great Horn,1.0,Anteka Antler,2.0,None,None,Banbaro Helm β+,Resentment,2.0,None,None
972,973,Banbaro Mail β+,9,chest,both,4,1,0,130,168,188,-2,2,-1,3,-3,Banbaro Mail β+,Banbaro Chine,2,Banbaro Cortex,2.0,Banbaro Great Horn,1.0,Prized Pelt,2.0,Banbaro Mail β+,Speed Eating,1.0,None,None
973,974,Banbaro Vambraces β+,9,arms,both,4,0,0,130,168,188,-2,2,-1,3,-3,Banbaro Vambraces β+,Banbaro Chine,2,Banbaro Cortex,2.0,Banbaro Lash,1.0,None,None,Banbaro Vambraces β+,Offensive Guard,1.0,Health Boost,1.0
974,975,Banbaro Coil β+,9,waist,both,4,1,0,130,168,188,-2,2,-1,3,-3,Banbaro Coil β+,Banbaro Chine,2,Banbaro Cortex,1.0,Frozen Bone,2.0,None,None,Banbaro Coil β+,Mushroomancer,1.0,None,None
975,976,Banbaro Greaves β+,9,legs,both,4,1,0,130,168,188,-2,2,-1,3,-3,Banbaro Greaves β+,Banbaro Chine,2,Banbaro Cortex,1.0,Banbaro Great Horn,1.0,None,None,Banbaro Greaves β+,Mushroomancer,1.0,None,None
976,977,Anja Helm α+,9,head,both,3,0,0,132,170,190,3,-3,-1,-1,0,Anja Helm α+,Anjanath Fur,2,Anjanath Shard,2.0,Anjanath Lash,1.0,Conflagrant Sac,3.0,Anja Helm α+,Fire Attack,2.0,Fire Resistance,1.0
977,978,Anja Mail α+,9,chest,both,1,1,0,132,170,190,3,-3,-1,-1,0,Anja Mail α+,Anjanath Fur,2,Anjanath Hardfang,1.0,Heavy Anjanath Nosebone,2.0,Monster Toughbone,3.0,Anja Mail α+,Marathon Runner,2.0,Special Ammo Boost,1.0
978,979,Anja Vambraces α+,9,arms,both,2,0,0,132,170,190,3,-3,-1,-1,0,Anja Vambraces α+,Anjanath Fur,2,Anjanath Shard,2.0,Conflagrant Sac,2.0,Eltalite Ore,5.0,Anja Vambraces α+,Special Ammo Boost,1.0,Fire Attack,2.0
979,980,Anja Coil α+,9,waist,both,3,1,0,132,170,190,3,-3,-1,-1,0,Anja Coil α+,Anjanath Fur,2,Anjanath Shard,1.0,Anjanath Hardfang,2.0,Tough Claw,2.0,Anja Coil α+,Fire Resistance,2.0,Artillery,1.0
980,981,Anja Greaves α+,9,legs,both,2,0,0,132,170,190,3,-3,-1,-1,0,Anja Greaves α+,Anjanath Fur,2,Anjanath Shard,1.0,Heavy Anjanath Nosebone,1.0,Monster Toughbone,2.0,Anja Greaves α+,Artillery,2.0,Marathon Runner,1.0
981,982,Anja Helm β+,9,head,both,4,0,0,132,170,190,3,-3,-1,-1,0,Anja Helm β+,Anjanath Fur,2,Anjanath Shard,2.0,Anjanath Lash,1.0,Conflagrant Sac,3.0,Anja Helm β+,Fire Attack,2.0,None,None
982,983,Anja Mail β+,9,chest,both,4,1,0,132,170,190,3,-3,-1,-1,0,Anja Mail β+,Anjanath Fur,2,Anjanath Hardfang,1.0,Heavy Anjanath Nosebone,2.0,Monster Toughbone,3.0,Anja Mail β+,Marathon Runner,1.0,Special Ammo Boost,1.0
983,984,Anja Vambraces β+,9,arms,both,4,0,0,132,170,190,3,-3,-1,-1,0,Anja Vambraces β+,Anjanath Fur,2,Anjanath Shard,2.0,Conflagrant Sac,2.0,Eltalite Ore,5.0,Anja Vambraces β+,Special Ammo Boost,1.0,Fire Attack,1.0
984,985,Anja Coil β+,9,waist,both,4,2,0,132,170,190,3,-3,-1,-1,0,Anja Coil β+,Anjanath Fur,2,Anjanath Shard,1.0,Anjanath Hardfang,2.0,Tough Claw,2.0,Anja Coil β+,Fire Resistance,2.0,None,None
985,986,Anja Greaves β+,9,legs,both,4,1,0,132,170,190,3,-3,-1,-1,0,Anja Greaves β+,Anjanath Fur,2,Anjanath Shard,1.0,Heavy Anjanath Nosebone,1.0,Monster Toughbone,2.0,Anja Greaves β+,Artillery,2.0,None,None
986,987,Fulgur Helm α+,11,head,both,2,1,0,146,170,190,-1,-1,2,-3,0,Fulgur Helm α+,Fulgur Anjanath Thickfur,3,Fulgur Anjanath Shard,2.0,Fulgur Anjanath Lash,1.0,Lightning Sac,3.0,Fulgur Helm α+,Weakness Exploit,1.0,Resuscitate,1.0
987,988,Fulgur Mail α+,11,chest,both,3,0,0,146,170,190,-1,-1,2,-3,0,Fulgur Mail α+,Fulgur Anjanath Thickfur,3,Fulgur Anjanath Shard,2.0,Heavy Fulgur Anjanath Nosebone,1.0,Lightning Sac,2.0,Fulgur Mail α+,Flinch Free,1.0,Stun Resistance,2.0
988,989,Fulgur Vambraces α+,11,arms,both,2,0,0,146,170,190,-1,-1,2,-3,0,Fulgur Vambraces α+,Fulgur Anjanath Thickfur,3,Fulgur Anjanath Shard,2.0,Fulgur Anjanath Hardfang,1.0,Monster Solidbone,2.0,Fulgur Vambraces α+,Item Prolonger,2.0,Thunder Attack,2.0
989,990,Fulgur Coil α+,11,waist,both,1,0,0,146,170,190,-1,-1,2,-3,0,Fulgur Coil α+,Fulgur Anjanath Thickfur,3,Fulgur Anjanath Hardfang,1.0,Heavy Fulgur Anjanath Nosebone,2.0,Fulgur Anjanath Mantle,1.0,Fulgur Coil α+,Weakness Exploit,2.0,Item Prolonger,1.0
990,991,Fulgur Greaves α+,11,legs,both,2,1,0,146,170,190,-1,-1,2,-3,0,Fulgur Greaves α+,Fulgur Anjanath Thickfur,3,Fulgur Anjanath Shard,2.0,Fulgur Anjanath Hardfang,2.0,Monster Solidbone,3.0,Fulgur Greaves α+,Thunder Attack,2.0,Special Ammo Boost,1.0
991,992,Fulgur Helm β+,11,head,both,4,2,0,146,170,190,-1,-1,2,-3,0,Fulgur Helm β+,Fulgur Anjanath Thickfur,3,Fulgur Anjanath Shard,2.0,Fulgur Anjanath Lash,1.0,Lightning Sac,3.0,Fulgur Helm β+,Weakness Exploit,1.0,None,None
992,993,Fulgur Mail β+,11,chest,both,4,0,0,146,170,190,-1,-1,2,-3,0,Fulgur Mail β+,Fulgur Anjanath Thickfur,3,Fulgur Anjanath Shard,2.0,Heavy Fulgur Anjanath Nosebone,1.0,Lightning Sac,2.0,Fulgur Mail β+,Flinch Free,1.0,Stun Resistance,1.0
993,994,Fulgur Vambraces β+,11,arms,both,4,2,0,146,170,190,-1,-1,2,-3,0,Fulgur Vambraces β+,Fulgur Anjanath Thickfur,3,Fulgur Anjanath Shard,2.0,Fulgur Anjanath Hardfang,1.0,Monster Solidbone,2.0,Fulgur Vambraces β+,Item Prolonger,2.0,None,None
994,995,Fulgur Coil β+,11,waist,both,4,1,0,146,170,190,-1,-1,2,-3,0,Fulgur Coil β+,Fulgur Anjanath Thickfur,3,Fulgur Anjanath Hardfang,1.0,Heavy Fulgur Anjanath Nosebone,2.0,Fulgur Anjanath Mantle,1.0,Fulgur Coil β+,Weakness Exploit,1.0,Item Prolonger,1.0
995,996,Fulgur Greaves β+,11,legs,both,4,1,0,146,170,190,-1,-1,2,-3,0,Fulgur Greaves β+,Fulgur Anjanath Thickfur,3,Fulgur Anjanath Shard,2.0,Fulgur Anjanath Hardfang,2.0,Monster Solidbone,3.0,Fulgur Greaves β+,Thunder Attack,2.0,None,None
996,997,Rathian Helm α+,9,head,both,3,0,0,130,168,188,2,0,-2,0,-3,Rathian Helm α+,Rathian Cortex,2,Rathian Shard,2.0,Rathian Weave,2.0,None,None,Rathian Helm α+,Health Boost,2.0,Poison Attack,1.0
997,998,Rathian Mail α+,9,chest,both,2,2,0,130,168,188,2,0,-2,0,-3,Rathian Mail α+,Rathian Cortex,2,Rathian Weave,1.0,Eltalite Ore,5.0,None,None,Rathian Mail α+,Botanist,2.0,Recovery Up,1.0
998,999,Rathian Vambraces α+,9,arms,both,3,0,0,130,168,188,2,0,-2,0,-3,Rathian Vambraces α+,Rathian Cortex,2,Rathian Shard,2.0,Rathian Surspike,1.0,None,None,Rathian Vambraces α+,Poison Attack,2.0,Botanist,1.0
999,1000,Rathian Coil α+,9,waist,both,3,2,0,130,168,188,2,0,-2,0,-3,Rathian Coil α+,Rathian Cortex,2,Rathian Shard,1.0,Monster Toughbone,4.0,None,None,Rathian Coil α+,Poison Resistance,2.0,Health Boost,1.0
1000,1001,Rathian Greaves α+,9,legs,both,3,0,0,130,168,188,2,0,-2,0,-3,Rathian Greaves α+,Rathian Cortex,2,Rathian Weave,1.0,Conflagrant Sac,3.0,None,None,Rathian Greaves α+,Recovery Up,2.0,Poison Resistance,1.0
1001,1002,Rathian Helm β+,9,head,both,4,0,0,130,168,188,2,0,-2,0,-3,Rathian Helm β+,Rathian Cortex,2,Rathian Shard,2.0,Rathian Weave,2.0,None,None,Rathian Helm β+,Health Boost,1.0,Poison Attack,1.0
1002,1003,Rathian Mail β+,9,chest,both,4,2,0,130,168,188,2,0,-2,0,-3,Rathian Mail β+,Rathian Cortex,2,Rathian Weave,1.0,Eltalite Ore,5.0,None,None,Rathian Mail β+,Botanist,1.0,Recovery Up,1.0
1003,1004,Rathian Vambraces β+,9,arms,both,4,0,0,130,168,188,2,0,-2,0,-3,Rathian Vambraces β+,Rathian Cortex,2,Rathian Shard,2.0,Rathian Surspike,1.0,None,None,Rathian Vambraces β+,Poison Attack,2.0,None,None
1004,1005,Rathian Coil β+,9,waist,both,4,2,0,130,168,188,2,0,-2,0,-3,Rathian Coil β+,Rathian Cortex,2,Rathian Shard,1.0,Monster Toughbone,4.0,None,None,Rathian Coil β+,Poison Resistance,1.0,Health Boost,1.0
1005,1006,Rathian Greaves β+,9,legs,both,4,0,0,130,168,188,2,0,-2,0,-3,Rathian Greaves β+,Rathian Cortex,2,Rathian Weave,1.0,Conflagrant Sac,3.0,None,None,Rathian Greaves β+,Recovery Up,2.0,None,None
1006,1007,Rath Heart Helm α+,9,head,both,3,0,0,132,170,190,3,0,-3,0,-4,Rath Heart Helm α+,Pink Rathian Cortex,3,Pink Rathian Shard,1.0,Rathian Weave,2.0,Monster Essence,2.0,Rath Heart Helm α+,Evade Extender,2.0,Cliffhanger,1.0
1007,1008,Rath Heart Mail α+,9,chest,both,2,0,0,132,170,190,3,0,-3,0,-4,Rath Heart Mail α+,Pink Rathian Cortex,3,Pink Rathian Shard,1.0,Rathian Weave,1.0,Shamos Shard,3.0,Rath Heart Mail α+,Tool Specialist,2.0,Handicraft,1.0
1008,1009,Rath Heart Braces α+,9,arms,both,2,0,0,132,170,190,3,0,-3,0,-4,Rath Heart Braces α+,Pink Rathian Cortex,2,Pink Rathian Shard,2.0,Rathian Surspike,1.0,Purecrystal,1.0,Rath Heart Braces α+,Windproof,2.0,Handicraft,1.0
1009,1010,Rath Heart Coil α+,9,waist,both,3,0,0,132,170,190,3,0,-3,0,-4,Rath Heart Coil α+,Pink Rathian Cortex,2,Pink Rathian Shard,1.0,Monster Toughbone,4.0,Meldspar Ore,3.0,Rath Heart Coil α+,Handicraft,1.0,Poison Resistance,2.0
1010,1011,Rath Heart Greaves α+,9,legs,both,2,1,0,132,170,190,3,0,-3,0,-4,Rath Heart Greaves α+,Pink Rathian Cortex,2,Pink Rathian Shard,2.0,Rathian Weave,1.0,Conflagrant Sac,3.0,Rath Heart Greaves α+,Tool Specialist,1.0,Windproof,1.0
1011,1012,Rath Heart Helm β+,9,head,both,4,1,0,132,170,190,3,0,-3,0,-4,Rath Heart Helm β+,Pink Rathian Cortex,3,Pink Rathian Shard,1.0,Rathian Weave,2.0,Monster Essence,2.0,Rath Heart Helm β+,Evade Extender,2.0,None,None
1012,1013,Rath Heart Mail β+,9,chest,both,4,1,1,132,170,190,3,0,-3,0,-4,Rath Heart Mail β+,Pink Rathian Cortex,3,Pink Rathian Shard,1.0,Rathian Weave,1.0,Shamos Shard,3.0,Rath Heart Mail β+,Tool Specialist,2.0,None,None
1013,1014,Rath Heart Braces β+,9,arms,both,4,2,0,132,170,190,3,0,-3,0,-4,Rath Heart Braces β+,Pink Rathian Cortex,2,Pink Rathian Shard,2.0,Rathian Surspike,1.0,Purecrystal,1.0,Rath Heart Braces β+,Windproof,2.0,None,None
1014,1015,Rath Heart Coil β+,9,waist,both,4,0,0,132,170,190,3,0,-3,0,-4,Rath Heart Coil β+,Pink Rathian Cortex,2,Pink Rathian Shard,1.0,Monster Toughbone,4.0,Meldspar Ore,3.0,Rath Heart Coil β+,Handicraft,1.0,Poison Resistance,1.0
1015,1016,Rath Heart Greaves β+,9,legs,both,4,2,0,132,170,190,3,0,-3,0,-4,Rath Heart Greaves β+,Pink Rathian Cortex,2,Pink Rathian Shard,2.0,Rathian Weave,1.0,Conflagrant Sac,3.0,Rath Heart Greaves β+,Tool Specialist,1.0,None,None
1016,1017,Lumu Hat α+,9,head,both,3,0,0,130,168,188,-3,2,0,1,0,Lumu Hat α+,Paolumu Thickfur,2,Paolumu Shard,2.0,Paolumu Cortex,2.0,None,None,Lumu Hat α+,Stamina Surge,2.0,Windproof,1.0
1017,1018,Lumu Mail α+,9,chest,both,3,1,0,130,168,188,-3,2,0,1,0,Lumu Mail α+,Paolumu Thickfur,2,Paolumu Shard,2.0,Monster Toughbone,3.0,None,None,Lumu Mail α+,Master Mounter,1.0,Artillery,1.0
1018,1019,Lumu Vambraces α+,9,arms,both,2,2,0,130,168,188,-3,2,0,1,0,Lumu Vambraces α+,Paolumu Thickfur,2,Paolumu Fellwing,1.0,Bathycite Ore,3.0,None,None,Lumu Vambraces α+,Artillery,2.0,Windproof,1.0
1019,1020,Lumu Coil α+,9,waist,both,2,2,0,130,168,188,-3,2,0,1,0,Lumu Coil α+,Paolumu Thickfur,2,Paolumu Shard,2.0,Paolumu Fellwing,1.0,None,None,Lumu Coil α+,Divine Blessing,2.0,Windproof,1.0
1020,1021,Lumu Greaves α+,9,legs,both,3,0,0,130,168,188,-3,2,0,1,0,Lumu Greaves α+,Paolumu Thickfur,2,Paolumu Fellwing,2.0,Paolumu Cortex,3.0,None,None,Lumu Greaves α+,Windproof,2.0,Stamina Surge,1.0
1021,1022,Lumu Hat β+,9,head,both,4,1,0,130,168,188,-3,2,0,1,0,Lumu Hat β+,Paolumu Thickfur,2,Paolumu Shard,2.0,Paolumu Cortex,2.0,None,None,Lumu Hat β+,Stamina Surge,2.0,None,None
1022,1023,Lumu Mail β+,9,chest,both,4,1,0,130,168,188,-3,2,0,1,0,Lumu Mail β+,Paolumu Thickfur,2,Paolumu Shard,2.0,Monster Toughbone,3.0,None,None,Lumu Mail β+,Master Mounter,1.0,None,None
1023,1024,Lumu Vambraces β+,9,arms,both,4,1,0,130,168,188,-3,2,0,1,0,Lumu Vambraces β+,Paolumu Thickfur,2,Paolumu Fellwing,1.0,Bathycite Ore,3.0,None,None,Lumu Vambraces β+,Artillery,1.0,Windproof,1.0
1024,1025,Lumu Coil β+,9,waist,both,4,1,0,130,168,188,-3,2,0,1,0,Lumu Coil β+,Paolumu Thickfur,2,Paolumu Shard,2.0,Paolumu Fellwing,1.0,None,None,Lumu Coil β+,Divine Blessing,1.0,Windproof,1.0
1025,1026,Lumu Greaves β+,9,legs,both,4,1,0,130,168,188,-3,2,0,1,0,Lumu Greaves β+,Paolumu Thickfur,2,Paolumu Fellwing,2.0,Paolumu Cortex,3.0,None,None,Lumu Greaves β+,Windproof,2.0,None,None
1026,1027,Lumu Phantasm Hood α+,9,head,both,1,1,0,132,170,190,-3,-3,2,1,1,Lumu Phantasm Hood α+,Nightshade Paolumu Thickfur,2,Nightshade Paolumu Shard,1.0,Paolumu Cortex,3.0,None,None,Lumu Phantasm Hood α+,Weakness Exploit,1.0,Wide-Range,1.0
1027,1028,Lumu Phantasm Mail α+,9,chest,both,2,0,0,132,170,190,-3,-3,2,1,1,Lumu Phantasm Mail α+,Nightshade Paolumu Thickfur,2,Nightshade Paolumu Shard,2.0,Torpor Sac,3.0,None,None,Lumu Phantasm Mail α+,Wide-Range,2.0,Maximum Might,1.0
1028,1029,Lumu Phantasm Braces α+,9,arms,both,2,0,0,132,170,190,-3,-3,2,1,1,Lumu Phantasm Braces α+,Nightshade Paolumu Thickfur,2,Nightshade Paolumu Fellwing,1.0,Monster Toughbone,3.0,None,None,Lumu Phantasm Braces α+,Maximum Might,1.0,Sleep Attack,1.0
1029,1030,Lumu Phantasm Coil α+,9,waist,both,2,0,0,132,170,190,-3,-3,2,1,1,Lumu Phantasm Coil α+,Nightshade Paolumu Thickfur,2,Nightshade Paolumu Shard,2.0,Nightshade Paolumu Fellwing,2.0,None,None,Lumu Phantasm Coil α+,Sleep Attack,2.0,Wide-Range,1.0
1030,1031,Lumu Phantasm Greaves α+,9,legs,both,3,0,0,132,170,190,-3,-3,2,1,1,Lumu Phantasm Greaves α+,Nightshade Paolumu Thickfur,2,Nightshade Paolumu Fellwing,1.0,Paolumu Cortex,1.0,None,None,Lumu Phantasm Greaves α+,Sleep Resistance,2.0,Wide-Range,1.0
1031,1032,Lumu Phantasm Hood β+,9,head,both,4,0,0,132,170,190,-3,-3,2,1,1,Lumu Phantasm Hood β+,Nightshade Paolumu Thickfur,2,Nightshade Paolumu Shard,1.0,Paolumu Cortex,3.0,None,None,Lumu Phantasm Hood β+,Weakness Exploit,1.0,None,None
1032,1033,Lumu Phantasm Mail β+,9,chest,both,4,1,0,132,170,190,-3,-3,2,1,1,Lumu Phantasm Mail β+,Nightshade Paolumu Thickfur,2,Nightshade Paolumu Shard,2.0,Torpor Sac,3.0,None,None,Lumu Phantasm Mail β+,Wide-Range,2.0,None,None
1033,1034,Lumu Phantasm Braces β+,9,arms,both,4,0,0,132,170,190,-3,-3,2,1,1,Lumu Phantasm Braces β+,Nightshade Paolumu Thickfur,2,Nightshade Paolumu Fellwing,1.0,Monster Toughbone,3.0,None,None,Lumu Phantasm Braces β+,Maximum Might,1.0,None,None
1034,1035,Lumu Phantasm Coil β+,9,waist,both,4,0,0,132,170,190,-3,-3,2,1,1,Lumu Phantasm Coil β+,Nightshade Paolumu Thickfur,2,Nightshade Paolumu Shard,2.0,Nightshade Paolumu Fellwing,2.0,None,None,Lumu Phantasm Coil β+,Sleep Attack,2.0,None,None
1035,1036,Lumu Phantasm Greaves β+,9,legs,both,4,1,0,132,170,190,-3,-3,2,1,1,Lumu Phantasm Greaves β+,Nightshade Paolumu Thickfur,2,Nightshade Paolumu Fellwing,1.0,Paolumu Cortex,1.0,None,None,Lumu Phantasm Greaves β+,Sleep Resistance,2.0,None,None
1036,1037,Baan Helm α+,9,head,both,1,1,0,134,172,192,0,2,0,-1,-2,Baan Helm α+,Radobaan Cortex,2,Radobaan Shard,1.0,Large Wyvern Bonemass,2.0,Monster Essence,3.0,Baan Helm α+,Tremor Resistance,2.0,Slugger,1.0
1037,1038,Baan Mail α+,9,chest,both,3,0,0,134,172,192,0,2,0,-1,-2,Baan Mail α+,Radobaan Cortex,2,Radobaan Oilshell+,1.0,Torpor Sac,2.0,None,None,Baan Mail α+,Sleep Attack,1.0,Bleeding Resistance,1.0
1038,1039,Baan Vambraces α+,9,arms,both,2,0,0,134,172,192,0,2,0,-1,-2,Baan Vambraces α+,Radobaan Cortex,2,Radobaan Shard,2.0,Radobaan Oilshell+,1.0,Torpor Sac,1.0,Baan Vambraces α+,Sleep Attack,2.0,Guard,1.0
1039,1040,Baan Coil α+,9,waist,both,1,0,0,134,172,192,0,2,0,-1,-2,Baan Coil α+,Radobaan Cortex,2,Radobaan Oilshell+,1.0,Large Wyvern Bonemass,1.0,Thick Bone,3.0,Baan Coil α+,Guard,2.0,Sleep Resistance,2.0
1040,1041,Baan Greaves α+,9,legs,both,2,0,0,134,172,192,0,2,0,-1,-2,Baan Greaves α+,Radobaan Cortex,2,Radobaan Shard,1.0,Large Wyvern Bonemass,2.0,Monster Toughbone,4.0,Baan Greaves α+,Bleeding Resistance,2.0,Guard,1.0
1041,1042,Baan Helm β+,9,head,both,4,0,0,134,172,192,0,2,0,-1,-2,Baan Helm β+,Radobaan Cortex,2,Radobaan Shard,1.0,Large Wyvern Bonemass,2.0,Monster Essence,3.0,Baan Helm β+,Tremor Resistance,2.0,None,None
1042,1043,Baan Mail β+,9,chest,both,4,0,0,134,172,192,0,2,0,-1,-2,Baan Mail β+,Radobaan Cortex,2,Radobaan Oilshell+,1.0,Torpor Sac,2.0,None,None,Baan Mail β+,Sleep Attack,1.0,None,None
1043,1044,Baan Vambraces β+,9,arms,both,4,0,0,134,172,192,0,2,0,-1,-2,Baan Vambraces β+,Radobaan Cortex,2,Radobaan Shard,2.0,Radobaan Oilshell+,1.0,Torpor Sac,1.0,Baan Vambraces β+,Sleep Attack,1.0,Guard,1.0
1044,1045,Baan Coil β+,9,waist,both,4,0,0,134,172,192,0,2,0,-1,-2,Baan Coil β+,Radobaan Cortex,2,Radobaan Oilshell+,1.0,Large Wyvern Bonemass,1.0,Thick Bone,3.0,Baan Coil β+,Guard,2.0,None,None
1045,1046,Baan Greaves β+,9,legs,both,4,1,0,134,172,192,0,2,0,-1,-2,Baan Greaves β+,Radobaan Cortex,2,Radobaan Shard,1.0,Large Wyvern Bonemass,2.0,Monster Toughbone,4.0,Baan Greaves β+,Bleeding Resistance,2.0,None,None
1046,1047,Artian Helm α+,10,head,both,2,0,0,142,174,194,1,-2,-2,2,3,Artian Helm α+,Ancient Fragment,2,Monster Toughbone,2.0,Meldspar Ore,3.0,Deadly Poison Sac,4.0,Artian Helm α+,Slinger Capacity,2.0,Free Elem/Ammo Up,1.0
1047,1048,Artian Mail α+,10,chest,both,1,0,0,142,174,194,1,-2,-2,2,3,Artian Mail α+,Ancient Fragment,2,Monster Slogbone,3.0,Meldspar Ore,3.0,Lightning Sac,4.0,Artian Mail α+,Critical Eye,3.0,Peak Performance,1.0
1048,1049,Artian Vambraces α+,10,arms,both,1,1,0,142,174,194,1,-2,-2,2,3,Artian Vambraces α+,Ancient Fragment,2,Monster Slogbone,3.0,Meldspar Ore,3.0,Conflagrant Sac,4.0,Artian Vambraces α+,Free Elem/Ammo Up,2.0,Tool Specialist,1.0
1049,1050,Artian Coil α+,10,waist,both,1,1,0,142,174,194,1,-2,-2,2,3,Artian Coil α+,Ancient Fragment,2,Monster Toughbone,2.0,Meldspar Ore,3.0,Flood Sac,4.0,Artian Coil α+,Tool Specialist,2.0,Critical Eye,1.0
1050,1051,Artian Greaves α+,10,legs,both,1,1,0,142,174,194,1,-2,-2,2,3,Artian Greaves α+,Ancient Fragment,2,Monster Toughbone,2.0,Meldspar Ore,3.0,Cryo Sac,4.0,Artian Greaves α+,Peak Performance,2.0,Slinger Capacity,1.0
1051,1052,Artian Helm β+,10,head,both,4,1,0,142,174,194,1,-2,-2,2,3,Artian Helm β+,Ancient Fragment,2,Monster Toughbone,2.0,Meldspar Ore,3.0,Deadly Poison Sac,4.0,Artian Helm β+,Slinger Capacity,1.0,Free Elem/Ammo Up,1.0
1052,1053,Artian Mail β+,10,chest,both,4,0,0,142,174,194,1,-2,-2,2,3,Artian Mail β+,Ancient Fragment,2,Monster Slogbone,3.0,Meldspar Ore,3.0,Lightning Sac,4.0,Artian Mail β+,Critical Eye,2.0,Peak Performance,1.0
1053,1054,Artian Vambraces β+,10,arms,both,4,0,0,142,174,194,1,-2,-2,2,3,Artian Vambraces β+,Ancient Fragment,2,Monster Slogbone,3.0,Meldspar Ore,3.0,Conflagrant Sac,4.0,Artian Vambraces β+,Free Elem/Ammo Up,2.0,None,None
1054,1055,Artian Coil β+,10,waist,both,4,1,0,142,174,194,1,-2,-2,2,3,Artian Coil β+,Ancient Fragment,2,Monster Toughbone,2.0,Meldspar Ore,3.0,Flood Sac,4.0,Artian Coil β+,Tool Specialist,1.0,Critical Eye,1.0
1055,1056,Artian Greaves β+,10,legs,both,4,0,0,142,174,194,1,-2,-2,2,3,Artian Greaves β+,Ancient Fragment,2,Monster Toughbone,2.0,Meldspar Ore,3.0,Cryo Sac,4.0,Artian Greaves β+,Peak Performance,2.0,None,None
1056,1057,Clockwork Helm α+,10,head,both,1,1,0,142,174,194,2,2,2,-1,-1,Clockwork Helm α+,Steam Ticket,2,Monster Slogbone,3.0,Eltalite Ore,5.0,Dragonbone Artifact,1.0,Clockwork Helm α+,Agitator,2.0,Partbreaker,1.0
1057,1058,Clockwork Mail α+,10,chest,both,1,1,0,142,174,194,2,2,2,-1,-1,Clockwork Mail α+,Steam Ticket,2,Monster Slogbone,3.0,Spiritvein Crystal,4.0,Torpor Sac,3.0,Clockwork Mail α+,Agitator,2.0,Special Ammo Boost,1.0
1058,1059,Clockwork Braces α+,10,arms,both,2,0,0,142,174,194,2,2,2,-1,-1,Clockwork Braces α+,Steam Ticket,2,Monster Toughbone,2.0,Eltalite Ore,5.0,Purecrystal,1.0,Clockwork Braces α+,Bombardier,3.0,Tremor Resistance,1.0
1059,1060,Clockwork Coil α+,10,waist,both,2,0,0,142,174,194,2,2,2,-1,-1,Clockwork Coil α+,Steam Ticket,2,Monster Toughbone,2.0,Spiritvein Crystal,4.0,Ultraplegia Sac,3.0,Clockwork Coil α+,Partbreaker,2.0,Sleep Functionality,1.0
1060,1061,Clockwork Greaves α+,10,legs,both,1,1,0,142,174,194,2,2,2,-1,-1,Clockwork Greaves α+,Steam Ticket,2,Monster Toughbone,2.0,Eltalite Ore,5.0,Dragonbone Artifact,1.0,Clockwork Greaves α+,Critical Boost,1.0,Bombardier,2.0
1061,1062,Clockwork Helm β+,10,head,both,4,1,0,142,174,194,2,2,2,-1,-1,Clockwork Helm β+,Steam Ticket,2,Monster Slogbone,3.0,Eltalite Ore,5.0,Dragonbone Artifact,1.0,Clockwork Helm β+,Agitator,1.0,Partbreaker,1.0
1062,1063,Clockwork Mail β+,10,chest,both,4,1,0,142,174,194,2,2,2,-1,-1,Clockwork Mail β+,Steam Ticket,2,Monster Slogbone,3.0,Spiritvein Crystal,4.0,Torpor Sac,3.0,Clockwork Mail β+,Agitator,2.0,None,None
1063,1064,Clockwork Braces β+,10,arms,both,4,0,0,142,174,194,2,2,2,-1,-1,Clockwork Braces β+,Steam Ticket,2,Monster Toughbone,2.0,Eltalite Ore,5.0,Purecrystal,1.0,Clockwork Braces β+,Bombardier,3.0,None,None
1064,1065,Clockwork Coil β+,10,waist,both,4,1,0,142,174,194,2,2,2,-1,-1,Clockwork Coil β+,Steam Ticket,2,Monster Toughbone,2.0,Spiritvein Crystal,4.0,Ultraplegia Sac,3.0,Clockwork Coil β+,Partbreaker,2.0,None,None
1065,1066,Clockwork Greaves β+,10,legs,both,4,0,0,142,174,194,2,2,2,-1,-1,Clockwork Greaves β+,Steam Ticket,2,Monster Toughbone,2.0,Eltalite Ore,5.0,Dragonbone Artifact,1.0,Clockwork Greaves β+,Critical Boost,1.0,Bombardier,1.0
1066,1067,Ingot Helm α+,10,head,both,2,0,0,136,168,188,-2,0,3,-1,0,Ingot Helm α+,Meldspar Ore,2,Monster Slogbone,1.0,Eltalite Ore,5.0,None,None,Ingot Helm α+,Thunder Attack,2.0,Windproof,1.0
1067,1068,Ingot Mail α+,10,chest,both,3,0,0,136,168,188,-2,0,3,-1,0,Ingot Mail α+,Meldspar Ore,2,Monster Slogbone,1.0,Spiritvein Crystal,5.0,None,None,Ingot Mail α+,Thunder Resistance,2.0,Free Elem/Ammo Up,1.0
1068,1069,Ingot Vambraces α+,10,arms,both,2,1,0,136,168,188,-2,0,3,-1,0,Ingot Vambraces α+,Meldspar Ore,2,Monster Slogbone,1.0,Bathycite Ore,3.0,None,None,Ingot Vambraces α+,Health Boost,2.0,Thunder Attack,2.0
1069,1070,Ingot Coil α+,10,waist,both,2,0,0,136,168,188,-2,0,3,-1,0,Ingot Coil α+,Meldspar Ore,2,Monster Slogbone,1.0,Purecrystal,1.0,None,None,Ingot Coil α+,Windproof,2.0,Free Elem/Ammo Up,1.0
1070,1071,Ingot Greaves α+,10,legs,both,2,0,0,136,168,188,-2,0,3,-1,0,Ingot Greaves α+,Meldspar Ore,2,Monster Slogbone,1.0,Gracium,3.0,None,None,Ingot Greaves α+,Defense Boost,2.0,Free Elem/Ammo Up,1.0
1071,1072,Ingot Helm β+,10,head,both,4,2,0,136,168,188,-2,0,3,-1,0,Ingot Helm β+,Meldspar Ore,2,Monster Slogbone,1.0,Eltalite Ore,5.0,None,None,Ingot Helm β+,Thunder Attack,2.0,None,None
1072,1073,Ingot Mail β+,10,chest,both,4,0,0,136,168,188,-2,0,3,-1,0,Ingot Mail β+,Meldspar Ore,2,Monster Slogbone,1.0,Spiritvein Crystal,5.0,None,None,Ingot Mail β+,Thunder Resistance,1.0,Free Elem/Ammo Up,1.0
1073,1074,Ingot Vambraces β+,10,arms,both,4,0,0,136,168,188,-2,0,3,-1,0,Ingot Vambraces β+,Meldspar Ore,2,Monster Slogbone,1.0,Bathycite Ore,3.0,None,None,Ingot Vambraces β+,Health Boost,2.0,Thunder Attack,1.0
1074,1075,Ingot Coil β+,10,waist,both,4,1,0,136,168,188,-2,0,3,-1,0,Ingot Coil β+,Meldspar Ore,2,Monster Slogbone,1.0,Purecrystal,1.0,None,None,Ingot Coil β+,Windproof,1.0,Free Elem/Ammo Up,1.0
1075,1076,Ingot Greaves β+,10,legs,both,4,0,0,136,168,188,-2,0,3,-1,0,Ingot Greaves β+,Meldspar Ore,2,Monster Slogbone,1.0,Gracium,3.0,None,None,Ingot Greaves β+,Defense Boost,1.0,Free Elem/Ammo Up,1.0
1076,1077,Barioth Helm α+,10,head,both,1,1,0,138,170,190,-3,2,-2,3,0,Barioth Helm α+,Barioth Thickfur,2,Amber Hardfang,1.0,Barioth Greatspike,3.0,Wulg Thickfur,2.0,Barioth Helm α+,Evade Extender,2.0,Power Prolonger,1.0
1077,1078,Barioth Mail α+,10,chest,both,3,0,0,138,170,190,-3,2,-2,3,0,Barioth Mail α+,Barioth Thickfur,2,Barioth Cortex,2.0,Barioth Hardclaw,1.0,Frozen Bone,2.0,Barioth Mail α+,Power Prolonger,1.0,Constitution,1.0
1078,1079,Barioth Vambraces α+,10,arms,both,2,0,0,138,170,190,-3,2,-2,3,0,Barioth Vambraces α+,Barioth Thickfur,2,Barioth Cortex,1.0,Barioth Lash,1.0,Tough Claw,3.0,Barioth Vambraces α+,Recovery Up,2.0,Constitution,2.0
1079,1080,Barioth Faulds α+,10,waist,both,3,0,0,138,170,190,-3,2,-2,3,0,Barioth Faulds α+,Barioth Thickfur,2,Barioth Cortex,2.0,Barioth Greatspike,2.0,Wulg Thickfur,2.0,Barioth Faulds α+,Quick Sheath,1.0,Recovery Up,1.0
1080,1081,Barioth Greaves α+,10,legs,both,1,1,0,138,170,190,-3,2,-2,3,0,Barioth Greaves α+,Barioth Thickfur,2,Amber Hardfang,2.0,Barioth Hardclaw,1.0,Large Wyvern Gem,1.0,Barioth Greaves α+,Constitution,2.0,Quick Sheath,1.0
1081,1082,Barioth Helm β+,10,head,both,4,1,0,138,170,190,-3,2,-2,3,0,Barioth Helm β+,Barioth Thickfur,2,Amber Hardfang,1.0,Barioth Greatspike,3.0,Wulg Thickfur,2.0,Barioth Helm β+,Evade Extender,1.0,Power Prolonger,1.0
1082,1083,Barioth Mail β+,10,chest,both,4,1,0,138,170,190,-3,2,-2,3,0,Barioth Mail β+,Barioth Thickfur,2,Barioth Cortex,2.0,Barioth Hardclaw,1.0,Frozen Bone,2.0,Barioth Mail β+,Power Prolonger,1.0,None,None
1083,1084,Barioth Vambraces β+,10,arms,both,4,0,0,138,170,190,-3,2,-2,3,0,Barioth Vambraces β+,Barioth Thickfur,2,Barioth Cortex,1.0,Barioth Lash,1.0,Tough Claw,3.0,Barioth Vambraces β+,Recovery Up,2.0,Constitution,1.0
1084,1085,Barioth Faulds β+,10,waist,both,4,0,0,138,170,190,-3,2,-2,3,0,Barioth Faulds β+,Barioth Thickfur,2,Barioth Cortex,2.0,Barioth Greatspike,2.0,Wulg Thickfur,2.0,Barioth Faulds β+,Quick Sheath,1.0,None,None
1085,1086,Barioth Greaves β+,10,legs,both,4,1,0,138,170,190,-3,2,-2,3,0,Barioth Greaves β+,Barioth Thickfur,2,Amber Hardfang,2.0,Barioth Hardclaw,1.0,Large Wyvern Gem,1.0,Barioth Greaves β+,Constitution,1.0,Quick Sheath,1.0
1086,1087,Rathalos Helm α+,10,head,both,2,0,0,140,172,192,3,1,-2,1,-3,Rathalos Helm α+,Rathalos Cortex,2,Rathalos Shard,4.0,Rath Wingtalon+,2.0,Rathalos Medulla,2.0,Rathalos Helm α+,Attack Boost,2.0,Fire Attack,2.0
1087,1088,Rathalos Mail α+,10,chest,both,1,1,0,140,172,192,3,1,-2,1,-3,Rathalos Mail α+,Rathalos Cortex,2,Rathalos Fellwing,2.0,Rathalos Lash,1.0,Rathalos Mantle,1.0,Rathalos Mail α+,Weakness Exploit,2.0,Fire Attack,1.0
1088,1089,Rathalos Vambraces α+,10,arms,both,3,0,0,140,172,192,3,1,-2,1,-3,Rathalos Vambraces α+,Rathalos Cortex,2,Rathalos Shard,1.0,Rathalos Lash,1.0,Monster Slogbone,4.0,Rathalos Vambraces α+,Jump Master,1.0,Weakness Exploit,1.0
1089,1090,Rathalos Coil α+,10,waist,both,2,0,0,140,172,192,3,1,-2,1,-3,Rathalos Coil α+,Rathalos Cortex,2,Rathalos Shard,2.0,Rathalos Fellwing,2.0,Conflagrant Sac,3.0,Rathalos Coil α+,Fire Attack,2.0,Focus,2.0
1090,1091,Rathalos Greaves α+,10,legs,both,3,0,0,140,172,192,3,1,-2,1,-3,Rathalos Greaves α+,Rathalos Cortex,2,Rathalos Fellwing,1.0,Rath Wingtalon+,2.0,Conflagrant Sac,3.0,Rathalos Greaves α+,Slinger Capacity,2.0,Attack Boost,2.0
1091,1092,Rathalos Helm β+,10,head,both,4,1,0,140,172,192,3,1,-2,1,-3,Rathalos Helm β+,Rathalos Cortex,2,Rathalos Shard,4.0,Rath Wingtalon+,2.0,Rathalos Medulla,2.0,Rathalos Helm β+,Attack Boost,2.0,None,None
1092,1093,Rathalos Mail β+,10,chest,both,4,0,0,140,172,192,3,1,-2,1,-3,Rathalos Mail β+,Rathalos Cortex,2,Rathalos Fellwing,2.0,Rathalos Lash,1.0,Rathalos Mantle,1.0,Rathalos Mail β+,Weakness Exploit,2.0,None,None
1093,1094,Rathalos Vambraces β+,10,arms,both,4,3,0,140,172,192,3,1,-2,1,-3,Rathalos Vambraces β+,Rathalos Cortex,2,Rathalos Shard,1.0,Rathalos Lash,1.0,Monster Slogbone,4.0,Rathalos Vambraces β+,Jump Master,1.0,None,None
1094,1095,Rathalos Coil β+,10,waist,both,4,2,0,140,172,192,3,1,-2,1,-3,Rathalos Coil β+,Rathalos Cortex,2,Rathalos Shard,2.0,Rathalos Fellwing,2.0,Conflagrant Sac,3.0,Rathalos Coil β+,Fire Attack,2.0,None,None
1095,1096,Rathalos Greaves β+,10,legs,both,4,0,0,140,172,192,3,1,-2,1,-3,Rathalos Greaves β+,Rathalos Cortex,2,Rathalos Fellwing,1.0,Rath Wingtalon+,2.0,Conflagrant Sac,3.0,Rathalos Greaves β+,Slinger Capacity,2.0,Attack Boost,1.0
1096,1097,Rath Soul Helm α+,11,head,both,1,1,0,148,172,192,3,2,2,-3,-4,Rath Soul Helm α+,Azure Rathalos Cortex,3,Azure Rathalos Shard,2.0,Rath Wingtalon+,2.0,Monster Slogbone,5.0,Rath Soul Helm α+,Critical Boost,1.0,Cliffhanger,1.0
1097,1098,Rath Soul Mail α+,11,chest,both,2,0,0,148,172,192,3,2,2,-3,-4,Rath Soul Mail α+,Azure Rathalos Cortex,3,Azure Rathalos Shard,1.0,Azure Rathalos Lash,1.0,Meldspar Ore,4.0,Rath Soul Mail α+,Free Elem/Ammo Up,1.0,Partbreaker,1.0
1098,1099,Rath Soul Braces α+,11,arms,both,2,0,0,148,172,192,3,2,2,-3,-4,Rath Soul Braces α+,Azure Rathalos Cortex,3,Azure Rathalos Fellwing,2.0,Rath Wingtalon+,1.0,Barnos Hardclaw,2.0,Rath Soul Braces α+,Partbreaker,2.0,Windproof,1.0
1099,1100,Rath Soul Coil α+,11,waist,both,3,0,0,148,172,192,3,2,2,-3,-4,Rath Soul Coil α+,Azure Rathalos Cortex,3,Azure Rathalos Shard,2.0,Azure Rathalos Fellwing,1.0,Wingdrake Finehide,3.0,Rath Soul Coil α+,Windproof,2.0,Piercing Shots,1.0
1100,1101,Rath Soul Greaves α+,11,legs,both,1,0,0,148,172,192,3,2,2,-3,-4,Rath Soul Greaves α+,Azure Rathalos Cortex,3,Azure Rathalos Fellwing,1.0,Azure Rathalos Lash,1.0,Rathalos Mantle,1.0,Rath Soul Greaves α+,Critical Boost,1.0,Windproof,2.0
1101,1102,Rath Soul Helm β+,11,head,both,4,0,0,148,172,192,3,2,2,-3,-4,Rath Soul Helm β+,Azure Rathalos Cortex,3,Azure Rathalos Shard,2.0,Rath Wingtalon+,2.0,Monster Slogbone,5.0,Rath Soul Helm β+,Critical Boost,1.0,None,None
1102,1103,Rath Soul Mail β+,11,chest,both,4,1,0,148,172,192,3,2,2,-3,-4,Rath Soul Mail β+,Azure Rathalos Cortex,3,Azure Rathalos Shard,1.0,Azure Rathalos Lash,1.0,Meldspar Ore,4.0,Rath Soul Mail β+,Free Elem/Ammo Up,1.0,None,None
1103,1104,Rath Soul Braces β+,11,arms,both,4,1,0,148,172,192,3,2,2,-3,-4,Rath Soul Braces β+,Azure Rathalos Cortex,3,Azure Rathalos Fellwing,2.0,Rath Wingtalon+,1.0,Barnos Hardclaw,2.0,Rath Soul Braces β+,Partbreaker,1.0,Windproof,1.0
1104,1105,Rath Soul Coil β+,11,waist,both,4,2,0,148,172,192,3,2,2,-3,-4,Rath Soul Coil β+,Azure Rathalos Cortex,3,Azure Rathalos Shard,2.0,Azure Rathalos Fellwing,1.0,Wingdrake Finehide,3.0,Rath Soul Coil β+,Windproof,2.0,None,None
1105,1106,Rath Soul Greaves β+,11,legs,both,4,0,0,148,172,192,3,2,2,-3,-4,Rath Soul Greaves β+,Azure Rathalos Cortex,3,Azure Rathalos Fellwing,1.0,Azure Rathalos Lash,1.0,Rathalos Mantle,1.0,Rath Soul Greaves β+,Critical Boost,1.0,Windproof,1.0
1106,1107,Diablos Helm α+,10,head,both,2,0,0,140,172,192,3,-2,0,-3,2,Diablos Helm α+,Diablos Chine,2,Diablos Cortex,1.0,Twisted Stouthorn,1.0,Large Wyvern Gem,1.0,Diablos Helm α+,Critical Draw,2.0,Slugger,1.0
1107,1108,Diablos Mail α+,10,chest,both,2,0,0,140,172,192,3,-2,0,-3,2,Diablos Mail α+,Diablos Chine,2,Diablos Cortex,2.0,Blos Medulla,2.0,Monster Slogbone,2.0,Diablos Mail α+,Slugger,2.0,Heroics,2.0
1108,1109,Diablos Vambraces α+,10,arms,both,2,0,0,140,172,192,3,-2,0,-3,2,Diablos Vambraces α+,Diablos Chine,2,Diablos Cortex,2.0,Diablos Tailcase+,1.0,Kestodon Husk,2.0,Diablos Vambraces α+,Heroics,3.0,Tremor Resistance,1.0
1109,1110,Diablos Coil α+,10,waist,both,2,0,0,140,172,192,3,-2,0,-3,2,Diablos Coil α+,Diablos Chine,2,Diablos Cortex,1.0,Twisted Stouthorn,1.0,Kestodon Husk,3.0,Diablos Coil α+,Marathon Runner,2.0,Critical Draw,1.0
1110,1111,Diablos Greaves α+,10,legs,both,1,1,0,140,172,192,3,-2,0,-3,2,Diablos Greaves α+,Diablos Chine,2,Diablos Cortex,1.0,Diablos Tailcase+,1.0,Monster Slogbone,5.0,Diablos Greaves α+,Tremor Resistance,2.0,Slugger,2.0
1111,1112,Diablos Helm β+,10,head,both,4,0,0,140,172,192,3,-2,0,-3,2,Diablos Helm β+,Diablos Chine,2,Diablos Cortex,1.0,Twisted Stouthorn,1.0,Large Wyvern Gem,1.0,Diablos Helm β+,Critical Draw,2.0,None,None
1112,1113,Diablos Mail β+,10,chest,both,4,1,0,140,172,192,3,-2,0,-3,2,Diablos Mail β+,Diablos Chine,2,Diablos Cortex,2.0,Blos Medulla,2.0,Monster Slogbone,2.0,Diablos Mail β+,Slugger,2.0,Heroics,1.0
1113,1114,Diablos Vambraces β+,10,arms,both,4,1,0,140,172,192,3,-2,0,-3,2,Diablos Vambraces β+,Diablos Chine,2,Diablos Cortex,2.0,Diablos Tailcase+,1.0,Kestodon Husk,2.0,Diablos Vambraces β+,Heroics,2.0,Tremor Resistance,1.0
1114,1115,Diablos Coil β+,10,waist,both,4,1,0,140,172,192,3,-2,0,-3,2,Diablos Coil β+,Diablos Chine,2,Diablos Cortex,1.0,Twisted Stouthorn,1.0,Kestodon Husk,3.0,Diablos Coil β+,Marathon Runner,2.0,None,None
1115,1116,Diablos Greaves β+,10,legs,both,4,1,0,140,172,192,3,-2,0,-3,2,Diablos Greaves β+,Diablos Chine,2,Diablos Cortex,1.0,Diablos Tailcase+,1.0,Monster Slogbone,5.0,Diablos Greaves β+,Tremor Resistance,2.0,Slugger,1.0
1116,1117,Diablos Nero Helm α+,11,head,both,1,1,0,148,172,192,2,-3,0,-4,2,Diablos Nero Helm α+,Black Diablos Chine,3,Black Diablos Cortex,2.0,Blackcurl Stouthorn,1.0,Monster Solidbone,2.0,Diablos Nero Helm α+,Partbreaker,2.0,Resentment,1.0
1117,1118,Diablos Nero Mail α+,11,chest,both,2,0,0,148,172,192,2,-3,0,-4,2,Diablos Nero Mail α+,Black Diablos Chine,3,Black Diablos Cortex,1.0,Blackcurl Stouthorn,1.0,Monster Solidbone,4.0,Diablos Nero Mail α+,Resentment,2.0,Marathon Runner,1.0
1118,1119,Diablos Nero Braces α+,11,arms,both,1,1,0,148,172,192,2,-3,0,-4,2,Diablos Nero Braces α+,Black Diablos Chine,3,Black Diablos Cortex,2.0,Diablos Tailcase+,2.0,Tough Claw,3.0,Diablos Nero Braces α+,Slugger,2.0,Marathon Runner,1.0
1119,1120,Diablos Nero Coil α+,11,waist,both,2,0,0,148,172,192,2,-3,0,-4,2,Diablos Nero Coil α+,Black Diablos Chine,3,Black Diablos Cortex,1.0,Blackcurl Stouthorn,1.0,Diablos Hardhorn,1.0,Diablos Nero Coil α+,Slugger,2.0,Partbreaker,1.0
1120,1121,Diablos Nero Greaves α+,11,legs,both,1,0,0,148,172,192,2,-3,0,-4,2,Diablos Nero Greaves α+,Black Diablos Chine,3,Black Diablos Cortex,2.0,Diablos Tailcase+,1.0,Large Wyvern Gem,1.0,Diablos Nero Greaves α+,Resentment,2.0,Slugger,1.0
1121,1122,Diablos Nero Helm β+,11,head,both,4,1,0,148,172,192,2,-3,0,-4,2,Diablos Nero Helm β+,Black Diablos Chine,3,Black Diablos Cortex,2.0,Blackcurl Stouthorn,1.0,Monster Solidbone,2.0,Diablos Nero Helm β+,Partbreaker,2.0,None,None
1122,1123,Diablos Nero Mail β+,11,chest,both,4,1,0,148,172,192,2,-3,0,-4,2,Diablos Nero Mail β+,Black Diablos Chine,3,Black Diablos Cortex,1.0,Blackcurl Stouthorn,1.0,Monster Solidbone,4.0,Diablos Nero Mail β+,Resentment,1.0,Marathon Runner,1.0
1123,1124,Diablos Nero Braces β+,11,arms,both,4,2,0,148,172,192,2,-3,0,-4,2,Diablos Nero Braces β+,Black Diablos Chine,3,Black Diablos Cortex,2.0,Diablos Tailcase+,2.0,Tough Claw,3.0,Diablos Nero Braces β+,Slugger,1.0,Marathon Runner,1.0
1124,1125,Diablos Nero Coil β+,11,waist,both,4,1,0,148,172,192,2,-3,0,-4,2,Diablos Nero Coil β+,Black Diablos Chine,3,Black Diablos Cortex,1.0,Blackcurl Stouthorn,1.0,Diablos Hardhorn,1.0,Diablos Nero Coil β+,Slugger,2.0,None,None
1125,1126,Diablos Nero Greaves β+,11,legs,both,4,0,0,148,172,192,2,-3,0,-4,2,Diablos Nero Greaves β+,Black Diablos Chine,3,Black Diablos Cortex,2.0,Diablos Tailcase+,1.0,Large Wyvern Gem,1.0,Diablos Nero Greaves β+,Resentment,2.0,None,None
1126,1127,Legiana Helm α+,10,head,both,2,0,0,140,172,192,-1,2,-3,3,0,Legiana Helm α+,Legiana Thickhide,2,Legiana Shard,2.0,Legiana Fellwing,1.0,Shamos Shard,3.0,Legiana Helm α+,Divine Blessing,2.0,Ice Attack,2.0
1127,1128,Legiana Mail α+,10,chest,both,1,0,0,140,172,192,-1,2,-3,3,0,Legiana Mail α+,Legiana Thickhide,2,Legiana Fellwing,2.0,Legiana Hardclaw,1.0,Purecrystal,1.0,Legiana Mail α+,Evade Window,2.0,Divine Blessing,2.0
1128,1129,Legiana Vambraces α+,10,arms,both,3,0,0,140,172,192,-1,2,-3,3,0,Legiana Vambraces α+,Legiana Thickhide,2,Legiana Shard,1.0,Legiana Hardclaw,2.0,Tough Claw,3.0,Legiana Vambraces α+,Airborne,1.0,Evade Window,2.0
1129,1130,Legiana Coil α+,10,waist,both,2,0,0,140,172,192,-1,2,-3,3,0,Legiana Coil α+,Legiana Thickhide,2,Legiana Shard,1.0,Legiana Tail Webbing+,2.0,Cryo Sac,3.0,Legiana Coil α+,Ice Attack,2.0,Windproof,2.0
1130,1131,Legiana Greaves α+,10,legs,both,3,0,0,140,172,192,-1,2,-3,3,0,Legiana Greaves α+,Legiana Thickhide,2,Legiana Fellwing,1.0,Legiana Tail Webbing+,1.0,Wingdrake Finehide,3.0,Legiana Greaves α+,Ice Resistance,2.0,Critical Draw,1.0
1131,1132,Legiana Helm β+,10,head,both,4,1,0,140,172,192,-1,2,-3,3,0,Legiana Helm β+,Legiana Thickhide,2,Legiana Shard,2.0,Legiana Fellwing,1.0,Shamos Shard,3.0,Legiana Helm β+,Divine Blessing,2.0,None,None
1132,1133,Legiana Mail β+,10,chest,both,4,0,0,140,172,192,-1,2,-3,3,0,Legiana Mail β+,Legiana Thickhide,2,Legiana Fellwing,2.0,Legiana Hardclaw,1.0,Purecrystal,1.0,Legiana Mail β+,Evade Window,2.0,Divine Blessing,1.0
1133,1134,Legiana Vambraces β+,10,arms,both,4,2,0,140,172,192,-1,2,-3,3,0,Legiana Vambraces β+,Legiana Thickhide,2,Legiana Shard,1.0,Legiana Hardclaw,2.0,Tough Claw,3.0,Legiana Vambraces β+,Airborne,1.0,Evade Window,1.0
1134,1135,Legiana Coil β+,10,waist,both,4,1,0,140,172,192,-1,2,-3,3,0,Legiana Coil β+,Legiana Thickhide,2,Legiana Shard,1.0,Legiana Tail Webbing+,2.0,Cryo Sac,3.0,Legiana Coil β+,Ice Attack,2.0,Windproof,1.0
1135,1136,Legiana Greaves β+,10,legs,both,4,2,0,140,172,192,-1,2,-3,3,0,Legiana Greaves β+,Legiana Thickhide,2,Legiana Fellwing,1.0,Legiana Tail Webbing+,1.0,Wingdrake Finehide,3.0,Legiana Greaves β+,Ice Resistance,2.0,None,None
1136,1137,Hoarcry Helm α+,11,head,both,1,1,1,146,170,190,-3,2,-1,3,0,Hoarcry Helm α+,Rimed Hide,3,Legiana Shard,2.0,Obsidian Icetalon,1.0,Gracium,5.0,Hoarcry Helm α+,Hunger Resistance,2.0,Evade Extender,1.0
1137,1138,Hoarcry Mail α+,11,chest,both,1,1,0,146,170,190,-3,2,-1,3,0,Hoarcry Mail α+,Rimed Hide,3,Legiana Shard,2.0,Stark Wing,2.0,Legiana Mantle,1.0,Hoarcry Mail α+,Focus,2.0,Marathon Runner,1.0
1138,1139,Hoarcry Vambraces α+,11,arms,both,1,1,0,146,170,190,-3,2,-1,3,0,Hoarcry Vambraces α+,Rimed Hide,3,Legiana Shard,2.0,Stark Wing,1.0,Purecrystal,1.0,Hoarcry Vambraces α+,Critical Draw,2.0,Hunger Resistance,1.0
1139,1140,Hoarcry Coil α+,11,waist,both,1,1,0,146,170,190,-3,2,-1,3,0,Hoarcry Coil α+,Rimed Hide,3,Legiana Shard,2.0,Stark Wing,1.0,Cryo Sac,4.0,Hoarcry Coil α+,Evade Extender,2.0,Focus,1.0
1140,1141,Hoarcry Greaves α+,11,legs,both,1,1,0,146,170,190,-3,2,-1,3,0,Hoarcry Greaves α+,Rimed Hide,3,Legiana Shard,2.0,Obsidian Icetalon,2.0,Frozen Bone,3.0,Hoarcry Greaves α+,Marathon Runner,2.0,Spread/Power Shots,1.0
1141,1142,Hoarcry Helm β+,11,head,both,4,1,0,146,170,190,-3,2,-1,3,0,Hoarcry Helm β+,Rimed Hide,3,Legiana Shard,2.0,Obsidian Icetalon,1.0,Gracium,5.0,Hoarcry Helm β+,Hunger Resistance,2.0,None,None
1142,1143,Hoarcry Mail β+,11,chest,both,4,0,0,146,170,190,-3,2,-1,3,0,Hoarcry Mail β+,Rimed Hide,3,Legiana Shard,2.0,Stark Wing,2.0,Legiana Mantle,1.0,Hoarcry Mail β+,Focus,2.0,None,None
1143,1144,Hoarcry Vambraces β+,11,arms,both,4,0,0,146,170,190,-3,2,-1,3,0,Hoarcry Vambraces β+,Rimed Hide,3,Legiana Shard,2.0,Stark Wing,1.0,Purecrystal,1.0,Hoarcry Vambraces β+,Critical Draw,2.0,None,None
1144,1145,Hoarcry Coil β+,11,waist,both,4,0,0,146,170,190,-3,2,-1,3,0,Hoarcry Coil β+,Rimed Hide,3,Legiana Shard,2.0,Stark Wing,1.0,Cryo Sac,4.0,Hoarcry Coil β+,Evade Extender,2.0,None,None
1145,1146,Hoarcry Greaves β+,11,legs,both,4,2,0,146,170,190,-3,2,-1,3,0,Hoarcry Greaves β+,Rimed Hide,3,Legiana Shard,2.0,Obsidian Icetalon,2.0,Frozen Bone,3.0,Hoarcry Greaves β+,Marathon Runner,2.0,None,None
1146,1147,Odogaron Helm α+,10,head,both,2,0,0,140,172,192,2,2,-2,-3,0,Odogaron Helm α+,Hard Odogaron Sinew,2,Odogaron Shard,1.0,Odogaron Hardfang,1.0,Warped Bone,3.0,Odogaron Helm α+,Bleeding Resistance,2.0,Critical Eye,2.0
1147,1148,Odogaron Mail α+,10,chest,both,3,0,0,140,172,192,2,2,-2,-3,0,Odogaron Mail α+,Hard Odogaron Sinew,2,Odogaron Shard,2.0,Odogaron Lash,1.0,Hornetaur Razorwing,2.0,Odogaron Mail α+,Speed Sharpening,2.0,Bleeding Resistance,1.0
1148,1149,Odogaron Vambraces α+,10,arms,both,1,0,0,140,172,192,2,2,-2,-3,0,Odogaron Vambraces α+,Hard Odogaron Sinew,2,Odogaron Hardclaw,1.0,Odogaron Hardfang,2.0,Monster Essence,4.0,Odogaron Vambraces α+,Constitution,2.0,Critical Eye,1.0
1149,1150,Odogaron Coil α+,10,waist,both,2,0,0,140,172,192,2,2,-2,-3,0,Odogaron Coil α+,Hard Odogaron Sinew,2,Odogaron Shard,2.0,Odogaron Hardfang,1.0,Monster Slogbone,4.0,Odogaron Coil α+,Critical Eye,3.0,Speed Sharpening,1.0
1150,1151,Odogaron Greaves α+,10,legs,both,1,0,0,140,172,192,2,2,-2,-3,0,Odogaron Greaves α+,Hard Odogaron Sinew,2,Odogaron Hardclaw,2.0,Odogaron Lash,1.0,Dragonbone Artifact,1.0,Odogaron Greaves α+,Quick Sheath,2.0,Critical Eye,1.0
1151,1152,Odogaron Helm β+,10,head,both,4,0,0,140,172,192,2,2,-2,-3,0,Odogaron Helm β+,Hard Odogaron Sinew,2,Odogaron Shard,1.0,Odogaron Hardfang,1.0,Warped Bone,3.0,Odogaron Helm β+,Bleeding Resistance,2.0,Critical Eye,1.0
1152,1153,Odogaron Mail β+,10,chest,both,4,1,0,140,172,192,2,2,-2,-3,0,Odogaron Mail β+,Hard Odogaron Sinew,2,Odogaron Shard,2.0,Odogaron Lash,1.0,Hornetaur Razorwing,2.0,Odogaron Mail β+,Speed Sharpening,2.0,None,None
1153,1154,Odogaron Vambraces β+,10,arms,both,4,0,0,140,172,192,2,2,-2,-3,0,Odogaron Vambraces β+,Hard Odogaron Sinew,2,Odogaron Hardclaw,1.0,Odogaron Hardfang,2.0,Monster Essence,4.0,Odogaron Vambraces β+,Constitution,1.0,Critical Eye,1.0
1154,1155,Odogaron Coil β+,10,waist,both,4,2,0,140,172,192,2,2,-2,-3,0,Odogaron Coil β+,Hard Odogaron Sinew,2,Odogaron Shard,2.0,Odogaron Hardfang,1.0,Monster Slogbone,4.0,Odogaron Coil β+,Critical Eye,2.0,None,None
1155,1156,Odogaron Greaves β+,10,legs,both,4,0,0,140,172,192,2,2,-2,-3,0,Odogaron Greaves β+,Hard Odogaron Sinew,2,Odogaron Hardclaw,2.0,Odogaron Lash,1.0,Dragonbone Artifact,1.0,Odogaron Greaves β+,Quick Sheath,1.0,Critical Eye,1.0
1156,1157,Death Garon Helm α+,11,head,both,3,0,0,148,172,192,-2,-3,-2,-2,4,Death Garon Helm α+,Hard Ebony Odogaron Sinew,3,Ebony Odogaron Hardclaw,3.0,Ebony Odogaron Lash,1.0,Ebony Odogaron Mantle,1.0,Death Garon Helm α+,Latent Power,2.0,Tool Specialist,1.0
1157,1158,Death Garon Mail α+,11,chest,both,2,0,0,148,172,192,-2,-3,-2,-2,4,Death Garon Mail α+,Hard Ebony Odogaron Sinew,3,Ebony Odogaron Hardclaw,2.0,Ebony Odogaron Hardfang,2.0,Hornetaur Razorwing,4.0,Death Garon Mail α+,Critical Eye,3.0,Dragon Resistance,2.0
1158,1159,Death Garon Braces α+,11,arms,both,2,1,0,148,172,192,-2,-3,-2,-2,4,Death Garon Braces α+,Hard Ebony Odogaron Sinew,3,Ebony Odogaron Shard,3.0,Ebony Odogaron Hardfang,2.0,Girros Shard,4.0,Death Garon Braces α+,Power Prolonger,1.0,Dragon Attack,2.0
1159,1160,Death Garon Coil α+,11,waist,both,2,1,0,148,172,192,-2,-3,-2,-2,4,Death Garon Coil α+,Hard Ebony Odogaron Sinew,3,Ebony Odogaron Shard,2.0,Ebony Odogaron Hardfang,3.0,Monster Solidbone,4.0,Death Garon Coil α+,Dragon Attack,2.0,Latent Power,1.0
1160,1161,Death Garon Greaves α+,11,legs,both,1,1,0,148,172,192,-2,-3,-2,-2,4,Death Garon Greaves α+,Hard Ebony Odogaron Sinew,3,Ebony Odogaron Shard,2.0,Ebony Odogaron Lash,1.0,Tough Claw,3.0,Death Garon Greaves α+,Tool Specialist,2.0,Power Prolonger,1.0
1161,1162,Death Garon Helm β+,11,head,both,4,2,0,148,172,192,-2,-3,-2,-2,4,Death Garon Helm β+,Hard Ebony Odogaron Sinew,3,Ebony Odogaron Hardclaw,3.0,Ebony Odogaron Lash,1.0,Ebony Odogaron Mantle,1.0,Death Garon Helm β+,Latent Power,2.0,None,None
1162,1163,Death Garon Mail β+,11,chest,both,4,1,0,148,172,192,-2,-3,-2,-2,4,Death Garon Mail β+,Hard Ebony Odogaron Sinew,3,Ebony Odogaron Hardclaw,2.0,Ebony Odogaron Hardfang,2.0,Hornetaur Razorwing,4.0,Death Garon Mail β+,Critical Eye,2.0,Dragon Resistance,1.0
1163,1164,Death Garon Braces β+,11,arms,both,4,1,0,148,172,192,-2,-3,-2,-2,4,Death Garon Braces β+,Hard Ebony Odogaron Sinew,3,Ebony Odogaron Shard,3.0,Ebony Odogaron Hardfang,2.0,Girros Shard,4.0,Death Garon Braces β+,Power Prolonger,1.0,Dragon Attack,1.0
1164,1165,Death Garon Coil β+,11,waist,both,4,2,0,148,172,192,-2,-3,-2,-2,4,Death Garon Coil β+,Hard Ebony Odogaron Sinew,3,Ebony Odogaron Shard,2.0,Ebony Odogaron Hardfang,3.0,Monster Solidbone,4.0,Death Garon Coil β+,Dragon Attack,2.0,None,None
1165,1166,Death Garon Greaves β+,11,legs,both,4,1,1,148,172,192,-2,-3,-2,-2,4,Death Garon Greaves β+,Hard Ebony Odogaron Sinew,3,Ebony Odogaron Shard,2.0,Ebony Odogaron Lash,1.0,Tough Claw,3.0,Death Garon Greaves β+,Tool Specialist,2.0,None,None
1166,1167,Lavasioth Helm α+,10,head,both,1,1,0,140,172,192,3,-3,1,-2,2,Lavasioth Helm α+,Lavasioth Cortex,2,Lavasioth Shard,2.0,Lavasioth Hardfang,1.0,Gastodon Husk,3.0,Lavasioth Helm α+,Fire Attack,2.0,Quick Sheath,1.0
1167,1168,Lavasioth Mail α+,10,chest,both,1,1,0,140,172,192,3,-3,1,-2,2,Lavasioth Mail α+,Lavasioth Cortex,2,Lavasioth Shard,1.0,Conflagrant Sac,6.0,Monster Slogbone,4.0,Lavasioth Mail α+,Fire Attack,3.0,Heat Guard,1.0
1168,1169,Lavasioth Vambraces α+,10,arms,both,1,0,0,140,172,192,3,-3,1,-2,2,Lavasioth Vambraces α+,Lavasioth Cortex,2,Lavasioth Hardfang,2.0,Lavasioth Grandfin,1.0,Large Wyvern Gem,1.0,Lavasioth Vambraces α+,Peak Performance,2.0,Recovery Up,1.0
1169,1170,Lavasioth Coil α+,10,waist,both,1,0,0,140,172,192,3,-3,1,-2,2,Lavasioth Coil α+,Lavasioth Cortex,2,Lavasioth Shard,1.0,Lavasioth Grandfin,2.0,Meldspar Ore,4.0,Lavasioth Coil α+,Quick Sheath,2.0,Recovery Up,2.0
1170,1171,Lavasioth Greaves α+,10,legs,both,2,0,0,140,172,192,3,-3,1,-2,2,Lavasioth Greaves α+,Lavasioth Cortex,2,Lavasioth Shard,2.0,Lavasioth Grandfin,1.0,Eltalite Ore,8.0,Lavasioth Greaves α+,Spread/Power Shots,1.0,Fire Attack,2.0
1171,1172,Lavasioth Helm β+,10,head,both,4,1,0,140,172,192,3,-3,1,-2,2,Lavasioth Helm β+,Lavasioth Cortex,2,Lavasioth Shard,2.0,Lavasioth Hardfang,1.0,Gastodon Husk,3.0,Lavasioth Helm β+,Fire Attack,1.0,Quick Sheath,1.0
1172,1173,Lavasioth Mail β+,10,chest,both,4,1,0,140,172,192,3,-3,1,-2,2,Lavasioth Mail β+,Lavasioth Cortex,2,Lavasioth Shard,1.0,Conflagrant Sac,6.0,Monster Slogbone,4.0,Lavasioth Mail β+,Fire Attack,2.0,Heat Guard,1.0
1173,1174,Lavasioth Vambraces β+,10,arms,both,4,0,0,140,172,192,3,-3,1,-2,2,Lavasioth Vambraces β+,Lavasioth Cortex,2,Lavasioth Hardfang,2.0,Lavasioth Grandfin,1.0,Large Wyvern Gem,1.0,Lavasioth Vambraces β+,Peak Performance,1.0,Recovery Up,1.0
1174,1175,Lavasioth Coil β+,10,waist,both,4,0,0,140,172,192,3,-3,1,-2,2,Lavasioth Coil β+,Lavasioth Cortex,2,Lavasioth Shard,1.0,Lavasioth Grandfin,2.0,Meldspar Ore,4.0,Lavasioth Coil β+,Quick Sheath,2.0,Recovery Up,1.0
1175,1176,Lavasioth Greaves β+,10,legs,both,4,1,0,140,172,192,3,-3,1,-2,2,Lavasioth Greaves β+,Lavasioth Cortex,2,Lavasioth Shard,2.0,Lavasioth Grandfin,1.0,Eltalite Ore,8.0,Lavasioth Greaves β+,Spread/Power Shots,1.0,Fire Attack,1.0
1176,1177,Uragaan Helm α+,10,head,both,2,1,0,144,176,196,4,-3,1,-2,-2,Uragaan Helm α+,Uragaan Cortex,2,Uragaan Shard,2.0,Uragaan Scute+,1.0,Firecell Stone,2.0,Uragaan Helm α+,Blast Resistance,2.0,Flinch Free,1.0
1177,1178,Uragaan Mail α+,10,chest,both,3,0,0,144,176,196,4,-3,1,-2,-2,Uragaan Mail α+,Uragaan Cortex,2,Uragaan Jaw+,1.0,Uragaan Scute+,1.0,Large Wyvern Gem,1.0,Uragaan Mail α+,Partbreaker,2.0,Blast Resistance,1.0
1178,1179,Uragaan Vambraces α+,10,arms,both,2,0,0,144,176,196,4,-3,1,-2,-2,Uragaan Vambraces α+,Uragaan Cortex,2,Uragaan Shard,1.0,Uragaan Scute+,2.0,Lava Nugget,4.0,Uragaan Vambraces α+,Guard,2.0,Iron Skin,2.0
1179,1180,Uragaan Coil α+,10,waist,both,2,1,0,144,176,196,4,-3,1,-2,-2,Uragaan Coil α+,Uragaan Cortex,2,Uragaan Shard,2.0,Uragaan Jaw+,1.0,Monster Slogbone,4.0,Uragaan Coil α+,Partbreaker,1.0,Guard,1.0
1180,1181,Uragaan Greaves α+,10,legs,both,1,0,0,144,176,196,4,-3,1,-2,-2,Uragaan Greaves α+,Uragaan Cortex,2,Uragaan Shard,1.0,Uragaan Marrow,2.0,Thick Bone,5.0,Uragaan Greaves α+,Guard,2.0,Offensive Guard,1.0
1181,1182,Uragaan Helm β+,10,head,both,4,3,0,144,176,196,4,-3,1,-2,-2,Uragaan Helm β+,Uragaan Cortex,2,Uragaan Shard,2.0,Uragaan Scute+,1.0,Firecell Stone,2.0,Uragaan Helm β+,Blast Resistance,2.0,None,None
1182,1183,Uragaan Mail β+,10,chest,both,4,0,0,144,176,196,4,-3,1,-2,-2,Uragaan Mail β+,Uragaan Cortex,2,Uragaan Jaw+,1.0,Uragaan Scute+,1.0,Large Wyvern Gem,1.0,Uragaan Mail β+,Partbreaker,2.0,None,None
1183,1184,Uragaan Vambraces β+,10,arms,both,4,0,0,144,176,196,4,-3,1,-2,-2,Uragaan Vambraces β+,Uragaan Cortex,2,Uragaan Shard,1.0,Uragaan Scute+,2.0,Lava Nugget,4.0,Uragaan Vambraces β+,Guard,2.0,Iron Skin,1.0
1184,1185,Uragaan Coil β+,10,waist,both,4,2,0,144,176,196,4,-3,1,-2,-2,Uragaan Coil β+,Uragaan Cortex,2,Uragaan Shard,2.0,Uragaan Jaw+,1.0,Monster Slogbone,4.0,Uragaan Coil β+,Partbreaker,1.0,None,None
1185,1186,Uragaan Greaves β+,10,legs,both,4,1,0,144,176,196,4,-3,1,-2,-2,Uragaan Greaves β+,Uragaan Cortex,2,Uragaan Shard,1.0,Uragaan Marrow,2.0,Thick Bone,5.0,Uragaan Greaves β+,Guard,2.0,None,None
1186,1187,Nargacuga Helm α+,10,head,both,1,1,0,140,172,192,-2,2,-3,0,0,Nargacuga Helm α+,Nargacuga Blackfur+,2,Nargacuga Hardfang,1.0,Nargacuga Tailspear,2.0,Steel Gajau Whisker,2.0,Nargacuga Helm α+,Peak Performance,2.0,Piercing Shots,1.0
1187,1188,Nargacuga Mail α+,10,chest,both,2,0,0,140,172,192,-2,2,-3,0,0,Nargacuga Mail α+,Nargacuga Blackfur+,2,Nargacuga Shard,1.0,Nargacuga Lash,1.0,Gajau Thickhide,3.0,Nargacuga Mail α+,Evade Window,2.0,Speed Crawler,1.0
1188,1189,Nargacuga Braces α+,10,arms,both,1,0,0,140,172,192,-2,2,-3,0,0,Nargacuga Braces α+,Nargacuga Blackfur+,2,Nargacuga Shard,1.0,Nargacuga Hardfang,2.0,Prized Pelt,4.0,Nargacuga Braces α+,Stamina Surge,2.0,Stealth,2.0
1189,1190,Nargacuga Faulds α+,10,waist,both,1,0,0,140,172,192,-2,2,-3,0,0,Nargacuga Faulds α+,Nargacuga Blackfur+,2,Nargacuga Cutwing+,2.0,Nargacuga Lash,1.0,Nargacuga Mantle,1.0,Nargacuga Faulds α+,Evade Window,2.0,Stamina Surge,1.0
1190,1191,Nargacuga Greaves α+,10,legs,both,1,1,0,140,172,192,-2,2,-3,0,0,Nargacuga Greaves α+,Nargacuga Blackfur+,2,Nargacuga Shard,2.0,Nargacuga Cutwing+,1.0,Vespoid Razorwing,3.0,Nargacuga Greaves α+,Evade Window,1.0,Peak Performance,1.0
1191,1192,Nargacuga Helm β+,10,head,both,4,1,0,140,172,192,-2,2,-3,0,0,Nargacuga Helm β+,Nargacuga Blackfur+,2,Nargacuga Hardfang,1.0,Nargacuga Tailspear,2.0,Steel Gajau Whisker,2.0,Nargacuga Helm β+,Peak Performance,1.0,Piercing Shots,1.0
1192,1193,Nargacuga Mail β+,10,chest,both,4,0,0,140,172,192,-2,2,-3,0,0,Nargacuga Mail β+,Nargacuga Blackfur+,2,Nargacuga Shard,1.0,Nargacuga Lash,1.0,Gajau Thickhide,3.0,Nargacuga Mail β+,Evade Window,2.0,None,None
1193,1194,Nargacuga Braces β+,10,arms,both,4,0,0,140,172,192,-2,2,-3,0,0,Nargacuga Braces β+,Nargacuga Blackfur+,2,Nargacuga Shard,1.0,Nargacuga Hardfang,2.0,Prized Pelt,4.0,Nargacuga Braces β+,Stamina Surge,2.0,None,None
1194,1195,Nargacuga Faulds β+,10,waist,both,4,0,0,140,172,192,-2,2,-3,0,0,Nargacuga Faulds β+,Nargacuga Blackfur+,2,Nargacuga Cutwing+,2.0,Nargacuga Lash,1.0,Nargacuga Mantle,1.0,Nargacuga Faulds β+,Evade Window,1.0,Stamina Surge,1.0
1195,1196,Nargacuga Greaves β+,10,legs,both,4,1,0,140,172,192,-2,2,-3,0,0,Nargacuga Greaves β+,Nargacuga Blackfur+,2,Nargacuga Shard,2.0,Nargacuga Cutwing+,1.0,Vespoid Razorwing,3.0,Nargacuga Greaves β+,Evade Window,1.0,None,None
1196,1197,Glavenus Helm α+,10,head,both,1,0,0,142,174,194,3,-3,1,-1,-1,Glavenus Helm α+,Glavenus Cortex,2,Glavenus Hardfang,2.0,Glavenus Hellshell,1.0,Glavenus Mantle,1.0,Glavenus Helm α+,Focus,2.0,Handicraft,1.0
1197,1198,Glavenus Mail α+,10,chest,both,1,0,0,142,174,194,3,-3,1,-1,-1,Glavenus Mail α+,Glavenus Cortex,2,Glavenus Hardfang,1.0,Molten Bursa,2.0,Firecell Stone,2.0,Glavenus Mail α+,Power Prolonger,2.0,Maximum Might,1.0
1198,1199,Glavenus Braces α+,10,arms,both,1,0,0,142,174,194,3,-3,1,-1,-1,Glavenus Braces α+,Glavenus Cortex,2,Glavenus Hellshell,2.0,Glavenus Tailedge,1.0,Purecrystal,1.0,Glavenus Braces α+,Maximum Might,2.0,Focus,1.0
1199,1200,Glavenus Faulds α+,10,waist,both,1,1,0,142,174,194,3,-3,1,-1,-1,Glavenus Faulds α+,Glavenus Cortex,2,Glavenus Shard,2.0,Glavenus Hardfang,1.0,Molten Bursa,2.0,Glavenus Faulds α+,Maximum Might,2.0,Normal Shots,1.0
1200,1201,Glavenus Greaves α+,10,legs,both,2,0,0,142,174,194,3,-3,1,-1,-1,Glavenus Greaves α+,Glavenus Cortex,2,Glavenus Shard,1.0,Glavenus Hellshell,2.0,Molten Bursa,2.0,Glavenus Greaves α+,Handicraft,2.0,Heat Guard,1.0
1201,1202,Glavenus Helm β+,10,head,both,4,0,0,142,174,194,3,-3,1,-1,-1,Glavenus Helm β+,Glavenus Cortex,2,Glavenus Hardfang,2.0,Glavenus Hellshell,1.0,Glavenus Mantle,1.0,Glavenus Helm β+,Focus,1.0,Handicraft,1.0
1202,1203,Glavenus Mail β+,10,chest,both,4,0,0,142,174,194,3,-3,1,-1,-1,Glavenus Mail β+,Glavenus Cortex,2,Glavenus Hardfang,1.0,Molten Bursa,2.0,Firecell Stone,2.0,Glavenus Mail β+,Power Prolonger,1.0,Maximum Might,1.0
1203,1204,Glavenus Braces β+,10,arms,both,4,0,0,142,174,194,3,-3,1,-1,-1,Glavenus Braces β+,Glavenus Cortex,2,Glavenus Hellshell,2.0,Glavenus Tailedge,1.0,Purecrystal,1.0,Glavenus Braces β+,Maximum Might,1.0,Focus,1.0
1204,1205,Glavenus Faulds β+,10,waist,both,4,0,0,142,174,194,3,-3,1,-1,-1,Glavenus Faulds β+,Glavenus Cortex,2,Glavenus Shard,2.0,Glavenus Hardfang,1.0,Molten Bursa,2.0,Glavenus Faulds β+,Maximum Might,2.0,None,None
1205,1206,Glavenus Greaves β+,10,legs,both,4,0,0,142,174,194,3,-3,1,-1,-1,Glavenus Greaves β+,Glavenus Cortex,2,Glavenus Shard,1.0,Glavenus Hellshell,2.0,Molten Bursa,2.0,Glavenus Greaves β+,Handicraft,2.0,None,None
1206,1207,Acidic Glavenus Helm α+,11,head,both,1,0,0,150,174,194,-3,2,-1,2,-1,Acidic Glavenus Helm α+,Acidic Glavenus Cortex,3,Acidic Glavenus Shard,2.0,Acidic Glavenus Spineshell,3.0,Honed Acidcryst,3.0,Acidic Glavenus Helm α+,Maximum Might,2.0,Effluvia Resistance,2.0
1207,1208,Acidic Glavenus Mail α+,11,chest,both,1,0,0,150,174,194,-3,2,-1,2,-1,Acidic Glavenus Mail α+,Acidic Glavenus Cortex,3,Acidic Glavenus Hardfang,3.0,Acidic Glavenus Spineshell,2.0,Glavenus Mantle,1.0,Acidic Glavenus Mail α+,Handicraft,2.0,Stamina Surge,1.0
1208,1209,Acidic Glavenus Braces α+,11,arms,both,2,1,0,150,174,194,-3,2,-1,2,-1,Acidic Glavenus Braces α+,Acidic Glavenus Cortex,3,Acidic Glavenus Hardfang,2.0,Honed Acidcryst,2.0,Monster Solidbone,4.0,Acidic Glavenus Braces α+,Stun Resistance,2.0,Handicraft,1.0
1209,1210,Acidic Glavenus Coil α+,11,waist,both,2,0,0,150,174,194,-3,2,-1,2,-1,Acidic Glavenus Coil α+,Acidic Glavenus Cortex,3,Acidic Glavenus Shard,3.0,Acidic Glavenus Hardfang,2.0,Honed Acidcryst,3.0,Acidic Glavenus Coil α+,Handicraft,2.0,Iron Skin,2.0
1210,1211,Acidic Glavenus Greaves α+,11,legs,both,1,0,0,150,174,194,-3,2,-1,2,-1,Acidic Glavenus Greaves α+,Acidic Glavenus Cortex,3,Acidic Glavenus Spineshell,3.0,Acidic Glavenus Tailedge,1.0,Large Wyvern Gem,1.0,Acidic Glavenus Greaves α+,Maximum Might,2.0,Stamina Surge,1.0
1211,1212,Acidic Glavenus Helm β+,11,head,both,4,0,0,150,174,194,-3,2,-1,2,-1,Acidic Glavenus Helm β+,Acidic Glavenus Cortex,3,Acidic Glavenus Shard,2.0,Acidic Glavenus Spineshell,3.0,Honed Acidcryst,3.0,Acidic Glavenus Helm β+,Maximum Might,1.0,Effluvia Resistance,2.0
1212,1213,Acidic Glavenus Mail β+,11,chest,both,4,1,0,150,174,194,-3,2,-1,2,-1,Acidic Glavenus Mail β+,Acidic Glavenus Cortex,3,Acidic Glavenus Hardfang,3.0,Acidic Glavenus Spineshell,2.0,Glavenus Mantle,1.0,Acidic Glavenus Mail β+,Handicraft,1.0,Stamina Surge,1.0
1213,1214,Acidic Glavenus Braces β+,11,arms,both,4,2,1,150,174,194,-3,2,-1,2,-1,Acidic Glavenus Braces β+,Acidic Glavenus Cortex,3,Acidic Glavenus Hardfang,2.0,Honed Acidcryst,2.0,Monster Solidbone,4.0,Acidic Glavenus Braces β+,Stun Resistance,2.0,None,None
1214,1215,Acidic Glavenus Coil β+,11,waist,both,4,0,0,150,174,194,-3,2,-1,2,-1,Acidic Glavenus Coil β+,Acidic Glavenus Cortex,3,Acidic Glavenus Shard,3.0,Acidic Glavenus Hardfang,2.0,Honed Acidcryst,3.0,Acidic Glavenus Coil β+,Handicraft,2.0,None,None
1215,1216,Acidic Glavenus Greaves β+,11,legs,both,4,2,0,150,174,194,-3,2,-1,2,-1,Acidic Glavenus Greaves β+,Acidic Glavenus Cortex,3,Acidic Glavenus Spineshell,3.0,Acidic Glavenus Tailedge,1.0,Large Wyvern Gem,1.0,Acidic Glavenus Greaves β+,Maximum Might,1.0,None,None
1216,1217,Brachydios Helm α+,10,head,both,3,0,0,142,174,194,3,-2,1,-3,1,Brachydios Helm α+,Fine Brachydios Ebonshell,2,Brachydios Cortex,1.0,Brachydios Crown,2.0,Brachydios Pallium,1.0,Brachydios Helm α+,Agitator,2.0,Capacity Boost,1.0
1217,1218,Brachydios Mail α+,10,chest,both,1,0,0,142,174,194,3,-2,1,-3,1,Brachydios Mail α+,Fine Brachydios Ebonshell,2,Brachydios Pounder+,1.0,Brachydios Crown,1.0,Monster Slogbone,5.0,Brachydios Mail α+,Stamina Thief,2.0,Agitator,1.0
1218,1219,Brachydios Braces α+,10,arms,both,2,0,0,142,174,194,3,-2,1,-3,1,Brachydios Braces α+,Fine Brachydios Ebonshell,2,Brachydios Cortex,2.0,Brachydios Pounder+,1.0,Glowing Slime,3.0,Brachydios Braces α+,Agitator,2.0,Blast Resistance,2.0
1219,1220,Brachydios Faulds α+,10,waist,both,3,0,0,142,174,194,3,-2,1,-3,1,Brachydios Faulds α+,Fine Brachydios Ebonshell,2,Brachydios Crown,1.0,Brachydios Lash,1.0,Glowing Slime,3.0,Brachydios Faulds α+,Blast Attack,2.0,Stamina Thief,1.0
1220,1221,Brachydios Greaves α+,10,legs,both,2,0,0,142,174,194,3,-2,1,-3,1,Brachydios Greaves α+,Fine Brachydios Ebonshell,2,Brachydios Cortex,1.0,Brachydios Pounder+,2.0,Barnos Hardclaw,4.0,Brachydios Greaves α+,Agitator,2.0,Artillery,2.0
1221,1222,Brachydios Helm β+,10,head,both,4,1,0,142,174,194,3,-2,1,-3,1,Brachydios Helm β+,Fine Brachydios Ebonshell,2,Brachydios Cortex,1.0,Brachydios Crown,2.0,Brachydios Pallium,1.0,Brachydios Helm β+,Agitator,2.0,None,None
1222,1223,Brachydios Mail β+,10,chest,both,4,0,0,142,174,194,3,-2,1,-3,1,Brachydios Mail β+,Fine Brachydios Ebonshell,2,Brachydios Pounder+,1.0,Brachydios Crown,1.0,Monster Slogbone,5.0,Brachydios Mail β+,Stamina Thief,1.0,Agitator,1.0
1223,1224,Brachydios Braces β+,10,arms,both,4,0,0,142,174,194,3,-2,1,-3,1,Brachydios Braces β+,Fine Brachydios Ebonshell,2,Brachydios Cortex,2.0,Brachydios Pounder+,1.0,Glowing Slime,3.0,Brachydios Braces β+,Agitator,2.0,Blast Resistance,1.0
1224,1225,Brachydios Faulds β+,10,waist,both,4,2,0,142,174,194,3,-2,1,-3,1,Brachydios Faulds β+,Fine Brachydios Ebonshell,2,Brachydios Crown,1.0,Brachydios Lash,1.0,Glowing Slime,3.0,Brachydios Faulds β+,Blast Attack,2.0,None,None
1225,1226,Brachydios Greaves β+,10,legs,both,4,0,0,142,174,194,3,-2,1,-3,1,Brachydios Greaves β+,Fine Brachydios Ebonshell,2,Brachydios Cortex,1.0,Brachydios Pounder+,2.0,Barnos Hardclaw,4.0,Brachydios Greaves β+,Agitator,2.0,Artillery,1.0
1226,1227,Tigrex Helm α+,10,head,both,1,0,0,142,174,194,2,0,-3,0,-2,Tigrex Helm α+,Tigrex Cortex,2,Tigrex Hardfang,1.0,Tigrex Hardclaw,1.0,Large Wyvern Gem,1.0,Tigrex Helm α+,Attack Boost,2.0,Earplugs,2.0
1227,1228,Tigrex Mail α+,10,chest,both,2,0,0,142,174,194,2,0,-3,0,-2,Tigrex Mail α+,Tigrex Cortex,2,Tigrex Hardclaw,2.0,Tigrex Lash,1.0,Vespoid Razorwing,3.0,Tigrex Mail α+,Earplugs,2.0,Free Meal,1.0
1228,1229,Tigrex Braces α+,10,arms,both,1,0,0,142,174,194,2,0,-3,0,-2,Tigrex Braces α+,Tigrex Cortex,2,Tigrex Shard,1.0,Tigrex Hardfang,2.0,Tough Claw,3.0,Tigrex Braces α+,Speed Eating,2.0,Attack Boost,2.0
1229,1230,Tigrex Tassets α+,10,waist,both,3,1,0,142,174,194,2,0,-3,0,-2,Tigrex Tassets α+,Tigrex Cortex,2,Tigrex Shard,2.0,Tigrex Hardfang,1.0,Thick Bone,5.0,Tigrex Tassets α+,Earplugs,1.0,Free Meal,1.0
1230,1231,Tigrex Greaves α+,10,legs,both,3,1,0,142,174,194,2,0,-3,0,-2,Tigrex Greaves α+,Tigrex Cortex,2,Tigrex Shard,2.0,Tigrex Hardclaw,1.0,Monster Slogbone,3.0,Tigrex Greaves α+,Speed Eating,1.0,Free Meal,1.0
1231,1232,Tigrex Helm β+,10,head,both,4,0,0,142,174,194,2,0,-3,0,-2,Tigrex Helm β+,Tigrex Cortex,2,Tigrex Hardfang,1.0,Tigrex Hardclaw,1.0,Large Wyvern Gem,1.0,Tigrex Helm β+,Attack Boost,2.0,Earplugs,1.0
1232,1233,Tigrex Mail β+,10,chest,both,4,1,0,142,174,194,2,0,-3,0,-2,Tigrex Mail β+,Tigrex Cortex,2,Tigrex Hardclaw,2.0,Tigrex Lash,1.0,Vespoid Razorwing,3.0,Tigrex Mail β+,Earplugs,2.0,None,None
1233,1234,Tigrex Braces β+,10,arms,both,4,0,0,142,174,194,2,0,-3,0,-2,Tigrex Braces β+,Tigrex Cortex,2,Tigrex Shard,1.0,Tigrex Hardfang,2.0,Tough Claw,3.0,Tigrex Braces β+,Speed Eating,2.0,Attack Boost,1.0
1234,1235,Tigrex Tassets β+,10,waist,both,4,2,1,142,174,194,2,0,-3,0,-2,Tigrex Tassets β+,Tigrex Cortex,2,Tigrex Shard,2.0,Tigrex Hardfang,1.0,Thick Bone,5.0,Tigrex Tassets β+,Earplugs,1.0,None,None
1235,1236,Tigrex Greaves β+,10,legs,both,4,2,0,142,174,194,2,0,-3,0,-2,Tigrex Greaves β+,Tigrex Cortex,2,Tigrex Shard,2.0,Tigrex Hardclaw,1.0,Monster Slogbone,3.0,Tigrex Greaves β+,Speed Eating,1.0,None,None
1236,1237,Rex Roar Helm α+,11,head,both,3,0,0,158,182,202,3,-4,-2,0,0,Rex Roar Helm α+,Brute Tigrex Cortex,3,Brute Tigrex Shard,2.0,Brute Tigrex Hardfang,2.0,Distorted Crystal,5.0,Rex Roar Helm α+,Attack Boost,3.0,Free Meal,1.0
1237,1238,Rex Roar Mail α+,11,chest,both,3,0,0,158,182,202,3,-4,-2,0,0,Rex Roar Mail α+,Brute Tigrex Cortex,3,Brute Tigrex Shard,2.0,Brute Tigrex Hardfang,3.0,Afflicted Frenzybone,3.0,Rex Roar Mail α+,Attack Boost,3.0,Weakness Exploit,1.0
1238,1239,Rex Roar Braces α+,11,arms,both,3,0,0,158,182,202,3,-4,-2,0,0,Rex Roar Braces α+,Brute Tigrex Cortex,3,Brute Tigrex Shard,2.0,Brute Tigrex Hardclaw,2.0,Malformed Frenzybone,3.0,Rex Roar Braces α+,Health Boost,3.0,Attack Boost,2.0
1239,1240,Rex Roar Coil α+,11,waist,both,2,0,0,158,182,202,3,-4,-2,0,0,Rex Roar Coil α+,Brute Tigrex Cortex,3,Brute Tigrex Hardclaw,3.0,Tigrex Lash,1.0,Twilight Crystal,3.0,Rex Roar Coil α+,Recovery Up,3.0,Weakness Exploit,1.0
1240,1241,Rex Roar Greaves α+,11,legs,both,1,0,0,158,182,202,3,-4,-2,0,0,Rex Roar Greaves α+,Brute Tigrex Cortex,3,Brute Tigrex Hardfang,2.0,Brute Tigrex Hardclaw,2.0,Tigrex Mantle,1.0,Rex Roar Greaves α+,Agitator,3.0,Weakness Exploit,1.0
1241,1242,Rex Roar Helm β+,11,head,both,4,0,0,158,182,202,3,-4,-2,0,0,Rex Roar Helm β+,Brute Tigrex Cortex,3,Brute Tigrex Shard,2.0,Brute Tigrex Hardfang,2.0,Distorted Crystal,5.0,Rex Roar Helm β+,Attack Boost,2.0,Free Meal,1.0
1242,1243,Rex Roar Mail β+,11,chest,both,4,1,0,158,182,202,3,-4,-2,0,0,Rex Roar Mail β+,Brute Tigrex Cortex,3,Brute Tigrex Shard,2.0,Brute Tigrex Hardfang,3.0,Afflicted Frenzybone,3.0,Rex Roar Mail β+,Attack Boost,2.0,Weakness Exploit,1.0
1243,1244,Rex Roar Braces β+,11,arms,both,4,0,0,158,182,202,3,-4,-2,0,0,Rex Roar Braces β+,Brute Tigrex Cortex,3,Brute Tigrex Shard,2.0,Brute Tigrex Hardclaw,2.0,Malformed Frenzybone,3.0,Rex Roar Braces β+,Health Boost,2.0,Attack Boost,2.0
1244,1245,Rex Roar Coil β+,11,waist,both,4,0,0,158,182,202,3,-4,-2,0,0,Rex Roar Coil β+,Brute Tigrex Cortex,3,Brute Tigrex Hardclaw,3.0,Tigrex Lash,1.0,Twilight Crystal,3.0,Rex Roar Coil β+,Recovery Up,2.0,Weakness Exploit,1.0
1245,1246,Rex Roar Greaves β+,11,legs,both,4,0,0,158,182,202,3,-4,-2,0,0,Rex Roar Greaves β+,Brute Tigrex Cortex,3,Brute Tigrex Hardfang,2.0,Brute Tigrex Hardclaw,2.0,Tigrex Mantle,1.0,Rex Roar Greaves β+,Agitator,2.0,Weakness Exploit,1.0
1246,1247,Black Belt Helm α+,11,head,both,3,0,0,150,174,194,1,1,1,1,2,Black Belt Helm α+,Black Belt Coin,2,Odogaron Coin,3.0,Cortos Hardclaw,3.0,None,None,Black Belt Helm α+,Marathon Runner,2.0,Mushroomancer,1.0
1247,1248,Black Belt Mail α+,11,chest,both,1,1,1,150,174,194,1,1,1,1,2,Black Belt Mail α+,Black Belt Coin,2,Nargacuga Coin,3.0,Vespoid Razorwing,3.0,None,None,Black Belt Mail α+,Mushroomancer,2.0,Wide-Range,1.0
1248,1249,Black Belt Braces α+,11,arms,both,3,0,0,150,174,194,1,1,1,1,2,Black Belt Braces α+,Black Belt Coin,2,Banbaro Coin,3.0,Anteka Antler,2.0,None,None,Black Belt Braces α+,Wide-Range,2.0,Horn Maestro,2.0
1249,1250,Black Belt Tassets α+,11,waist,both,3,0,0,150,174,194,1,1,1,1,2,Black Belt Tassets α+,Black Belt Coin,2,Paolumu Coin,3.0,Steel Gajau Whisker,2.0,None,None,Black Belt Tassets α+,Recovery Up,2.0,Marathon Runner,1.0
1250,1251,Black Belt Greaves α+,11,legs,both,2,2,0,150,174,194,1,1,1,1,2,Black Belt Greaves α+,Black Belt Coin,2,Glavenus Coin,3.0,Hornetaur Razorwing,3.0,None,None,Black Belt Greaves α+,Wide-Range,2.0,Recovery Up,1.0
1251,1252,Black Belt Helm β+,11,head,both,4,2,0,150,174,194,1,1,1,1,2,Black Belt Helm β+,Black Belt Coin,2,Odogaron Coin,3.0,Cortos Hardclaw,3.0,None,None,Black Belt Helm β+,Marathon Runner,2.0,None,None
1252,1253,Black Belt Mail β+,11,chest,both,4,1,1,150,174,194,1,1,1,1,2,Black Belt Mail β+,Black Belt Coin,2,Nargacuga Coin,3.0,Vespoid Razorwing,3.0,None,None,Black Belt Mail β+,Mushroomancer,2.0,None,None
1253,1254,Black Belt Braces β+,11,arms,both,4,1,0,150,174,194,1,1,1,1,2,Black Belt Braces β+,Black Belt Coin,2,Banbaro Coin,3.0,Anteka Antler,2.0,None,None,Black Belt Braces β+,Wide-Range,2.0,None,None
1254,1255,Black Belt Tassets β+,11,waist,both,4,1,0,150,174,194,1,1,1,1,2,Black Belt Tassets β+,Black Belt Coin,2,Paolumu Coin,3.0,Steel Gajau Whisker,2.0,None,None,Black Belt Tassets β+,Recovery Up,2.0,None,None
1255,1256,Black Belt Greaves β+,11,legs,both,4,2,0,150,174,194,1,1,1,1,2,Black Belt Greaves β+,Black Belt Coin,2,Glavenus Coin,3.0,Hornetaur Razorwing,3.0,None,None,Black Belt Greaves β+,Wide-Range,2.0,None,None
1256,1257,Dober Helm α+,11,head,both,1,0,0,152,176,196,-2,0,-1,-1,4,Dober Helm α+,Large Elder Dragon Bone,2,Thick Bone,3.0,Uragaan Scute+,1.0,Large Wyvern Gem,1.0,Dober Helm α+,Free Elem/Ammo Up,2.0,Stamina Surge,1.0
1257,1258,Dober Mail α+,11,chest,both,1,1,1,152,176,196,-2,0,-1,-1,4,Dober Mail α+,Large Elder Dragon Bone,2,Thick Bone,3.0,Jyuratodus Grandfin,1.0,Monster Solidbone,3.0,Dober Mail α+,Attack Boost,2.0,Effluvia Resistance,1.0
1258,1259,Dober Vambraces α+,11,arms,both,2,1,0,152,176,196,-2,0,-1,-1,4,Dober Vambraces α+,Large Elder Dragon Bone,2,Thick Bone,3.0,Lavasioth Grandfin,1.0,Dragonbone Artifact,3.0,Dober Vambraces α+,Stamina Surge,2.0,Mushroomancer,1.0
1259,1260,Dober Coil α+,11,waist,both,2,1,0,152,176,196,-2,0,-1,-1,4,Dober Coil α+,Large Elder Dragon Bone,2,Thick Bone,3.0,Diablos Tailcase+,1.0,Monster Toughbone,5.0,Dober Coil α+,Attack Boost,2.0,Stun Resistance,2.0
1260,1261,Dober Greaves α+,11,legs,both,2,0,0,152,176,196,-2,0,-1,-1,4,Dober Greaves α+,Large Elder Dragon Bone,2,Thick Bone,3.0,Radobaan Oilshell+,1.0,Monster Slogbone,4.0,Dober Greaves α+,Attack Boost,2.0,Mushroomancer,2.0
1261,1262,Dober Helm β+,11,head,both,4,0,0,152,176,196,-2,0,-1,-1,4,Dober Helm β+,Large Elder Dragon Bone,2,Thick Bone,3.0,Uragaan Scute+,1.0,Large Wyvern Gem,1.0,Dober Helm β+,Free Elem/Ammo Up,2.0,None,None
1262,1263,Dober Mail β+,11,chest,both,4,1,1,152,176,196,-2,0,-1,-1,4,Dober Mail β+,Large Elder Dragon Bone,2,Thick Bone,3.0,Jyuratodus Grandfin,1.0,Monster Solidbone,3.0,Dober Mail β+,Attack Boost,1.0,Effluvia Resistance,1.0
1263,1264,Dober Vambraces β+,11,arms,both,4,1,0,152,176,196,-2,0,-1,-1,4,Dober Vambraces β+,Large Elder Dragon Bone,2,Thick Bone,3.0,Lavasioth Grandfin,1.0,Dragonbone Artifact,3.0,Dober Vambraces β+,Stamina Surge,1.0,Mushroomancer,1.0
1264,1265,Dober Coil β+,11,waist,both,4,2,0,152,176,196,-2,0,-1,-1,4,Dober Coil β+,Large Elder Dragon Bone,2,Thick Bone,3.0,Diablos Tailcase+,1.0,Monster Toughbone,5.0,Dober Coil β+,Attack Boost,1.0,Stun Resistance,1.0
1265,1266,Dober Greaves β+,11,legs,both,4,2,0,152,176,196,-2,0,-1,-1,4,Dober Greaves β+,Large Elder Dragon Bone,2,Thick Bone,3.0,Radobaan Oilshell+,1.0,Monster Slogbone,4.0,Dober Greaves β+,Attack Boost,1.0,Mushroomancer,1.0
1266,1267,Damascus Helm α+,11,head,both,3,0,0,152,176,196,4,-2,0,0,0,Damascus Helm α+,Pure Dragon Blood,2,Meldspar Ore,3.0,Paolumu Fellwing,1.0,Gracium,1.0,Damascus Helm α+,Defense Boost,3.0,Speed Sharpening,2.0
1267,1268,Damascus Mail α+,11,chest,both,3,1,0,152,176,196,4,-2,0,0,0,Damascus Mail α+,Pure Dragon Blood,2,Meldspar Ore,3.0,Legiana Fellwing,1.0,Purecrystal,1.0,Damascus Mail α+,Focus,2.0,Defense Boost,2.0
1268,1269,Damascus Vambraces α+,11,arms,both,2,1,0,152,176,196,4,-2,0,0,0,Damascus Vambraces α+,Pure Dragon Blood,2,Meldspar Ore,3.0,Rathalos Fellwing,1.0,Large Wyvern Gem,1.0,Damascus Vambraces α+,Handicraft,2.0,Speed Sharpening,1.0
1269,1270,Damascus Coil α+,11,waist,both,3,2,0,152,176,196,4,-2,0,0,0,Damascus Coil α+,Pure Dragon Blood,2,Meldspar Ore,3.0,Rathian Weave,1.0,Bathycite Ore,1.0,Damascus Coil α+,Focus,1.0,Guard,1.0
1270,1271,Damascus Greaves α+,11,legs,both,2,1,0,152,176,196,4,-2,0,0,0,Damascus Greaves α+,Pure Dragon Blood,2,Meldspar Ore,3.0,Pukei-Pukei Fellwing,1.0,Spiritvein Crystal,1.0,Damascus Greaves α+,Defense Boost,2.0,Guard,2.0
1271,1272,Damascus Helm β+,11,head,both,4,1,1,152,176,196,4,-2,0,0,0,Damascus Helm β+,Pure Dragon Blood,2,Meldspar Ore,3.0,Paolumu Fellwing,1.0,Gracium,1.0,Damascus Helm β+,Defense Boost,3.0,None,None
1272,1273,Damascus Mail β+,11,chest,both,4,2,1,152,176,196,4,-2,0,0,0,Damascus Mail β+,Pure Dragon Blood,2,Meldspar Ore,3.0,Legiana Fellwing,1.0,Purecrystal,1.0,Damascus Mail β+,Focus,2.0,None,None
1273,1274,Damascus Vambraces β+,11,arms,both,4,1,0,152,176,196,4,-2,0,0,0,Damascus Vambraces β+,Pure Dragon Blood,2,Meldspar Ore,3.0,Rathalos Fellwing,1.0,Large Wyvern Gem,1.0,Damascus Vambraces β+,Handicraft,2.0,None,None
1274,1275,Damascus Coil β+,11,waist,both,4,3,1,152,176,196,4,-2,0,0,0,Damascus Coil β+,Pure Dragon Blood,2,Meldspar Ore,3.0,Rathian Weave,1.0,Bathycite Ore,1.0,Damascus Coil β+,Focus,1.0,None,None
1275,1276,Damascus Greaves β+,11,legs,both,4,2,0,152,176,196,4,-2,0,0,0,Damascus Greaves β+,Pure Dragon Blood,2,Meldspar Ore,3.0,Pukei-Pukei Fellwing,1.0,Spiritvein Crystal,1.0,Damascus Greaves β+,Defense Boost,2.0,Guard,1.0
1276,1277,Pride Helm α+,11,head,both,2,1,0,154,178,198,3,1,-2,-4,-2,Pride Helm α+,Flickering Silvershell,3,Distilled Blast Fluid,2.0,Scorching Silverwing,3.0,Bazelgeuse Mantle,1.0,Pride Helm α+,Earplugs,2.0,Blast Attack,2.0
1277,1278,Pride Mail α+,11,chest,both,1,1,0,154,178,198,3,1,-2,-4,-2,Pride Mail α+,Flickering Silvershell,3,Bazelgeuse Shard,3.0,Distilled Blast Fluid,2.0,Monster Solidbone,5.0,Pride Mail α+,Guard,2.0,Blast Resistance,2.0
1278,1279,Pride Vambraces α+,11,arms,both,3,0,0,154,178,198,3,1,-2,-4,-2,Pride Vambraces α+,Flickering Silvershell,3,Scorching Silverwing,1.0,Bazelgeuse Flail,1.0,Diablos Hardhorn,1.0,Pride Vambraces α+,Critical Draw,2.0,Earplugs,1.0
1279,1280,Pride Coil α+,11,waist,both,3,0,0,154,178,198,3,1,-2,-4,-2,Pride Coil α+,Flickering Silvershell,3,Bazelgeuse Shard,2.0,Bazelgeuse Hardclaw,3.0,Twisted Stouthorn,2.0,Pride Coil α+,Bombardier,2.0,Critical Draw,1.0
1280,1281,Pride Greaves α+,11,legs,both,3,0,0,154,178,198,3,1,-2,-4,-2,Pride Greaves α+,Flickering Silvershell,3,Bazelgeuse Shard,2.0,Scorching Silverwing,2.0,Tigrex Mantle,1.0,Pride Greaves α+,Earplugs,2.0,Jump Master,1.0
1281,1282,Pride Helm β+,11,head,both,4,1,0,154,178,198,3,1,-2,-4,-2,Pride Helm β+,Flickering Silvershell,3,Distilled Blast Fluid,2.0,Scorching Silverwing,3.0,Bazelgeuse Mantle,1.0,Pride Helm β+,Earplugs,2.0,Blast Attack,1.0
1282,1283,Pride Mail β+,11,chest,both,4,1,1,154,178,198,3,1,-2,-4,-2,Pride Mail β+,Flickering Silvershell,3,Bazelgeuse Shard,3.0,Distilled Blast Fluid,2.0,Monster Solidbone,5.0,Pride Mail β+,Guard,2.0,None,None
1283,1284,Pride Vambraces β+,11,arms,both,4,3,0,154,178,198,3,1,-2,-4,-2,Pride Vambraces β+,Flickering Silvershell,3,Scorching Silverwing,1.0,Bazelgeuse Flail,1.0,Diablos Hardhorn,1.0,Pride Vambraces β+,Critical Draw,2.0,None,None
1284,1285,Pride Coil β+,11,waist,both,4,2,0,154,178,198,3,1,-2,-4,-2,Pride Coil β+,Flickering Silvershell,3,Bazelgeuse Shard,2.0,Bazelgeuse Hardclaw,3.0,Twisted Stouthorn,2.0,Pride Coil β+,Bombardier,2.0,None,None
1285,1286,Pride Greaves β+,11,legs,both,4,2,0,154,178,198,3,1,-2,-4,-2,Pride Greaves β+,Flickering Silvershell,3,Bazelgeuse Shard,2.0,Scorching Silverwing,2.0,Tigrex Mantle,1.0,Pride Greaves β+,Earplugs,1.0,Jump Master,1.0
1286,1287,Esurient Helm α+,11,head,both,1,0,0,156,180,200,2,1,-3,1,-3,Esurient Helm α+,Deviljho Blackpiel,3,Deviljho Shard,2.0,Vile Fang,2.0,Ebony Odogaron Mantle,1.0,Esurient Helm α+,Partbreaker,1.0,Handicraft,2.0
1287,1288,Esurient Mail α+,11,chest,both,2,0,0,156,180,200,2,1,-3,1,-3,Esurient Mail α+,Deviljho Blackpiel,3,Vile Fang,4.0,Deviljho Flail,1.0,Deviljho Crook,1.0,Esurient Mail α+,Speed Eating,1.0,Handicraft,2.0
1288,1289,Esurient Vambraces α+,11,arms,both,2,0,0,156,180,200,2,1,-3,1,-3,Esurient Vambraces α+,Deviljho Blackpiel,3,Deviljho Shard,2.0,Black Blood,3.0,Monster Solidbone,5.0,Esurient Vambraces α+,Stamina Thief,2.0,Partbreaker,1.0
1289,1290,Esurient Faulds α+,11,waist,both,1,0,0,156,180,200,2,1,-3,1,-3,Esurient Faulds α+,Deviljho Blackpiel,3,Black Blood,3.0,Deviljho Ripper,1.0,Rathalos Mantle,1.0,Esurient Faulds α+,Stamina Thief,2.0,Handicraft,1.0
1290,1291,Esurient Greaves α+,11,legs,both,2,2,0,156,180,200,2,1,-3,1,-3,Esurient Greaves α+,Deviljho Blackpiel,3,Deviljho Shard,2.0,Deviljho Ripper,1.0,Dragonbone Artifact,1.0,Esurient Greaves α+,Speed Eating,2.0,Stamina Thief,1.0
1291,1292,Esurient Helm β+,11,head,both,4,3,0,156,180,200,2,1,-3,1,-3,Esurient Helm β+,Deviljho Blackpiel,3,Deviljho Shard,2.0,Vile Fang,2.0,Ebony Odogaron Mantle,1.0,Esurient Helm β+,Partbreaker,1.0,None,None
1292,1293,Esurient Mail β+,11,chest,both,4,2,2,156,180,200,2,1,-3,1,-3,Esurient Mail β+,Deviljho Blackpiel,3,Vile Fang,4.0,Deviljho Flail,1.0,Deviljho Crook,1.0,Esurient Mail β+,Speed Eating,1.0,None,None
1293,1294,Esurient Vambraces β+,11,arms,both,4,0,0,156,180,200,2,1,-3,1,-3,Esurient Vambraces β+,Deviljho Blackpiel,3,Deviljho Shard,2.0,Black Blood,3.0,Monster Solidbone,5.0,Esurient Vambraces β+,Stamina Thief,2.0,None,None
1294,1295,Esurient Faulds β+,11,waist,both,4,1,0,156,180,200,2,1,-3,1,-3,Esurient Faulds β+,Deviljho Blackpiel,3,Black Blood,3.0,Deviljho Ripper,1.0,Rathalos Mantle,1.0,Esurient Faulds β+,Stamina Thief,2.0,None,None
1295,1296,Esurient Greaves β+,11,legs,both,4,2,0,156,180,200,2,1,-3,1,-3,Esurient Greaves β+,Deviljho Blackpiel,3,Deviljho Shard,2.0,Deviljho Ripper,1.0,Dragonbone Artifact,1.0,Esurient Greaves β+,Speed Eating,1.0,Stamina Thief,1.0
1296,1297,Rimeguard Helm α+,12,head,both,3,2,0,154,172,192,-3,2,-1,4,-1,Rimeguard Helm α+,Velkhana Cortex,3,Crystal Shard,2.0,Velkhana Crownhorn,1.0,Large Elder Dragon Bone,3.0,Rimeguard Helm α+,Divine Blessing,2.0,Coalescence,1.0
1297,1298,Rimeguard Mail α+,12,chest,both,1,0,0,154,172,192,-3,2,-1,4,-1,Rimeguard Mail α+,Velkhana Cortex,3,Velkhana Fellwing,3.0,Velkhana Hardclaw,2.0,Legiana Mantle,1.0,Rimeguard Mail α+,Quick Sheath,2.0,Critical Draw,1.0
1298,1299,Rimeguard Vambraces α+,12,arms,both,1,0,0,154,172,192,-3,2,-1,4,-1,Rimeguard Vambraces α+,Velkhana Cortex,3,Velkhana Fellwing,2.0,Velkhana Crownhorn,2.0,Velkhana Crystal,1.0,Rimeguard Vambraces α+,Quick Sheath,1.0,Flinch Free,2.0
1299,1300,Rimeguard Coil α+,12,waist,both,2,1,0,154,172,192,-3,2,-1,4,-1,Rimeguard Coil α+,Velkhana Cortex,3,Crystal Shard,2.0,Velkhana Hardclaw,2.0,Pure Dragon Blood,2.0,Rimeguard Coil α+,Flinch Free,1.0,Coalescence,1.0
1300,1301,Rimeguard Greaves α+,12,legs,both,1,1,0,154,172,192,-3,2,-1,4,-1,Rimeguard Greaves α+,Velkhana Cortex,3,Crystal Shard,3.0,Velkhana Lash,1.0,Odogaron Mantle,1.0,Rimeguard Greaves α+,Critical Draw,2.0,Coalescence,1.0
1301,1302,Rimeguard Helm β+,12,head,both,4,2,0,154,172,192,-3,2,-1,4,-1,Rimeguard Helm β+,Velkhana Cortex,3,Crystal Shard,2.0,Velkhana Crownhorn,1.0,Large Elder Dragon Bone,3.0,Rimeguard Helm β+,Divine Blessing,2.0,None,None
1302,1303,Rimeguard Mail β+,12,chest,both,4,1,0,154,172,192,-3,2,-1,4,-1,Rimeguard Mail β+,Velkhana Cortex,3,Velkhana Fellwing,3.0,Velkhana Hardclaw,2.0,Legiana Mantle,1.0,Rimeguard Mail β+,Quick Sheath,2.0,None,None
1303,1304,Rimeguard Vambraces β+,12,arms,both,4,0,0,154,172,192,-3,2,-1,4,-1,Rimeguard Vambraces β+,Velkhana Cortex,3,Velkhana Fellwing,2.0,Velkhana Crownhorn,2.0,Velkhana Crystal,1.0,Rimeguard Vambraces β+,Quick Sheath,1.0,Flinch Free,1.0
1304,1305,Rimeguard Coil β+,12,waist,both,4,1,0,154,172,192,-3,2,-1,4,-1,Rimeguard Coil β+,Velkhana Cortex,3,Crystal Shard,2.0,Velkhana Hardclaw,2.0,Pure Dragon Blood,2.0,Rimeguard Coil β+,Flinch Free,1.0,None,None
1305,1306,Rimeguard Greaves β+,12,legs,both,4,1,0,154,172,192,-3,2,-1,4,-1,Rimeguard Greaves β+,Velkhana Cortex,3,Crystal Shard,3.0,Velkhana Lash,1.0,Odogaron Mantle,1.0,Rimeguard Greaves β+,Critical Draw,2.0,None,None
1306,1307,Fellshroud Helm α+,12,head,both,1,0,0,156,174,194,-2,4,1,1,-3,Fellshroud Helm α+,Vaal Hazak Cortex,3,Shadowpierce Fang,1.0,Vaal Hazak Hardclaw,3.0,Large Elder Dragon Gem,1.0,Fellshroud Helm α+,Peak Performance,2.0,Dragon Attack,2.0
1307,1308,Fellshroud Mail α+,12,chest,both,3,1,0,156,174,194,-2,4,1,1,-3,Fellshroud Mail α+,Vaal Hazak Cortex,3,Deceased Shard,2.0,Deathweaver Membrane,3.0,Pure Dragon Blood,2.0,Fellshroud Mail α+,Recovery Speed,2.0,Dragon Attack,2.0
1308,1309,Fellshroud Braces α+,12,arms,both,2,1,1,156,174,194,-2,4,1,1,-3,Fellshroud Braces α+,Vaal Hazak Cortex,3,Vaal Hazak Fellwing,2.0,Shadowpierce Fang,2.0,Large Elder Dragon Bone,5.0,Fellshroud Braces α+,Recovery Up,2.0,Speed Eating,1.0
1309,1310,Fellshroud Coil α+,12,waist,both,2,1,0,156,174,194,-2,4,1,1,-3,Fellshroud Coil α+,Vaal Hazak Cortex,3,Deceased Shard,2.0,Vaal Hazak Fellwing,4.0,Deathweaver Membrane,2.0,Fellshroud Coil α+,Speed Eating,2.0,Peak Performance,1.0
1310,1311,Fellshroud Greaves α+,12,legs,both,3,2,0,156,174,194,-2,4,1,1,-3,Fellshroud Greaves α+,Vaal Hazak Cortex,3,Deceased Shard,3.0,Vaal Hazak Flail,1.0,Deathweaver Membrane,2.0,Fellshroud Greaves α+,Effluvia Resistance,2.0,Dragon Attack,2.0
1311,1312,Fellshroud Helm β+,12,head,both,4,1,0,156,174,194,-2,4,1,1,-3,Fellshroud Helm β+,Vaal Hazak Cortex,3,Shadowpierce Fang,1.0,Vaal Hazak Hardclaw,3.0,Large Elder Dragon Gem,1.0,Fellshroud Helm β+,Peak Performance,2.0,None,None
1312,1313,Fellshroud Mail β+,12,chest,both,4,2,0,156,174,194,-2,4,1,1,-3,Fellshroud Mail β+,Vaal Hazak Cortex,3,Deceased Shard,2.0,Deathweaver Membrane,3.0,Pure Dragon Blood,2.0,Fellshroud Mail β+,Recovery Speed,2.0,Dragon Attack,1.0
1313,1314,Fellshroud Braces β+,12,arms,both,4,1,1,156,174,194,-2,4,1,1,-3,Fellshroud Braces β+,Vaal Hazak Cortex,3,Vaal Hazak Fellwing,2.0,Shadowpierce Fang,2.0,Large Elder Dragon Bone,5.0,Fellshroud Braces β+,Recovery Up,2.0,None,None
1314,1315,Fellshroud Coil β+,12,waist,both,4,2,0,156,174,194,-2,4,1,1,-3,Fellshroud Coil β+,Vaal Hazak Cortex,3,Deceased Shard,2.0,Vaal Hazak Fellwing,4.0,Deathweaver Membrane,2.0,Fellshroud Coil β+,Speed Eating,2.0,None,None
1315,1316,Fellshroud Greaves β+,12,legs,both,4,3,0,156,174,194,-2,4,1,1,-3,Fellshroud Greaves β+,Vaal Hazak Cortex,3,Deceased Shard,3.0,Vaal Hazak Flail,1.0,Deathweaver Membrane,2.0,Fellshroud Greaves β+,Effluvia Resistance,2.0,None,None
1316,1317,Kaiser Crown α+,12,head,both,1,0,0,156,174,194,3,-3,1,-3,1,Kaiser Crown α+,Teostra Cortex,3,Teostra Mane+,2.0,Teostra Hardhorn,2.0,Large Elder Dragon Gem,1.0,Kaiser Crown α+,Latent Power,2.0,Critical Eye,2.0
1317,1318,Kaiser Mail α+,12,chest,both,2,1,0,156,174,194,3,-3,1,-3,1,Kaiser Mail α+,Teostra Cortex,3,Teostra Mane+,4.0,Teostra Lash,1.0,Large Elder Dragon Bone,5.0,Kaiser Mail α+,Latent Power,1.0,Special Ammo Boost,2.0
1318,1319,Kaiser Vambraces α+,12,arms,both,2,0,0,156,174,194,3,-3,1,-3,1,Kaiser Vambraces α+,Teostra Cortex,3,Hellfire Shard,3.0,Teostra Hardhorn,1.0,Fulgur Anjanath Mantle,1.0,Kaiser Vambraces α+,Weakness Exploit,2.0,Heat Guard,1.0
1319,1320,Kaiser Coil α+,12,waist,both,3,0,0,156,174,194,3,-3,1,-3,1,Kaiser Coil α+,Teostra Cortex,3,Hellfire Shard,3.0,Teostra Fellwing,1.0,Pure Dragon Blood,3.0,Kaiser Coil α+,Blast Attack,2.0,Weakness Exploit,1.0
1320,1321,Kaiser Greaves α+,12,legs,both,2,0,0,156,174,194,3,-3,1,-3,1,Kaiser Greaves α+,Teostra Cortex,3,Fire Dragon Hardclaw,2.0,Teostra Fellwing,2.0,Anjanath Mantle,1.0,Kaiser Greaves α+,Latent Power,2.0,Blast Attack,2.0
1321,1322,Kaiser Crown β+,12,head,both,4,0,0,156,174,194,3,-3,1,-3,1,Kaiser Crown β+,Teostra Cortex,3,Teostra Mane+,2.0,Teostra Hardhorn,2.0,Large Elder Dragon Gem,1.0,Kaiser Crown β+,Latent Power,1.0,Critical Eye,2.0
1322,1323,Kaiser Mail β+,12,chest,both,4,1,1,156,174,194,3,-3,1,-3,1,Kaiser Mail β+,Teostra Cortex,3,Teostra Mane+,4.0,Teostra Lash,1.0,Large Elder Dragon Bone,5.0,Kaiser Mail β+,Latent Power,1.0,None,None
1323,1324,Kaiser Vambraces β+,12,arms,both,4,3,0,156,174,194,3,-3,1,-3,1,Kaiser Vambraces β+,Teostra Cortex,3,Hellfire Shard,3.0,Teostra Hardhorn,1.0,Fulgur Anjanath Mantle,1.0,Kaiser Vambraces β+,Weakness Exploit,1.0,Heat Guard,1.0
1324,1325,Kaiser Coil β+,12,waist,both,4,2,1,156,174,194,3,-3,1,-3,1,Kaiser Coil β+,Teostra Cortex,3,Hellfire Shard,3.0,Teostra Fellwing,1.0,Pure Dragon Blood,3.0,Kaiser Coil β+,Blast Attack,2.0,None,None
1325,1326,Kaiser Greaves β+,12,legs,both,4,0,0,156,174,194,3,-3,1,-3,1,Kaiser Greaves β+,Teostra Cortex,3,Fire Dragon Hardclaw,2.0,Teostra Fellwing,2.0,Anjanath Mantle,1.0,Kaiser Greaves β+,Latent Power,2.0,Blast Attack,1.0
1326,1327,Kushala Glare α+,12,head,both,2,0,0,156,174,194,0,2,-3,4,-2,Kushala Glare α+,Daora Cortex,4,Daora Shard,3.0,Daora Hardclaw,1.0,Large Wyvern Gem,1.0,Kushala Glare α+,Ice Attack,2.0,Evade Window,2.0
1327,1328,Kushala Cista α+,12,chest,both,1,0,0,156,174,194,0,2,-3,4,-2,Kushala Cista α+,Daora Cortex,4,Daora Fellwing,3.0,Daora Lash,2.0,Pure Dragon Blood,6.0,Kushala Cista α+,Handicraft,3.0,None,None
1328,1329,Kushala Grip α+,12,arms,both,1,0,0,156,174,194,0,2,-3,4,-2,Kushala Grip α+,Daora Cortex,4,Daora Fellwing,3.0,Daora Hardhorn,2.0,Large Elder Dragon Gem,1.0,Kushala Grip α+,Evade Window,3.0,None,None
1329,1330,Kushala Cocoon α+,12,waist,both,2,0,0,156,174,194,0,2,-3,4,-2,Kushala Cocoon α+,Daora Cortex,4,Daora Shard,3.0,Daora Hardhorn,1.0,Amber Hardfang,3.0,Kushala Cocoon α+,Ice Attack,3.0,Evade Extender,1.0
1330,1331,Kushala Crus α+,12,legs,both,1,0,0,156,174,194,0,2,-3,4,-2,Kushala Crus α+,Daora Cortex,4,Daora Hardclaw,2.0,Daora Lash,1.0,Nargacuga Mantle,1.0,Kushala Crus α+,Evade Extender,2.0,Handicraft,2.0
1331,1332,Kushala Glare β+,12,head,both,4,1,0,156,174,194,0,2,-3,4,-2,Kushala Glare β+,Daora Cortex,4,Daora Shard,3.0,Daora Hardclaw,1.0,Large Wyvern Gem,1.0,Kushala Glare β+,Ice Attack,2.0,Evade Window,1.0
1332,1333,Kushala Cista β+,12,chest,both,4,2,0,156,174,194,0,2,-3,4,-2,Kushala Cista β+,Daora Cortex,4,Daora Fellwing,3.0,Daora Lash,2.0,Pure Dragon Blood,6.0,Kushala Cista β+,Handicraft,2.0,None,None
1333,1334,Kushala Grip β+,12,arms,both,4,2,0,156,174,194,0,2,-3,4,-2,Kushala Grip β+,Daora Cortex,4,Daora Fellwing,3.0,Daora Hardhorn,2.0,Large Elder Dragon Gem,1.0,Kushala Grip β+,Evade Window,2.0,None,None
1334,1335,Kushala Cocoon β+,12,waist,both,4,1,0,156,174,194,0,2,-3,4,-2,Kushala Cocoon β+,Daora Cortex,4,Daora Shard,3.0,Daora Hardhorn,1.0,Amber Hardfang,3.0,Kushala Cocoon β+,Ice Attack,3.0,None,None
1335,1336,Kushala Crus β+,12,legs,both,4,3,0,156,174,194,0,2,-3,4,-2,Kushala Crus β+,Daora Cortex,4,Daora Hardclaw,2.0,Daora Lash,1.0,Nargacuga Mantle,1.0,Kushala Crus β+,Evade Extender,2.0,None,None
1336,1337,Kirin Horn α+,12,head,both,3,1,0,154,172,192,-3,-2,4,-2,2,Kirin Horn α+,Kirin Silvermane,3,Kirin Finehide,1.0,Kirin Azure Horn+,2.0,Glavenus Mantle,1.0,Kirin Horn α+,Marathon Runner,2.0,Divine Blessing,2.0
1337,1338,Kirin Jacket α+,12,chest,both,3,2,0,154,172,192,-3,-2,4,-2,2,Kirin Jacket α+,Kirin Silvermane,3,Kirin Finehide,1.0,Kirin Thundertail+,3.0,Brachydios Pallium,1.0,Kirin Jacket α+,Critical Eye,3.0,Divine Blessing,1.0
1338,1339,Kirin Longarms α+,12,arms,both,3,2,0,154,172,192,-3,-2,4,-2,2,Kirin Longarms α+,Kirin Silvermane,3,Kirin Finehide,2.0,Kirin Thundertail+,2.0,Dragonbone Artifact,1.0,Kirin Longarms α+,Thunder Attack,3.0,Marathon Runner,1.0
1339,1340,Kirin Hoop α+,12,waist,both,2,0,0,154,172,192,-3,-2,4,-2,2,Kirin Hoop α+,Kirin Silvermane,3,Kirin Finehide,2.0,Pure Dragon Blood,1.0,Purecrystal,1.0,Kirin Hoop α+,Blight Resistance,2.0,Free Elem/Ammo Up,1.0
1340,1341,Kirin Leg Guards α+,12,legs,both,1,0,0,154,172,192,-3,-2,4,-2,2,Kirin Leg Guards α+,Kirin Silvermane,3,Kirin Azure Horn+,2.0,Kirin Thundertail+,2.0,Large Elder Dragon Gem,1.0,Kirin Leg Guards α+,Free Elem/Ammo Up,2.0,Critical Eye,2.0
1341,1342,Kirin Horn β+,12,head,both,4,1,1,154,172,192,-3,-2,4,-2,2,Kirin Horn β+,Kirin Silvermane,3,Kirin Finehide,1.0,Kirin Azure Horn+,2.0,Glavenus Mantle,1.0,Kirin Horn β+,Marathon Runner,2.0,None,None
1342,1343,Kirin Jacket β+,12,chest,both,4,2,0,154,172,192,-3,-2,4,-2,2,Kirin Jacket β+,Kirin Silvermane,3,Kirin Finehide,1.0,Kirin Thundertail+,3.0,Brachydios Pallium,1.0,Kirin Jacket β+,Critical Eye,2.0,Divine Blessing,1.0
1343,1344,Kirin Longarms β+,12,arms,both,4,2,2,154,172,192,-3,-2,4,-2,2,Kirin Longarms β+,Kirin Silvermane,3,Kirin Finehide,2.0,Kirin Thundertail+,2.0,Dragonbone Artifact,1.0,Kirin Longarms β+,Thunder Attack,3.0,None,None
1344,1345,Kirin Hoop β+,12,waist,both,4,1,1,154,172,192,-3,-2,4,-2,2,Kirin Hoop β+,Kirin Silvermane,3,Kirin Finehide,2.0,Pure Dragon Blood,1.0,Purecrystal,1.0,Kirin Hoop β+,Blight Resistance,2.0,None,None
1345,1346,Kirin Leg Guards β+,12,legs,both,4,0,0,154,172,192,-3,-2,4,-2,2,Kirin Leg Guards β+,Kirin Silvermane,3,Kirin Azure Horn+,2.0,Kirin Thundertail+,2.0,Large Elder Dragon Gem,1.0,Kirin Leg Guards β+,Free Elem/Ammo Up,2.0,None,None
1346,1347,Tentacle Cowl α+,12,head,both,1,0,0,158,176,196,-3,4,3,0,-2,Tentacle Cowl α+,Namielle Finehide,2,Namielle Hardclaw,3.0,Large Elder Dragon Bone,5.0,Uragaan Pallium,1.0,Tentacle Cowl α+,Constitution,3.0,Maximum Might,1.0
1347,1348,Tentacle Cloak α+,12,chest,both,2,2,0,158,176,196,-3,4,3,0,-2,Tentacle Cloak α+,Namielle Finehide,2,Namielle Hardclaw,2.0,Namielle Whisker,1.0,Rimed Hide,3.0,Tentacle Cloak α+,Blight Resistance,2.0,Tool Specialist,1.0
1348,1349,Tentacle Gloves α+,12,arms,both,1,0,0,158,176,196,-3,4,3,0,-2,Tentacle Gloves α+,Namielle Finehide,2,Namielle Fellwing,2.0,Namielle Whisker,1.0,Fey Wyvern Gem,1.0,Tentacle Gloves α+,Tool Specialist,2.0,Maximum Might,1.0
1349,1350,Tentacle Coil α+,12,waist,both,1,1,1,158,176,196,-3,4,3,0,-2,Tentacle Coil α+,Namielle Finehide,2,Namielle Whisker,2.0,Namielle Lash,1.0,Large Elder Dragon Gem,1.0,Tentacle Coil α+,Constitution,2.0,Stamina Surge,1.0
1350,1351,Tentacle Greaves α+,12,legs,both,2,1,0,158,176,196,-3,4,3,0,-2,Tentacle Greaves α+,Namielle Finehide,2,Namielle Fellwing,2.0,Pure Dragon Blood,3.0,Rathian Mantle,1.0,Tentacle Greaves α+,Stamina Surge,2.0,Blight Resistance,1.0
1351,1352,Tentacle Cowl β+,12,head,both,4,0,0,158,176,196,-3,4,3,0,-2,Tentacle Cowl β+,Namielle Finehide,2,Namielle Hardclaw,3.0,Large Elder Dragon Bone,5.0,Uragaan Pallium,1.0,Tentacle Cowl β+,Constitution,2.0,Maximum Might,1.0
1352,1353,Tentacle Cloak β+,12,chest,both,4,2,0,158,176,196,-3,4,3,0,-2,Tentacle Cloak β+,Namielle Finehide,2,Namielle Hardclaw,2.0,Namielle Whisker,1.0,Rimed Hide,3.0,Tentacle Cloak β+,Blight Resistance,1.0,Tool Specialist,1.0
1353,1354,Tentacle Gloves β+,12,arms,both,4,0,0,158,176,196,-3,4,3,0,-2,Tentacle Gloves β+,Namielle Finehide,2,Namielle Fellwing,2.0,Namielle Whisker,1.0,Fey Wyvern Gem,1.0,Tentacle Gloves β+,Tool Specialist,2.0,None,None
1354,1355,Tentacle Coil β+,12,waist,both,4,1,1,158,176,196,-3,4,3,0,-2,Tentacle Coil β+,Namielle Finehide,2,Namielle Whisker,2.0,Namielle Lash,1.0,Large Elder Dragon Gem,1.0,Tentacle Coil β+,Constitution,1.0,Stamina Surge,1.0
1355,1356,Tentacle Greaves β+,12,legs,both,4,2,0,158,176,196,-3,4,3,0,-2,Tentacle Greaves β+,Namielle Finehide,2,Namielle Fellwing,2.0,Pure Dragon Blood,3.0,Rathian Mantle,1.0,Tentacle Greaves β+,Stamina Surge,2.0,None,None
1356,1357,Guild Palace Helm α+,11,head,both,3,0,0,154,178,198,1,2,2,1,1,Guild Palace Helm α+,Hero King Coin,1,Tigrex Coin,2.0,Black Belt Coin,2.0,Velkhana Crownhorn,2.0,Guild Palace Helm α+,Health Boost,2.0,Offensive Guard,1.0
1357,1358,Guild Palace Mail α+,11,chest,both,1,1,0,154,178,198,1,2,2,1,1,Guild Palace Mail α+,Hero King Coin,1,Zinogre Coin,3.0,Black Belt Coin,2.0,Teostra Mane+,3.0,Guild Palace Mail α+,Agitator,2.0,Heroics,1.0
1358,1359,Guild Palace Braces α+,11,arms,both,3,0,0,154,178,198,1,2,2,1,1,Guild Palace Braces α+,Hero King Coin,1,Zinogre Coin,2.0,Black Belt Coin,2.0,Daora Hardclaw,3.0,Guild Palace Braces α+,Offensive Guard,2.0,Heroics,1.0
1359,1360,Guild Palace Coil α+,11,waist,both,1,1,0,154,178,198,1,2,2,1,1,Guild Palace Coil α+,Hero King Coin,1,Tigrex Coin,3.0,Black Belt Coin,2.0,Namielle Fellwing,3.0,Guild Palace Coil α+,Agitator,3.0,Resuscitate,1.0
1360,1361,Guild Palace Greaves α+,11,legs,both,2,0,0,154,178,198,1,2,2,1,1,Guild Palace Greaves α+,Hero King Coin,1,Tigrex Coin,3.0,Black Belt Coin,2.0,Deceased Shard,4.0,Guild Palace Greaves α+,Heroics,3.0,Health Boost,1.0
1361,1362,Guild Palace Helm β+,11,head,both,4,2,0,154,178,198,1,2,2,1,1,Guild Palace Helm β+,Hero King Coin,1,Tigrex Coin,2.0,Black Belt Coin,2.0,Velkhana Crownhorn,2.0,Guild Palace Helm β+,Health Boost,2.0,None,None
1362,1363,Guild Palace Mail β+,11,chest,both,4,2,0,154,178,198,1,2,2,1,1,Guild Palace Mail β+,Hero King Coin,1,Zinogre Coin,3.0,Black Belt Coin,2.0,Teostra Mane+,3.0,Guild Palace Mail β+,Agitator,1.0,Heroics,1.0
1363,1364,Guild Palace Braces β+,11,arms,both,4,1,0,154,178,198,1,2,2,1,1,Guild Palace Braces β+,Hero King Coin,1,Zinogre Coin,2.0,Black Belt Coin,2.0,Daora Hardclaw,3.0,Guild Palace Braces β+,Offensive Guard,2.0,None,None
1364,1365,Guild Palace Coil β+,11,waist,both,4,1,0,154,178,198,1,2,2,1,1,Guild Palace Coil β+,Hero King Coin,1,Tigrex Coin,3.0,Black Belt Coin,2.0,Namielle Fellwing,3.0,Guild Palace Coil β+,Agitator,2.0,Resuscitate,1.0
1365,1366,Guild Palace Greaves β+,11,legs,both,4,1,0,154,178,198,1,2,2,1,1,Guild Palace Greaves β+,Hero King Coin,1,Tigrex Coin,3.0,Black Belt Coin,2.0,Deceased Shard,4.0,Guild Palace Greaves β+,Heroics,2.0,Health Boost,1.0
1366,1367,Shara Ishvalda Helm α+,12,head,both,3,1,0,162,180,200,0,-2,3,-3,0,Shara Ishvalda Helm α+,Shara Ishvalda Boulderplate,4,Shara Ishvalda Tenderscale,3.0,Shara Ishvalda Tenderplate,1.0,Rathian Mantle,1.0,Shara Ishvalda Helm α+,Recovery Up,2.0,Partbreaker,1.0
1367,1368,Shara Ishvalda Mail α+,12,chest,both,3,2,0,162,180,200,0,-2,3,-3,0,Shara Ishvalda Mail α+,Shara Ishvalda Boulderplate,4,Shara Ishvalda Tenderscale,3.0,Shara Ishvalda Tenderclaw,3.0,Ebony Odogaron Mantle,1.0,Shara Ishvalda Mail α+,Coalescence,2.0,Health Boost,1.0
1368,1369,Shara Ishvalda Braces α+,12,arms,both,1,0,0,162,180,200,0,-2,3,-3,0,Shara Ishvalda Braces α+,Shara Ishvalda Boulderplate,4,Shara Ishvalda Tenderclaw,2.0,Shara Ishvalda Tenderplate,2.0,Shara Ishvalda Gem,1.0,Shara Ishvalda Braces α+,Critical Boost,2.0,Coalescence,1.0
1369,1370,Shara Ishvalda Coil α+,12,waist,both,3,2,0,162,180,200,0,-2,3,-3,0,Shara Ishvalda Coil α+,Shara Ishvalda Boulderplate,4,Shara Ishvalda Tenderscale,2.0,Shara Ishvalda Petalstone,3.0,Large Wyvern Gem,1.0,Shara Ishvalda Coil α+,Health Boost,2.0,Recovery Up,1.0
1370,1371,Shara Ishvalda Greaves α+,12,legs,both,1,1,1,162,180,200,0,-2,3,-3,0,Shara Ishvalda Greaves α+,Shara Ishvalda Boulderplate,4,Shara Ishvalda Tenderscale,2.0,Shara Ishvalda Petalstone,3.0,Fey Wyvern Gem,1.0,Shara Ishvalda Greaves α+,Partbreaker,2.0,Defense Boost,2.0
1371,1372,Shara Ishvalda Helm β+,12,head,both,4,2,0,162,180,200,0,-2,3,-3,0,Shara Ishvalda Helm β+,Shara Ishvalda Boulderplate,4,Shara Ishvalda Tenderscale,3.0,Shara Ishvalda Tenderplate,1.0,Rathian Mantle,1.0,Shara Ishvalda Helm β+,Recovery Up,2.0,None,None
1372,1373,Shara Ishvalda Mail β+,12,chest,both,4,2,0,162,180,200,0,-2,3,-3,0,Shara Ishvalda Mail β+,Shara Ishvalda Boulderplate,4,Shara Ishvalda Tenderscale,3.0,Shara Ishvalda Tenderclaw,3.0,Ebony Odogaron Mantle,1.0,Shara Ishvalda Mail β+,Coalescence,2.0,None,None
1373,1374,Shara Ishvalda Braces β+,12,arms,both,4,0,0,162,180,200,0,-2,3,-3,0,Shara Ishvalda Braces β+,Shara Ishvalda Boulderplate,4,Shara Ishvalda Tenderclaw,2.0,Shara Ishvalda Tenderplate,2.0,Shara Ishvalda Gem,1.0,Shara Ishvalda Braces β+,Critical Boost,2.0,None,None
1374,1375,Shara Ishvalda Coil β+,12,waist,both,4,3,0,162,180,200,0,-2,3,-3,0,Shara Ishvalda Coil β+,Shara Ishvalda Boulderplate,4,Shara Ishvalda Tenderscale,2.0,Shara Ishvalda Petalstone,3.0,Large Wyvern Gem,1.0,Shara Ishvalda Coil β+,Health Boost,2.0,None,None
1375,1376,Shara Ishvalda Greaves β+,12,legs,both,4,2,1,162,180,200,0,-2,3,-3,0,Shara Ishvalda Greaves β+,Shara Ishvalda Boulderplate,4,Shara Ishvalda Tenderscale,2.0,Shara Ishvalda Petalstone,3.0,Fey Wyvern Gem,1.0,Shara Ishvalda Greaves β+,Partbreaker,1.0,Defense Boost,1.0
1376,1377,Zorah Headgear α+,12,head,both,2,2,0,160,178,198,4,-3,-1,-2,-3,Zorah Headgear α+,Fierce Dragonvein Bone,2,Cracked Crystal,3.0,Weathered Cragbone,3.0,Conqueror's Seal,1.0,Zorah Headgear α+,Flinch Free,1.0,Artillery,2.0
1377,1378,Zorah Hide α+,12,chest,both,3,1,0,160,178,198,4,-3,-1,-2,-3,Zorah Hide α+,Heavy Dragonvein Bone,3,Pale Crystal,3.0,Vivid Crimsonbone,3.0,Conqueror's Seal,1.0,Zorah Hide α+,Tremor Resistance,2.0,Artillery,2.0
1378,1379,Zorah Claws α+,12,arms,both,1,1,0,160,178,198,4,-3,-1,-2,-3,Zorah Claws α+,Dragonvein Solidbone,4,Decayed Crystal,3.0,Mossy Greatbone,3.0,Conqueror's Seal,1.0,Zorah Claws α+,Flinch Free,2.0,Free Meal,1.0
1379,1380,Zorah Spine α+,12,waist,both,3,2,0,160,178,198,4,-3,-1,-2,-3,Zorah Spine α+,Fierce Dragonvein Bone,2,Large Elder Dragon Bone,2.0,Pure Dragon Blood,3.0,Conqueror's Seal,1.0,Zorah Spine α+,Tremor Resistance,1.0,Artillery,1.0
1380,1381,Zorah Spurs α+,12,legs,both,3,1,0,160,178,198,4,-3,-1,-2,-3,Zorah Spurs α+,Fierce Dragonvein Bone,2,Distorted Crystal,3.0,Malformed Frenzybone,3.0,Conqueror's Seal,1.0,Zorah Spurs α+,Earplugs,1.0,Handicraft,1.0
1381,1382,Zorah Headgear β+,12,head,both,4,2,1,160,178,198,4,-3,-1,-2,-3,Zorah Headgear β+,Fierce Dragonvein Bone,2,Cracked Crystal,3.0,Weathered Cragbone,3.0,Conqueror's Seal,1.0,Zorah Headgear β+,Flinch Free,1.0,None,None
1382,1383,Zorah Hide β+,12,chest,both,4,2,0,160,178,198,4,-3,-1,-2,-3,Zorah Hide β+,Heavy Dragonvein Bone,3,Pale Crystal,3.0,Vivid Crimsonbone,3.0,Conqueror's Seal,1.0,Zorah Hide β+,Tremor Resistance,2.0,None,None
1383,1384,Zorah Claws β+,12,arms,both,4,1,0,160,178,198,4,-3,-1,-2,-3,Zorah Claws β+,Dragonvein Solidbone,4,Decayed Crystal,3.0,Mossy Greatbone,3.0,Conqueror's Seal,1.0,Zorah Claws β+,Flinch Free,2.0,None,None
1384,1385,Zorah Spine β+,12,waist,both,4,3,0,160,178,198,4,-3,-1,-2,-3,Zorah Spine β+,Fierce Dragonvein Bone,2,Large Elder Dragon Bone,2.0,Pure Dragon Blood,3.0,Conqueror's Seal,1.0,Zorah Spine β+,Tremor Resistance,1.0,None,None
1385,1386,Zorah Spurs β+,12,legs,both,4,3,0,160,178,198,4,-3,-1,-2,-3,Zorah Spurs β+,Fierce Dragonvein Bone,2,Distorted Crystal,3.0,Malformed Frenzybone,3.0,Conqueror's Seal,1.0,Zorah Spurs β+,Earplugs,1.0,None,None
1386,1387,Garuga Helm α+,11,head,both,3,0,0,154,178,198,2,-3,2,-2,-2,Garuga Helm α+,Garuga Cortex,2,Garuga Silverpelt,2.0,Fancy Beak,1.0,Decayed Crystal,3.0,Garuga Helm α+,Critical Eye,2.0,Resentment,1.0
1387,1388,Garuga Mail α+,11,chest,both,1,0,0,154,178,198,2,-3,2,-2,-2,Garuga Mail α+,Garuga Cortex,2,Garuga Shard,2.0,Garuga Fellwing,3.0,Mossy Greatbone,3.0,Garuga Mail α+,Earplugs,2.0,Critical Eye,2.0
1388,1389,Garuga Vambraces α+,11,arms,both,1,0,0,154,178,198,2,-3,2,-2,-2,Garuga Vambraces α+,Garuga Cortex,2,Garuga Silverpelt,2.0,Garuga Auricle,2.0,Scratched Shell,3.0,Garuga Vambraces α+,Earplugs,3.0,None,None
1389,1390,Garuga Tassets α+,11,waist,both,1,1,0,154,178,198,2,-3,2,-2,-2,Garuga Tassets α+,Garuga Cortex,2,Garuga Fellwing,2.0,Garuga Lash,1.0,Bird Wyvern Gem,1.0,Garuga Tassets α+,Resentment,2.0,Poison Attack,2.0
1390,1391,Garuga Greaves α+,11,legs,both,3,3,0,154,178,198,2,-3,2,-2,-2,Garuga Greaves α+,Garuga Cortex,2,Garuga Shard,2.0,Garuga Silverpelt,3.0,Fierce Dragonvein Bone,5.0,Garuga Greaves α+,Critical Eye,2.0,Piercing Shots,1.0
1391,1392,Garuga Helm β+,11,head,both,4,2,0,154,178,198,2,-3,2,-2,-2,Garuga Helm β+,Garuga Cortex,2,Garuga Silverpelt,2.0,Fancy Beak,1.0,Decayed Crystal,3.0,Garuga Helm β+,Critical Eye,1.0,Resentment,1.0
1392,1393,Garuga Mail β+,11,chest,both,4,0,0,154,178,198,2,-3,2,-2,-2,Garuga Mail β+,Garuga Cortex,2,Garuga Shard,2.0,Garuga Fellwing,3.0,Mossy Greatbone,3.0,Garuga Mail β+,Earplugs,1.0,Critical Eye,2.0
1393,1394,Garuga Vambraces β+,11,arms,both,4,0,0,154,178,198,2,-3,2,-2,-2,Garuga Vambraces β+,Garuga Cortex,2,Garuga Silverpelt,2.0,Garuga Auricle,2.0,Scratched Shell,3.0,Garuga Vambraces β+,Earplugs,2.0,None,None
1394,1395,Garuga Tassets β+,11,waist,both,4,3,0,154,178,198,2,-3,2,-2,-2,Garuga Tassets β+,Garuga Cortex,2,Garuga Fellwing,2.0,Garuga Lash,1.0,Bird Wyvern Gem,1.0,Garuga Tassets β+,Resentment,2.0,None,None
1395,1396,Garuga Greaves β+,11,legs,both,4,2,2,154,178,198,2,-3,2,-2,-2,Garuga Greaves β+,Garuga Cortex,2,Garuga Shard,2.0,Garuga Silverpelt,3.0,Fierce Dragonvein Bone,5.0,Garuga Greaves β+,Critical Eye,2.0,None,None
1396,1397,Zinogre Helm α+,11,head,both,1,0,0,158,182,202,-1,-1,4,-4,1,Zinogre Helm α+,Zinogre Electrofur+,3,Zinogre Deathly Shocker,2.0,Zinogre Hardhorn,2.0,Zinogre Skymerald,1.0,Zinogre Helm α+,Power Prolonger,2.0,Critical Boost,1.0
1397,1398,Zinogre Mail α+,11,chest,both,3,0,0,158,182,202,-1,-1,4,-4,1,Zinogre Mail α+,Zinogre Electrofur+,3,Zinogre Cortex,2.0,Zinogre Hardclaw,2.0,Woodland Greatbone,3.0,Zinogre Mail α+,Latent Power,3.0,Normal Shots,1.0
1398,1399,Zinogre Braces α+,11,arms,both,2,1,0,158,182,202,-1,-1,4,-4,1,Zinogre Braces α+,Zinogre Electrofur+,3,Zinogre Cortex,2.0,Zinogre Lash,1.0,Fulgurbug,3.0,Zinogre Braces α+,Recovery Speed,2.0,Latent Power,2.0
1399,1400,Zinogre Coil α+,11,waist,both,2,0,0,158,182,202,-1,-1,4,-4,1,Zinogre Coil α+,Zinogre Electrofur+,3,Zinogre Cortex,2.0,Zinogre Hardhorn,1.0,Forest Crystal,3.0,Zinogre Coil α+,Power Prolonger,1.0,Thunder Attack,2.0
1400,1401,Zinogre Greaves α+,11,legs,both,1,0,0,158,182,202,-1,-1,4,-4,1,Zinogre Greaves α+,Zinogre Electrofur+,3,Zinogre Hardclaw,2.0,Zinogre Deathly Shocker,3.0,Fulgurbug,3.0,Zinogre Greaves α+,Thunder Attack,3.0,Latent Power,2.0
1401,1402,Zinogre Helm β+,11,head,both,4,0,0,158,182,202,-1,-1,4,-4,1,Zinogre Helm β+,Zinogre Electrofur+,3,Zinogre Deathly Shocker,2.0,Zinogre Hardhorn,2.0,Zinogre Skymerald,1.0,Zinogre Helm β+,Power Prolonger,1.0,Critical Boost,1.0
1402,1403,Zinogre Mail β+,11,chest,both,4,0,0,158,182,202,-1,-1,4,-4,1,Zinogre Mail β+,Zinogre Electrofur+,3,Zinogre Cortex,2.0,Zinogre Hardclaw,2.0,Woodland Greatbone,3.0,Zinogre Mail β+,Latent Power,3.0,None,None
1403,1404,Zinogre Braces β+,11,arms,both,4,2,0,158,182,202,-1,-1,4,-4,1,Zinogre Braces β+,Zinogre Electrofur+,3,Zinogre Cortex,2.0,Zinogre Lash,1.0,Fulgurbug,3.0,Zinogre Braces β+,Recovery Speed,1.0,Latent Power,2.0
1404,1405,Zinogre Coil β+,11,waist,both,4,2,0,158,182,202,-1,-1,4,-4,1,Zinogre Coil β+,Zinogre Electrofur+,3,Zinogre Cortex,2.0,Zinogre Hardhorn,1.0,Forest Crystal,3.0,Zinogre Coil β+,Power Prolonger,1.0,None,None
1405,1406,Zinogre Greaves β+,11,legs,both,4,1,0,158,182,202,-1,-1,4,-4,1,Zinogre Greaves β+,Zinogre Electrofur+,3,Zinogre Hardclaw,2.0,Zinogre Deathly Shocker,3.0,Fulgurbug,3.0,Zinogre Greaves β+,Thunder Attack,1.0,Latent Power,2.0
1406,1407,Golden Lunehelm α+,12,head,both,2,2,0,162,180,200,3,-2,-4,0,4,Golden Lunehelm α+,Gold Rathian Cortex,4,Gold Rathian Shard,2.0,Rath Gleam,1.0,Large Wyvern Gem,1.0,Golden Lunehelm α+,Health Boost,2.0,Poison Attack,2.0
1407,1408,Golden Lunemail α+,12,chest,both,3,1,0,162,180,200,3,-2,-4,0,4,Golden Lunemail α+,Gold Rathian Cortex,4,Gold Rathian Shard,2.0,Gold Rathian Surspike,1.0,Dragonvein Solidbone,8.0,Golden Lunemail α+,Divine Blessing,2.0,Resentment,1.0
1408,1409,Golden Lunebraces α+,12,arms,both,2,0,0,162,180,200,3,-2,-4,0,4,Golden Lunebraces α+,Gold Rathian Cortex,4,Gold Rathian Shard,2.0,Rath Gleam,2.0,Rathian Mantle,1.0,Golden Lunebraces α+,Resentment,2.0,Poison Attack,2.0
1409,1410,Golden Lunecoil α+,12,waist,both,2,2,0,162,180,200,3,-2,-4,0,4,Golden Lunecoil α+,Gold Rathian Cortex,4,Gold Rathian Shard,2.0,Gold Rathian Surspike,2.0,Guiding Wasteland Crystal,3.0,Golden Lunecoil α+,Divine Blessing,3.0,Health Boost,1.0
1410,1411,Golden Lunegreaves α+,12,legs,both,1,0,0,162,180,200,3,-2,-4,0,4,Golden Lunegreaves α+,Gold Rathian Cortex,4,Gold Rathian Shard,2.0,Rath Gleam,3.0,Guiding Wasteland Dragonbone,3.0,Golden Lunegreaves α+,Weakness Exploit,2.0,Spread/Power Shots,1.0
1411,1412,Golden Lunehelm β+,12,head,both,4,2,0,162,180,200,3,-2,-4,0,4,Golden Lunehelm β+,Gold Rathian Cortex,4,Gold Rathian Shard,2.0,Rath Gleam,1.0,Large Wyvern Gem,1.0,Golden Lunehelm β+,Health Boost,2.0,None,None
1412,1413,Golden Lunemail β+,12,chest,both,4,2,1,162,180,200,3,-2,-4,0,4,Golden Lunemail β+,Gold Rathian Cortex,4,Gold Rathian Shard,2.0,Gold Rathian Surspike,1.0,Dragonvein Solidbone,8.0,Golden Lunemail β+,Divine Blessing,2.0,None,None
1413,1414,Golden Lunebraces β+,12,arms,both,4,2,0,162,180,200,3,-2,-4,0,4,Golden Lunebraces β+,Gold Rathian Cortex,4,Gold Rathian Shard,2.0,Rath Gleam,2.0,Rathian Mantle,1.0,Golden Lunebraces β+,Resentment,2.0,None,None
1414,1415,Golden Lunecoil β+,12,waist,both,4,2,0,162,180,200,3,-2,-4,0,4,Golden Lunecoil β+,Gold Rathian Cortex,4,Gold Rathian Shard,2.0,Gold Rathian Surspike,2.0,Guiding Wasteland Crystal,3.0,Golden Lunecoil β+,Divine Blessing,3.0,None,None
1415,1416,Golden Lunegreaves β+,12,legs,both,4,0,0,162,180,200,3,-2,-4,0,4,Golden Lunegreaves β+,Gold Rathian Cortex,4,Gold Rathian Shard,2.0,Rath Gleam,3.0,Guiding Wasteland Dragonbone,3.0,Golden Lunegreaves β+,Weakness Exploit,2.0,None,None
1416,1417,Silver Solhelm α+,12,head,both,2,2,0,164,182,202,4,-3,-2,-2,3,Silver Solhelm α+,Silver Rathalos Cortex,4,Silver Rathalos Shard,3.0,Silver Rathalos Fellwing,2.0,Rathalos Mantle,1.0,Silver Solhelm α+,Windproof,2.0,Fire Attack,2.0
1417,1418,Silver Solmail α+,12,chest,both,1,0,0,164,182,202,4,-3,-2,-2,3,Silver Solmail α+,Silver Rathalos Cortex,4,Silver Rathalos Fellwing,4.0,Rath Gleam,3.0,Guiding Reef Dragonbone,3.0,Silver Solmail α+,Critical Boost,2.0,Fire Attack,2.0
1418,1419,Silver Solbraces α+,12,arms,both,2,2,0,164,182,202,4,-3,-2,-2,3,Silver Solbraces α+,Silver Rathalos Cortex,6,Silver Rathalos Fellwing,3.0,Silver Rathalos Lash,1.0,Dragonvein Solidbone,8.0,Silver Solbraces α+,Slinger Capacity,3.0,Windproof,1.0
1419,1420,Silver Solcoil α+,12,waist,both,1,1,0,164,182,202,4,-3,-2,-2,3,Silver Solcoil α+,Silver Rathalos Cortex,4,Silver Rathalos Shard,3.0,Rath Gleam,2.0,Guiding Reef Crystal,3.0,Silver Solcoil α+,Windproof,2.0,Critical Boost,1.0
1420,1421,Silver Solgreaves α+,12,legs,both,3,2,0,164,182,202,4,-3,-2,-2,3,Silver Solgreaves α+,Silver Rathalos Cortex,6,Silver Rathalos Shard,3.0,Silver Rathalos Lash,1.0,Large Wyvern Gem,1.0,Silver Solgreaves α+,Slinger Capacity,2.0,Fire Attack,2.0
1421,1422,Silver Solhelm β+,12,head,both,4,3,0,164,182,202,4,-3,-2,-2,3,Silver Solhelm β+,Silver Rathalos Cortex,4,Silver Rathalos Shard,3.0,Silver Rathalos Fellwing,2.0,Rathalos Mantle,1.0,Silver Solhelm β+,Windproof,2.0,None,None
1422,1423,Silver Solmail β+,12,chest,both,4,0,0,164,182,202,4,-3,-2,-2,3,Silver Solmail β+,Silver Rathalos Cortex,4,Silver Rathalos Fellwing,4.0,Rath Gleam,3.0,Guiding Reef Dragonbone,3.0,Silver Solmail β+,Critical Boost,2.0,None,None
1423,1424,Silver Solbraces β+,12,arms,both,4,2,0,164,182,202,4,-3,-2,-2,3,Silver Solbraces β+,Silver Rathalos Cortex,6,Silver Rathalos Fellwing,3.0,Silver Rathalos Lash,1.0,Dragonvein Solidbone,8.0,Silver Solbraces β+,Slinger Capacity,3.0,None,None
1424,1425,Silver Solcoil β+,12,waist,both,4,1,0,164,182,202,4,-3,-2,-2,3,Silver Solcoil β+,Silver Rathalos Cortex,4,Silver Rathalos Shard,3.0,Rath Gleam,2.0,Guiding Reef Crystal,3.0,Silver Solcoil β+,Windproof,1.0,Critical Boost,1.0
1425,1426,Silver Solgreaves β+,12,legs,both,4,2,1,164,182,202,4,-3,-2,-2,3,Silver Solgreaves β+,Silver Rathalos Cortex,6,Silver Rathalos Shard,3.0,Silver Rathalos Lash,1.0,Large Wyvern Gem,1.0,Silver Solgreaves β+,Slinger Capacity,2.0,None,None
1426,1427,Empress Crown α+,12,head,both,3,0,0,164,182,202,3,1,1,-3,-2,Empress Crown α+,Lunastra Cortex,3,Lunastra Mane+,3.0,Lunastra Hardhorn,2.0,Large Elder Dragon Gem,1.0,Empress Crown α+,Tool Specialist,2.0,Offensive Guard,2.0
1427,1428,Empress Mail α+,12,chest,both,2,0,0,164,182,202,3,1,1,-3,-2,Empress Mail α+,Lunastra Cortex,3,Lunastra Fellwing,3.0,Lunastra Mane+,2.0,Serene Crystal,3.0,Empress Mail α+,Peak Performance,2.0,Wide-Range,2.0
1428,1429,Empress Vambraces α+,12,arms,both,2,1,0,164,182,202,3,1,1,-3,-2,Empress Vambraces α+,Lunastra Cortex,3,Lunastra Shard,3.0,Lunastra Lash,1.0,Elder Dragonvein Bone,6.0,Empress Vambraces α+,Tool Specialist,2.0,Blast Attack,2.0
1429,1430,Empress Coil α+,12,waist,both,2,2,0,164,182,202,3,1,1,-3,-2,Empress Coil α+,Lunastra Cortex,3,Lunastra Shard,3.0,Lunastra Hardhorn,1.0,Teostra Powder,4.0,Empress Coil α+,Health Boost,2.0,Blast Attack,2.0
1430,1431,Empress Greaves α+,12,legs,both,3,1,0,164,182,202,3,1,1,-3,-2,Empress Greaves α+,Lunastra Cortex,3,Lunastra Shard,2.0,Lunastra Fellwing,2.0,Tempered Cragbone,3.0,Empress Greaves α+,Wide-Range,3.0,Tool Specialist,1.0
1431,1432,Empress Crown β+,12,head,both,4,2,0,164,182,202,3,1,1,-3,-2,Empress Crown β+,Lunastra Cortex,3,Lunastra Mane+,3.0,Lunastra Hardhorn,2.0,Large Elder Dragon Gem,1.0,Empress Crown β+,Tool Specialist,2.0,None,None
1432,1433,Empress Mail β+,12,chest,both,4,1,0,164,182,202,3,1,1,-3,-2,Empress Mail β+,Lunastra Cortex,3,Lunastra Fellwing,3.0,Lunastra Mane+,2.0,Serene Crystal,3.0,Empress Mail β+,Peak Performance,1.0,Wide-Range,2.0
1433,1434,Empress Vambraces β+,12,arms,both,4,1,0,164,182,202,3,1,1,-3,-2,Empress Vambraces β+,Lunastra Cortex,3,Lunastra Shard,3.0,Lunastra Lash,1.0,Elder Dragonvein Bone,6.0,Empress Vambraces β+,Tool Specialist,2.0,Blast Attack,1.0
1434,1435,Empress Coil β+,12,waist,both,4,2,0,164,182,202,3,1,1,-3,-2,Empress Coil β+,Lunastra Cortex,3,Lunastra Shard,3.0,Lunastra Hardhorn,1.0,Teostra Powder,4.0,Empress Coil β+,Health Boost,2.0,None,None
1435,1436,Empress Greaves β+,12,legs,both,4,2,0,164,182,202,3,1,1,-3,-2,Empress Greaves β+,Lunastra Cortex,3,Lunastra Shard,2.0,Lunastra Fellwing,2.0,Tempered Cragbone,3.0,Empress Greaves β+,Wide-Range,2.0,Tool Specialist,1.0
1436,1437,Ruinous Helm α+,12,head,both,3,1,0,166,184,204,1,1,-3,1,-3,Ruinous Helm α+,Nergigante Cortex,3,Annihilating Greathorn,3.0,Eternal Regrowth Plate,4.0,Glavenus Mantle,1.0,Ruinous Helm α+,Maximum Might,2.0,Stamina Surge,1.0
1437,1438,Ruinous Mail α+,12,chest,both,2,2,0,166,184,204,1,1,-3,1,-3,Ruinous Mail α+,Nergigante Cortex,3,Nergigante Hardclaw,3.0,Eternal Regrowth Plate,2.0,Nargacuga Mantle,1.0,Ruinous Mail α+,Stamina Surge,2.0,Maximum Might,1.0
1438,1439,Ruinous Vambraces α+,12,arms,both,3,0,0,166,184,204,1,1,-3,1,-3,Ruinous Vambraces α+,Nergigante Cortex,3,Immortal Shard,2.0,Nergigante Flail,1.0,Brachydios Pallium,1.0,Ruinous Vambraces α+,Agitator,2.0,Attack Boost,2.0
1439,1440,Ruinous Coil α+,12,waist,both,2,1,0,166,184,204,1,1,-3,1,-3,Ruinous Coil α+,Nergigante Cortex,3,Immortal Shard,1.0,Annihilating Greathorn,2.0,Rathalos Mantle,1.0,Ruinous Coil α+,Attack Boost,3.0,Earplugs,1.0
1440,1441,Ruinous Greaves α+,12,legs,both,2,0,0,166,184,204,1,1,-3,1,-3,Ruinous Greaves α+,Nergigante Cortex,3,Immortal Shard,2.0,Eternal Regrowth Plate,2.0,Bazelgeuse Mantle,1.0,Ruinous Greaves α+,Earplugs,2.0,Agitator,1.0
1441,1442,Ruinous Helm β+,12,head,both,4,2,0,166,184,204,1,1,-3,1,-3,Ruinous Helm β+,Nergigante Cortex,3,Annihilating Greathorn,3.0,Eternal Regrowth Plate,4.0,Glavenus Mantle,1.0,Ruinous Helm β+,Maximum Might,2.0,None,None
1442,1443,Ruinous Mail β+,12,chest,both,4,2,0,166,184,204,1,1,-3,1,-3,Ruinous Mail β+,Nergigante Cortex,3,Nergigante Hardclaw,3.0,Eternal Regrowth Plate,2.0,Nargacuga Mantle,1.0,Ruinous Mail β+,Stamina Surge,2.0,None,None
1443,1444,Ruinous Vambraces β+,12,arms,both,4,1,0,166,184,204,1,1,-3,1,-3,Ruinous Vambraces β+,Nergigante Cortex,3,Immortal Shard,2.0,Nergigante Flail,1.0,Brachydios Pallium,1.0,Ruinous Vambraces β+,Agitator,2.0,Attack Boost,1.0
1444,1445,Ruinous Coil β+,12,waist,both,4,1,0,166,184,204,1,1,-3,1,-3,Ruinous Coil β+,Nergigante Cortex,3,Immortal Shard,1.0,Annihilating Greathorn,2.0,Rathalos Mantle,1.0,Ruinous Coil β+,Attack Boost,2.0,Earplugs,1.0
1445,1446,Ruinous Greaves β+,12,legs,both,4,1,0,166,184,204,1,1,-3,1,-3,Ruinous Greaves β+,Nergigante Cortex,3,Immortal Shard,2.0,Eternal Regrowth Plate,2.0,Bazelgeuse Mantle,1.0,Ruinous Greaves β+,Earplugs,2.0,None,None
1446,1447,Guildwork Head α+,12,head,both,3,2,0,162,180,200,2,1,1,2,2,Guildwork Head α+,Research Commission Ticket+,1,Forest Crystal,2.0,Woodland Greatbone,2.0,Steam Ticket,1.0,Guildwork Head α+,Botanist,3.0,Honey Hunter,1.0
1447,1448,Guildwork Body α+,12,chest,both,3,1,1,162,180,200,2,1,1,2,2,Guildwork Body α+,Research Commission Ticket+,1,Wasteland Crystal,2.0,Wasteland Cragbone,2.0,Boaboa Ticket,1.0,Guildwork Body α+,Cliffhanger,1.0,Flinch Free,1.0
1448,1449,Guildwork Braces α+,12,arms,both,3,2,0,162,180,200,2,1,1,2,2,Guildwork Braces α+,Research Commission Ticket+,1,Reef Crystal,2.0,Coral Crimsonbone,2.0,Ancient Fragment,1.0,Guildwork Braces α+,Geologist,2.0,Botanist,1.0
1449,1450,Guildwork Waist α+,12,waist,both,3,2,0,162,180,200,2,1,1,2,2,Guildwork Waist α+,Research Commission Ticket+,1,Effluvial Crystal,2.0,Effluvial Frenzybone,2.0,Thermae Ticket,1.0,Guildwork Waist α+,Forager's Luck,1.0,Detector,1.0
1450,1451,Guildwork Feet α+,12,legs,both,2,1,0,162,180,200,2,1,1,2,2,Guildwork Feet α+,Research Commission Ticket+,1,Frozen Bone,3.0,Fierce Dragonvein Bone,5.0,Conqueror's Seal,1.0,Guildwork Feet α+,Flinch Free,2.0,Geologist,1.0
1451,1452,Guildwork Head β+,12,head,both,4,3,0,162,180,200,2,1,1,2,2,Guildwork Head β+,Research Commission Ticket+,1,Forest Crystal,2.0,Woodland Greatbone,2.0,Steam Ticket,1.0,Guildwork Head β+,Botanist,2.0,Honey Hunter,1.0
1452,1453,Guildwork Body β+,12,chest,both,4,2,2,162,180,200,2,1,1,2,2,Guildwork Body β+,Research Commission Ticket+,1,Wasteland Crystal,2.0,Wasteland Cragbone,2.0,Boaboa Ticket,1.0,Guildwork Body β+,Cliffhanger,1.0,None,None
1453,1454,Guildwork Braces β+,12,arms,both,4,3,0,162,180,200,2,1,1,2,2,Guildwork Braces β+,Research Commission Ticket+,1,Reef Crystal,2.0,Coral Crimsonbone,2.0,Ancient Fragment,1.0,Guildwork Braces β+,Geologist,1.0,Botanist,1.0
1454,1455,Guildwork Waist β+,12,waist,both,4,3,0,162,180,200,2,1,1,2,2,Guildwork Waist β+,Research Commission Ticket+,1,Effluvial Crystal,2.0,Effluvial Frenzybone,2.0,Thermae Ticket,1.0,Guildwork Waist β+,Forager's Luck,1.0,None,None
1455,1456,Guildwork Feet β+,12,legs,both,4,1,0,162,180,200,2,1,1,2,2,Guildwork Feet β+,Research Commission Ticket+,1,Frozen Bone,3.0,Fierce Dragonvein Bone,5.0,Conqueror's Seal,1.0,Guildwork Feet β+,Flinch Free,2.0,None,None
1456,1471,Golden Headdress α+,11,head,both,0,0,0,158,182,202,2,0,3,-5,2,Golden Headdress α+,Rajang Wildpelt,4,Rajang Hardhorn,2.0,Rajang Tail,1.0,Gold Rajang Pelt+,2.0,Golden Headdress α+,Weakness Exploit,2.0,Handicraft,2.0
1457,1472,Golden Haori α+,11,chest,both,3,1,0,158,182,202,2,0,3,-5,2,Golden Haori α+,Rajang Wildpelt,4,Rajang Hardclaw,2.0,Rajang Hardfang,3.0,Purecrystal,1.0,Golden Haori α+,Resentment,2.0,Speed Sharpening,2.0
1458,1473,Golden Kote α+,11,arms,both,2,0,0,158,182,202,2,0,3,-5,2,Golden Kote α+,Rajang Wildpelt,4,Rajang Hardhorn,1.0,Rajang Hardclaw,2.0,Rajang Tail,1.0,Golden Kote α+,Resentment,1.0,Handicraft,2.0
1459,1474,Golden Obi α+,11,waist,both,3,1,0,158,182,202,2,0,3,-5,2,Golden Obi α+,Rajang Wildpelt,4,Rajang Hardhorn,1.0,Rajang Hardfang,4.0,Gold Rajang Pelt+,1.0,Golden Obi α+,Weakness Exploit,1.0,Handicraft,1.0
1460,1475,Golden Hakama α+,11,legs,both,2,2,0,158,182,202,2,0,3,-5,2,Golden Hakama α+,Rajang Wildpelt,4,Rajang Hardclaw,2.0,Rajang Tail,1.0,Monster Toughbone,6.0,Golden Hakama α+,Resentment,2.0,Attack Boost,2.0
1461,1476,Golden Headdress β+,11,head,both,4,1,0,158,182,202,2,0,3,-5,2,Golden Headdress β+,Rajang Wildpelt,4,Rajang Hardhorn,2.0,Rajang Tail,1.0,Gold Rajang Pelt+,2.0,Golden Headdress β+,Weakness Exploit,2.0,None,None
1462,1477,Golden Haori β+,11,chest,both,4,1,1,158,182,202,2,0,3,-5,2,Golden Haori β+,Rajang Wildpelt,4,Rajang Hardclaw,2.0,Rajang Hardfang,3.0,Purecrystal,1.0,Golden Haori β+,Resentment,2.0,None,None
1463,1478,Golden Kote β+,11,arms,both,4,3,0,158,182,202,2,0,3,-5,2,Golden Kote β+,Rajang Wildpelt,4,Rajang Hardhorn,1.0,Rajang Hardclaw,2.0,Rajang Tail,1.0,Golden Kote β+,Resentment,1.0,None,None
1464,1479,Golden Obi β+,11,waist,both,4,3,0,158,182,202,2,0,3,-5,2,Golden Obi β+,Rajang Wildpelt,4,Rajang Hardhorn,1.0,Rajang Hardfang,4.0,Gold Rajang Pelt+,1.0,Golden Obi β+,Weakness Exploit,1.0,None,None
1465,1480,Golden Hakama β+,11,legs,both,4,2,0,158,182,202,2,0,3,-5,2,Golden Hakama β+,Rajang Wildpelt,4,Rajang Hardclaw,2.0,Rajang Tail,1.0,Monster Toughbone,6.0,Golden Hakama β+,Resentment,2.0,Attack Boost,1.0
1466,1481,Grand God's Peer Mask α+,12,head,both,0,0,0,170,188,208,2,0,3,-5,2,Grand God's Peer Mask α+,Rajang Apoplexy,2,Ghoulish Gold Gorer,1.0,Gold Rajang Pelt+,1.0,Rajang Heart,1.0,Grand God's Peer Mask α+,Earplugs,3.0,Heroics,3.0
1467,1482,Grand God's Peer Garb α+,12,chest,both,1,0,0,170,188,208,2,0,3,-5,2,Grand God's Peer Garb α+,Rajang Apoplexy,2,Ghoulish Gold Gorer,1.0,Rajang Hardhorn,2.0,Large Elder Dragon Gem,1.0,Grand God's Peer Garb α+,Maximum Might,3.0,Earplugs,2.0
1468,1483,Grand God's Peer Arms α+,12,arms,both,2,2,0,170,188,208,2,0,3,-5,2,Grand God's Peer Arms α+,Rajang Apoplexy,2,Rajang Hardclaw,3.0,Gold Rajang Pelt+,2.0,Fulgur Anjanath Mantle,1.0,Grand God's Peer Arms α+,Stamina Surge,2.0,Defense Boost,3.0
1469,1484,Grand God's Peer Belt α+,12,waist,both,1,1,1,170,188,208,2,0,3,-5,2,Grand God's Peer Belt α+,Rajang Apoplexy,2,Ghoulish Gold Gorer,1.0,Rajang Hardclaw,5.0,Velkhana Crystal,1.0,Grand God's Peer Belt α+,Maximum Might,2.0,Heroics,2.0
1470,1485,Grand God's Peer Feet α+,12,legs,both,2,2,0,170,188,208,2,0,3,-5,2,Grand God's Peer Feet α+,Rajang Apoplexy,2,Rajang Hardhorn,2.0,Gold Rajang Pelt+,3.0,Large Wyvern Gem,1.0,Grand God's Peer Feet α+,Health Boost,3.0,Heroics,2.0
1471,1486,Grand God's Peer Mask β+,12,head,both,4,0,0,170,188,208,2,0,3,-5,2,Grand God's Peer Mask β+,Rajang Apoplexy,2,Ghoulish Gold Gorer,1.0,Gold Rajang Pelt+,1.0,Rajang Heart,1.0,Grand God's Peer Mask β+,Earplugs,3.0,Heroics,1.0
1472,1487,Grand God's Peer Garb β+,12,chest,both,4,2,0,170,188,208,2,0,3,-5,2,Grand God's Peer Garb β+,Rajang Apoplexy,2,Ghoulish Gold Gorer,1.0,Rajang Hardhorn,2.0,Large Elder Dragon Gem,1.0,Grand God's Peer Garb β+,Maximum Might,3.0,None,None
1473,1488,Grand God's Peer Arms β+,12,arms,both,4,2,1,170,188,208,2,0,3,-5,2,Grand God's Peer Arms β+,Rajang Apoplexy,2,Rajang Hardclaw,3.0,Gold Rajang Pelt+,2.0,Fulgur Anjanath Mantle,1.0,Grand God's Peer Arms β+,Stamina Surge,2.0,None,None
1474,1489,Grand God's Peer Belt β+,12,waist,both,4,2,1,170,188,208,2,0,3,-5,2,Grand God's Peer Belt β+,Rajang Apoplexy,2,Ghoulish Gold Gorer,1.0,Rajang Hardclaw,5.0,Velkhana Crystal,1.0,Grand God's Peer Belt β+,Maximum Might,2.0,None,None
1475,1490,Grand God's Peer Feet β+,12,legs,both,4,4,0,170,188,208,2,0,3,-5,2,Grand God's Peer Feet β+,Rajang Apoplexy,2,Rajang Hardhorn,2.0,Gold Rajang Pelt+,3.0,Large Wyvern Gem,1.0,Grand God's Peer Feet β+,Health Boost,3.0,None,None
1476,1491,Stygian Helm α+,11,head,both,2,1,0,160,184,204,2,-4,-5,0,4,Stygian Helm α+,Stygian Zinogre Dragonlocks,3,Stygian Zinogre Cortex,2.0,Stygian Zinogre Hardhorn,1.0,Dracophage Bug,5.0,Stygian Helm α+,Latent Power,3.0,Tremor Resistance,2.0
1477,1492,Stygian Mail α+,11,chest,both,2,0,0,160,184,204,2,-4,-5,0,4,Stygian Mail α+,Stygian Zinogre Dragonlocks,3,Stygian Zinogre Cortex,2.0,Stygian Zinogre Lash,1.0,Tundra Icebone,3.0,Stygian Mail α+,Windproof,3.0,Flinch Free,2.0
1478,1493,Stygian Vambraces α+,11,arms,both,2,0,0,160,184,204,2,-4,-5,0,4,Stygian Vambraces α+,Stygian Zinogre Dragonlocks,3,Stygian Zinogre Hardclaw,2.0,Stygian Zinogre Dragonhold,3.0,Large Wyvern Gem,1.0,Stygian Vambraces α+,Partbreaker,2.0,Dragon Attack,3.0
1479,1494,Stygian Coil α+,11,waist,both,1,1,1,160,184,204,2,-4,-5,0,4,Stygian Coil α+,Stygian Zinogre Dragonlocks,3,Stygian Zinogre Dragonhold,2.0,Stygian Zinogre Hardhorn,2.0,Stygian Zinogre Skymerald,1.0,Stygian Coil α+,Latent Power,3.0,Earplugs,2.0
1480,1495,Stygian Greaves α+,11,legs,both,1,1,0,160,184,204,2,-4,-5,0,4,Stygian Greaves α+,Stygian Zinogre Dragonlocks,3,Stygian Zinogre Cortex,2.0,Stygian Zinogre Hardclaw,2.0,Rime Crystal,3.0,Stygian Greaves α+,Focus,2.0,Elderseal Boost,1.0
1481,1496,Stygian Helm β+,11,head,both,4,1,0,160,184,204,2,-4,-5,0,4,Stygian Helm β+,Stygian Zinogre Dragonlocks,3,Stygian Zinogre Cortex,2.0,Stygian Zinogre Hardhorn,1.0,Dracophage Bug,5.0,Stygian Helm β+,Latent Power,3.0,Tremor Resistance,1.0
1482,1497,Stygian Mail β+,11,chest,both,4,0,0,160,184,204,2,-4,-5,0,4,Stygian Mail β+,Stygian Zinogre Dragonlocks,3,Stygian Zinogre Cortex,2.0,Stygian Zinogre Lash,1.0,Tundra Icebone,3.0,Stygian Mail β+,Windproof,3.0,Flinch Free,1.0
1483,1498,Stygian Vambraces β+,11,arms,both,4,3,0,160,184,204,2,-4,-5,0,4,Stygian Vambraces β+,Stygian Zinogre Dragonlocks,3,Stygian Zinogre Hardclaw,2.0,Stygian Zinogre Dragonhold,3.0,Large Wyvern Gem,1.0,Stygian Vambraces β+,Partbreaker,2.0,None,None
1484,1499,Stygian Coil β+,11,waist,both,4,1,1,160,184,204,2,-4,-5,0,4,Stygian Coil β+,Stygian Zinogre Dragonlocks,3,Stygian Zinogre Dragonhold,2.0,Stygian Zinogre Hardhorn,2.0,Stygian Zinogre Skymerald,1.0,Stygian Coil β+,Latent Power,3.0,Earplugs,1.0
1485,1500,Stygian Greaves β+,11,legs,both,4,1,0,160,184,204,2,-4,-5,0,4,Stygian Greaves β+,Stygian Zinogre Dragonlocks,3,Stygian Zinogre Cortex,2.0,Stygian Zinogre Hardclaw,2.0,Rime Crystal,3.0,Stygian Greaves β+,Focus,2.0,None,None
1486,1501,Safi Crested Crown α+,12,head,both,2,1,1,168,186,206,2,1,1,1,-1,Safi Crested Crown α+,Safi'jiiva Hardhorn,3,Safi'jiiva Shard,4.0,Safi'jiiva Fellwing,6.0,Zionium Crystal,1.0,Safi Crested Crown α+,Evade Window,2.0,Critical Boost,1.0
1487,1502,Safi Crested Chest α+,12,chest,both,3,2,0,168,186,206,2,1,1,1,-1,Safi Crested Chest α+,Safi'jiiva Cortex,6,Safi'jiiva Hardclaw,4.0,Pulsing Dragonshell,5.0,Deviljho Crook,1.0,Safi Crested Chest α+,Blight Resistance,2.0,Critical Boost,1.0
1488,1503,Safi Crested Vambraces α+,12,arms,both,2,2,2,168,186,206,2,1,1,1,-1,Safi Crested Vambraces α+,Safi'jiiva Shard,7,Safi'jiiva Cortex,6.0,Pulsing Dragonshell,5.0,Zinogre Skymerald,1.0,Safi Crested Vambraces α+,Blight Resistance,1.0,Maximum Might,1.0
1489,1504,Safi Crested Belt α+,12,waist,both,3,0,0,168,186,206,2,1,1,1,-1,Safi Crested Belt α+,Safi'jiiva Shard,7,Safi'jiiva Cortex,6.0,Safi'jiiva Hardhorn,5.0,Velkhana Crystal,1.0,Safi Crested Belt α+,Evade Window,2.0,Maximum Might,1.0
1490,1505,Safi Crested Boots α+,12,legs,both,3,2,1,168,186,206,2,1,1,1,-1,Safi Crested Boots α+,Safi'jiiva Cortex,6,Safi'jiiva Fellwing,4.0,Safi'jiiva Lash,3.0,Large Elder Dragon Gem,1.0,Safi Crested Boots α+,Critical Boost,1.0,Maximum Might,1.0
1491,1506,Safi Crested Crown β+,12,head,both,4,1,1,168,186,206,2,1,1,1,-1,Safi Crested Crown β+,Safi'jiiva Hardhorn,3,Safi'jiiva Shard,4.0,Safi'jiiva Fellwing,6.0,Zionium Crystal,1.0,Safi Crested Crown β+,Evade Window,1.0,Critical Boost,1.0
1492,1507,Safi Crested Chest β+,12,chest,both,4,2,0,168,186,206,2,1,1,1,-1,Safi Crested Chest β+,Safi'jiiva Cortex,6,Safi'jiiva Hardclaw,4.0,Pulsing Dragonshell,5.0,Deviljho Crook,1.0,Safi Crested Chest β+,Blight Resistance,1.0,Critical Boost,1.0
1493,1508,Safi Crested Vambraces β+,12,arms,both,4,2,2,168,186,206,2,1,1,1,-1,Safi Crested Vambraces β+,Safi'jiiva Shard,7,Safi'jiiva Cortex,6.0,Pulsing Dragonshell,5.0,Zinogre Skymerald,1.0,Safi Crested Vambraces β+,Blight Resistance,1.0,None,None
1494,1509,Safi Crested Belt β+,12,waist,both,4,1,0,168,186,206,2,1,1,1,-1,Safi Crested Belt β+,Safi'jiiva Shard,7,Safi'jiiva Cortex,6.0,Safi'jiiva Hardhorn,5.0,Velkhana Crystal,1.0,Safi Crested Belt β+,Evade Window,2.0,None,None
1495,1510,Safi Crested Boots β+,12,legs,both,4,2,1,168,186,206,2,1,1,1,-1,Safi Crested Boots β+,Safi'jiiva Cortex,6,Safi'jiiva Fellwing,4.0,Safi'jiiva Lash,3.0,Large Elder Dragon Gem,1.0,Safi Crested Boots β+,Critical Boost,1.0,None,None
1496,1511,Brachydium Helm α+,12,head,both,2,2,1,170,188,208,3,-2,1,-3,1,Brachydium Helm α+,Indestructible Ebonshell,2,Brach Warhead,1.0,Brach Obliterator,2.0,Large Elder Dragon Gem,1.0,Brachydium Helm α+,Weakness Exploit,1.0,Guard,2.0
1497,1512,Brachydium Mail α+,12,chest,both,2,1,1,170,188,208,3,-2,1,-3,1,Brachydium Mail α+,Indestructible Ebonshell,2,Brach Warhead,1.0,Flashpoint Slime,3.0,Brachydios Pallium,1.0,Brachydium Mail α+,Agitator,2.0,Blast Attack,3.0
1498,1513,Brachydium Braces α+,12,arms,both,2,2,0,170,188,208,3,-2,1,-3,1,Brachydium Braces α+,Indestructible Ebonshell,2,Brach Obliterator,2.0,Flashpoint Slime,3.0,Shara Ishvalda Gem,1.0,Brachydium Braces α+,Agitator,2.0,Artillery,3.0
1499,1514,Brachydium Faulds α+,12,waist,both,3,0,0,170,188,208,3,-2,1,-3,1,Brachydium Faulds α+,Indestructible Ebonshell,2,Brach Obliterator,1.0,Brachydios Lash,1.0,Bazelgeuse Mantle,1.0,Brachydium Faulds α+,Agitator,3.0,Artillery,2.0
1500,1515,Brachydium Greaves α+,12,legs,both,3,1,0,170,188,208,3,-2,1,-3,1,Brachydium Greaves α+,Indestructible Ebonshell,2,Brach Warhead,2.0,Flashpoint Slime,3.0,Immortal Reactor,1.0,Brachydium Greaves α+,Weakness Exploit,2.0,Speed Sharpening,3.0
1501,1516,Brachydium Helm β+,12,head,both,4,4,1,170,188,208,3,-2,1,-3,1,Brachydium Helm β+,Indestructible Ebonshell,2,Brach Warhead,1.0,Brach Obliterator,2.0,Large Elder Dragon Gem,1.0,Brachydium Helm β+,Weakness Exploit,1.0,None,None
1502,1517,Brachydium Mail β+,12,chest,both,4,2,1,170,188,208,3,-2,1,-3,1,Brachydium Mail β+,Indestructible Ebonshell,2,Brach Warhead,1.0,Flashpoint Slime,3.0,Brachydios Pallium,1.0,Brachydium Mail β+,Agitator,2.0,None,None
1503,1518,Brachydium Braces β+,12,arms,both,4,4,0,170,188,208,3,-2,1,-3,1,Brachydium Braces β+,Indestructible Ebonshell,2,Brach Obliterator,2.0,Flashpoint Slime,3.0,Shara Ishvalda Gem,1.0,Brachydium Braces β+,Agitator,2.0,None,None
1504,1519,Brachydium Faulds β+,12,waist,both,4,1,0,170,188,208,3,-2,1,-3,1,Brachydium Faulds β+,Indestructible Ebonshell,2,Brach Obliterator,1.0,Brachydios Lash,1.0,Bazelgeuse Mantle,1.0,Brachydium Faulds β+,Agitator,3.0,None,None
1505,1520,Brachydium Greaves β+,12,legs,both,4,1,1,170,188,208,3,-2,1,-3,1,Brachydium Greaves β+,Indestructible Ebonshell,2,Brach Warhead,2.0,Flashpoint Slime,3.0,Immortal Reactor,1.0,Brachydium Greaves β+,Weakness Exploit,2.0,None,None
1506,1546,Frostfang Helm α+,11,head,both,3,2,1,162,186,206,-3,2,-2,3,0,Frostfang Helm α+,Frostfang Ticket,1,Silversnow Pelt,2.0,Bergcrusher Claw,1.0,Cryo Sac,3.0,Frostfang Helm α+,Critical Eye,2.0,Quick Sheath,1.0
1507,1547,Frostfang Mail α+,11,chest,both,3,2,0,162,186,206,-3,2,-2,3,0,Frostfang Mail α+,Frostfang Ticket,1,Silversnow Pelt,4.0,Silverwhite Frostfang,2.0,Purecrystal,1.0,Frostfang Mail α+,Attack Boost,3.0,Critical Draw,1.0
1508,1548,Frostfang Vambraces α+,11,arms,both,2,2,0,162,186,206,-3,2,-2,3,0,Frostfang Vambraces α+,Frostfang Ticket,1,Silversnow Pelt,2.0,Silverwhite Frostfang,1.0,Bergcrusher Claw,1.0,Frostfang Vambraces α+,Critical Eye,2.0,Slugger,2.0
1509,1549,Frostfang Coil α+,11,waist,both,3,3,1,162,186,206,-3,2,-2,3,0,Frostfang Coil α+,Frostfang Ticket,1,Silversnow Pelt,3.0,Bergcrusher Claw,1.0,Gracium,4.0,Frostfang Coil α+,Quick Sheath,1.0,Critical Draw,1.0
1510,1550,Frostfang Greaves α+,11,legs,both,1,1,0,162,186,206,-3,2,-2,3,0,Frostfang Greaves α+,Frostfang Ticket,1,Silversnow Pelt,2.0,Silverwhite Frostfang,2.0,Large Wyvern Gem,1.0,Frostfang Greaves α+,Attack Boost,1.0,Slugger,3.0
1511,1551,Frostfang Helm β+,11,head,both,4,2,1,162,186,206,-3,2,-2,3,0,Frostfang Helm β+,Frostfang Ticket,1,Silversnow Pelt,2.0,Bergcrusher Claw,1.0,Cryo Sac,3.0,Frostfang Helm β+,Critical Eye,2.0,None,None
1512,1552,Frostfang Mail β+,11,chest,both,4,2,0,162,186,206,-3,2,-2,3,0,Frostfang Mail β+,Frostfang Ticket,1,Silversnow Pelt,4.0,Silverwhite Frostfang,2.0,Purecrystal,1.0,Frostfang Mail β+,Attack Boost,3.0,None,None
1513,1553,Frostfang Vambraces β+,11,arms,both,4,4,0,162,186,206,-3,2,-2,3,0,Frostfang Vambraces β+,Frostfang Ticket,1,Silversnow Pelt,2.0,Silverwhite Frostfang,1.0,Bergcrusher Claw,1.0,Frostfang Vambraces β+,Critical Eye,2.0,None,None
1514,1554,Frostfang Coil β+,11,waist,both,4,3,1,162,186,206,-3,2,-2,3,0,Frostfang Coil β+,Frostfang Ticket,1,Silversnow Pelt,3.0,Bergcrusher Claw,1.0,Gracium,4.0,Frostfang Coil β+,Quick Sheath,1.0,None,None
1515,1555,Frostfang Greaves β+,11,legs,both,4,4,0,162,186,206,-3,2,-2,3,0,Frostfang Greaves β+,Frostfang Ticket,1,Silversnow Pelt,2.0,Silverwhite Frostfang,2.0,Large Wyvern Gem,1.0,Frostfang Greaves β+,Attack Boost,1.0,None,None
1516,1536,Escadora Wisdom α+,12,head,both,3,1,0,160,178,198,3,0,0,3,2,Escadora Wisdom α+,Alatreon Pallium,2,Alatreon Mantle,2.0,Skyswayer,2.0,Alatreon Riptalon,2.0,Escadora Wisdom α+,Resentment,3.0,Critical Eye,2.0
1517,1537,Escadora Soul α+,12,chest,both,2,1,1,160,178,198,3,0,0,3,2,Escadora Soul α+,Alatreon Pallium,3,Alatreon Mantle,3.0,Alatreon Direwing,1.0,Alatreon Riptalon,2.0,Escadora Soul α+,Health Boost,3.0,Resentment,2.0
1518,1538,Escadora Armguards α+,12,arms,both,3,1,0,160,178,198,3,0,0,3,2,Escadora Armguards α+,Alatreon Pallium,2,Alatreon Mantle,3.0,Alatreon Direwing,1.0,Alatreon Diretail,2.0,Escadora Armguards α+,Attack Boost,3.0,Power Prolonger,3.0
1519,1539,Escadora Might α+,12,waist,both,3,1,0,160,178,198,3,0,0,3,2,Escadora Might α+,Alatreon Pallium,3,Alatreon Direwing,2.0,Skyswayer,1.0,Azure Dragonsphire,1.0,Escadora Might α+,Attack Boost,4.0,Dragon Resistance,3.0
1520,1540,Escadora Sheath α+,12,legs,both,2,2,2,160,178,198,3,0,0,3,2,Escadora Sheath α+,Alatreon Pallium,3,Alatreon Mantle,2.0,Alatreon Diretail,1.0,Large Elder Dragon Gem,1.0,Escadora Sheath α+,Defense Boost,3.0,Dragon Attack,4.0
1521,1541,Escadora Wisdom β+,12,head,both,4,1,0,160,178,198,3,0,0,3,2,Escadora Wisdom β+,Alatreon Pallium,2,Alatreon Mantle,2.0,Skyswayer,2.0,Alatreon Riptalon,2.0,Escadora Wisdom β+,Resentment,3.0,Critical Eye,1.0
1522,1542,Escadora Soul β+,12,chest,both,4,1,1,160,178,198,3,0,0,3,2,Escadora Soul β+,Alatreon Pallium,3,Alatreon Mantle,3.0,Alatreon Direwing,1.0,Alatreon Riptalon,2.0,Escadora Soul β+,Health Boost,3.0,Resentment,1.0
1523,1543,Escadora Armguards β+,12,arms,both,4,3,0,160,178,198,3,0,0,3,2,Escadora Armguards β+,Alatreon Pallium,2,Alatreon Mantle,3.0,Alatreon Direwing,1.0,Alatreon Diretail,2.0,Escadora Armguards β+,Attack Boost,3.0,None,None
1524,1544,Escadora Might β+,12,waist,both,4,1,0,160,178,198,3,0,0,3,2,Escadora Might β+,Alatreon Pallium,3,Alatreon Direwing,2.0,Skyswayer,1.0,Azure Dragonsphire,1.0,Escadora Might β+,Attack Boost,3.0,Dragon Resistance,3.0
1525,1545,Escadora Sheath β+,12,legs,both,4,4,2,160,178,198,3,0,0,3,2,Escadora Sheath β+,Alatreon Pallium,3,Alatreon Mantle,2.0,Alatreon Diretail,1.0,Large Elder Dragon Gem,1.0,Escadora Sheath β+,Defense Boost,3.0,None,None
1526,1526,Kulve Taroth's Fury α+,12,head,both,0,0,0,176,194,214,4,-2,3,-2,-4,Kulve Taroth's Fury α+,Kulve Taroth Golden Scale+,4,Kulve Taroth Golden Shell+,2.0,Kulve Taroth Golden Spiralhorn+,6.0,Golden Dragonsphire,1.0,Kulve Taroth's Fury α+,Free Meal,1.0,Free Elem/Ammo Up,3.0
1527,1527,Kulve Taroth's Ire α+,12,chest,both,3,3,0,176,194,214,4,-2,3,-2,-4,Kulve Taroth's Ire α+,Kulve Taroth Golden Scale+,4,Kulve Taroth Golden Shell+,2.0,Kulve Taroth Golden Nugget+,5.0,Kulve Taroth Golden Spiralhorn+,3.0,Kulve Taroth's Ire α+,Speed Eating,3.0,Free Meal,1.0
1528,1528,Kulve Taroth's Rage α+,12,arms,both,3,2,0,176,194,214,4,-2,3,-2,-4,Kulve Taroth's Rage α+,Kulve Taroth Golden Scale+,4,Kulve Taroth Golden Shell+,2.0,Kulve Taroth Golden Tailshell+,2.0,Large Elder Dragon Gem,1.0,Kulve Taroth's Rage α+,Critical Boost,1.0,Wide-Range,3.0
1529,1529,Kulve Taroth's Malice α+,12,waist,both,2,1,1,176,194,214,4,-2,3,-2,-4,Kulve Taroth's Malice α+,Kulve Taroth Golden Scale+,4,Kulve Taroth Golden Tailshell+,2.0,Kulve Taroth Golden Nugget+,5.0,Kulve Taroth Golden Spiralhorn+,2.0,Kulve Taroth's Malice α+,Peak Performance,2.0,Free Meal,1.0
1530,1530,Kulve Taroth's Wrath α+,12,legs,both,2,1,1,176,194,214,4,-2,3,-2,-4,Kulve Taroth's Wrath α+,Kulve Taroth Golden Shell+,3,Kulve Taroth Golden Tailshell+,3.0,Kulve Taroth Golden Spiralhorn+,4.0,Golden Dragonsphire,1.0,Kulve Taroth's Wrath α+,Critical Boost,2.0,Peak Performance,1.0
1531,1531,Kulve Taroth's Fury β+,12,head,both,4,4,1,176,194,214,4,-2,3,-2,-4,Kulve Taroth's Fury β+,Kulve Taroth Golden Scale+,4,Kulve Taroth Golden Shell+,2.0,Kulve Taroth Golden Spiralhorn+,6.0,Golden Dragonsphire,1.0,Kulve Taroth's Fury β+,Free Meal,1.0,None,None
1532,1532,Kulve Taroth's Ire β+,12,chest,both,4,3,0,176,194,214,4,-2,3,-2,-4,Kulve Taroth's Ire β+,Kulve Taroth Golden Scale+,4,Kulve Taroth Golden Shell+,2.0,Kulve Taroth Golden Nugget+,5.0,Kulve Taroth Golden Spiralhorn+,3.0,Kulve Taroth's Ire β+,Speed Eating,3.0,None,None
1533,1533,Kulve Taroth's Rage β+,12,arms,both,4,4,0,176,194,214,4,-2,3,-2,-4,Kulve Taroth's Rage β+,Kulve Taroth Golden Scale+,4,Kulve Taroth Golden Shell+,2.0,Kulve Taroth Golden Tailshell+,2.0,Large Elder Dragon Gem,1.0,Kulve Taroth's Rage β+,Critical Boost,1.0,None,None
1534,1534,Kulve Taroth's Malice β+,12,waist,both,4,2,0,176,194,214,4,-2,3,-2,-4,Kulve Taroth's Malice β+,Kulve Taroth Golden Scale+,4,Kulve Taroth Golden Tailshell+,2.0,Kulve Taroth Golden Nugget+,5.0,Kulve Taroth Golden Spiralhorn+,2.0,Kulve Taroth's Malice β+,Peak Performance,2.0,None,None
1535,1535,Kulve Taroth's Wrath β+,12,legs,both,4,1,1,176,194,214,4,-2,3,-2,-4,Kulve Taroth's Wrath β+,Kulve Taroth Golden Shell+,3,Kulve Taroth Golden Tailshell+,3.0,Kulve Taroth Golden Spiralhorn+,4.0,Golden Dragonsphire,1.0,Kulve Taroth's Wrath β+,Critical Boost,2.0,None,None
1536,1581,Tentacle Cowl  γ+,12,head,both,4,2,0,176,194,214,-3,4,3,0,-2,Tentacle Cowl  γ+,Namielle Ticket,1,Namielle Finehide,5.0,Namielle Hardclaw,6.0,Namielle Whisker,2.0,Tentacle Cowl  γ+,Stamina Surge,3.0,Tool Specialist,1.0
1537,1582,Tentacle Cloak  γ+,12,chest,both,4,0,0,176,194,214,-3,4,3,0,-2,Tentacle Cloak  γ+,Namielle Ticket,1,Namielle Finehide,5.0,Namielle Lash,3.0,Large Elder Dragon Gem,1.0,Tentacle Cloak  γ+,Evade Window,4.0,Water Attack,2.0
1538,1583,Tentacle Gloves  γ+,12,arms,both,4,2,0,176,194,214,-3,4,3,0,-2,Tentacle Gloves  γ+,Namielle Ticket,1,Namielle Finehide,5.0,Namielle Fellwing,5.0,Namielle Whisker,2.0,Tentacle Gloves  γ+,Marathon Runner,3.0,Blight Resistance,1.0
1539,1584,Tentacle Coil  γ+,12,waist,both,4,2,0,176,194,214,-3,4,3,0,-2,Tentacle Coil  γ+,Namielle Ticket,1,Namielle Finehide,5.0,Namielle Fellwing,5.0,Namielle Hardclaw,3.0,Tentacle Coil  γ+,Evade Extender,3.0,Recovery Speed,2.0
1540,1585,Tentacle Greaves  γ+,12,legs,both,4,0,0,176,194,214,-3,4,3,0,-2,Tentacle Greaves  γ+,Namielle Ticket,1,Namielle Finehide,5.0,Namielle Whisker,3.0,Large Elder Dragon Gem,1.0,Tentacle Greaves  γ+,Constitution,4.0,Thunder Attack,4.0
1541,1586,Rimeguard Helm  γ+,12,head,both,4,4,1,180,198,218,-3,2,-1,4,-1,Rimeguard Helm  γ+,Velkhana Ticket,1,Velkhana Cortex,5.0,Velkhana Crownhorn,5.0,Large Elder Dragon Gem,1.0,Rimeguard Helm  γ+,Coalescence,3.0,Resuscitate,1.0
1542,1587,Rimeguard Mail γ+,12,chest,both,4,2,1,180,198,218,-3,2,-1,4,-1,Rimeguard Mail γ+,Velkhana Ticket,1,Velkhana Cortex,5.0,Velkhana Fellwing,6.0,Velkhana Crystal,1.0,Rimeguard Mail γ+,Ice Attack,3.0,Critical Draw,3.0
1543,1588,Rimeguard Vambraces  γ+,12,arms,both,4,3,0,180,198,218,-3,2,-1,4,-1,Rimeguard Vambraces  γ+,Velkhana Ticket,1,Velkhana Cortex,5.0,Velkhana Hardclaw,7.0,Large Elder Dragon Gem,1.0,Rimeguard Vambraces  γ+,Ice Attack,3.0,Recovery Up,3.0
1544,1589,Rimeguard Coil  γ+,12,waist,both,4,1,0,180,198,218,-3,2,-1,4,-1,Rimeguard Coil  γ+,Velkhana Ticket,1,Velkhana Cortex,5.0,Velkhana Lash,4.0,Large Elder Dragon Gem,1.0,Rimeguard Coil  γ+,Focus,3.0,Quick Sheath,1.0
1545,1590,Rimeguard Greaves  γ+,12,legs,both,4,2,0,180,198,218,-3,2,-1,4,-1,Rimeguard Greaves  γ+,Velkhana Ticket,1,Velkhana Cortex,5.0,Crystal Shard,8.0,Large Elder Dragon Gem,1.0,Rimeguard Greaves  γ+,Quick Sheath,2.0,Peak Performance,3.0
1546,1457,Oolong Hair α+,9,head,both,4,0,0,120,158,178,1,1,1,4,1,Oolong Hair α+,Joyful Ticket,1,Spiritvein Crystal,2.0,None,None,None,None,Oolong Hair α+,Critical Eye,3.0,None,None
1547,1458,Oolong Vest α+,9,chest,both,4,0,0,120,158,178,1,1,1,4,1,Oolong Vest α+,Joyful Ticket,1,Eltalite Ore,3.0,None,None,None,None,Oolong Vest α+,Stamina Surge,2.0,None,None
1548,1459,Oolong Sleeves α+,9,arms,both,4,0,0,120,158,178,1,1,1,4,1,Oolong Sleeves α+,Joyful Ticket,1,Eltalite Ore,3.0,None,None,None,None,Oolong Sleeves α+,Coalescence,2.0,None,None
1549,1460,Oolong Waist α+,9,waist,both,1,1,0,120,158,178,1,1,1,4,1,Oolong Waist α+,Joyful Ticket,1,Spiritvein Crystal,2.0,None,None,None,None,Oolong Waist α+,Constitution,3.0,None,None
1550,1461,Oolong Boots α+,9,legs,both,4,2,0,120,158,178,1,1,1,4,1,Oolong Boots α+,Joyful Ticket,1,Spiritvein Crystal,2.0,None,None,None,None,Oolong Boots α+,Health Boost,2.0,None,None
1551,1462,Astral Veil α+,9,head,both,4,0,0,140,178,198,2,2,2,2,2,Astral Veil α+,Gratitude Ticket,1,Gracium,1.0,Monster Toughbone,1.0,None,None,Astral Veil α+,Wide-Range,3.0,None,None
1552,1463,Astral Cloth α+,9,chest,both,1,0,0,140,178,198,2,2,2,2,2,Astral Cloth α+,Gratitude Ticket,1,Purecrystal,1.0,Monster Toughbone,1.0,None,None,Astral Cloth α+,Critical Boost,2.0,None,None
1553,1464,Astral Scarf α+,9,arms,both,4,1,1,140,178,198,2,2,2,2,2,Astral Scarf α+,Gratitude Ticket,1,Gracium,1.0,Monster Toughbone,1.0,None,None,Astral Scarf α+,Divine Blessing,2.0,None,None
1554,1465,Astral Skirt α+,9,waist,both,4,1,0,140,178,198,2,2,2,2,2,Astral Skirt α+,Gratitude Ticket,1,Gracium,1.0,Monster Toughbone,1.0,None,None,Astral Skirt α+,Flinch Free,2.0,None,None
1555,1466,Astral Tights α+,9,legs,both,1,0,0,140,178,198,2,2,2,2,2,Astral Tights α+,Gratitude Ticket,1,Purecrystal,1.0,Monster Toughbone,1.0,None,None,Astral Tights α+,Weakness Exploit,2.0,None,None
1556,1521,Rose Headpiece α+,10,head,both,3,2,1,150,182,202,4,1,1,1,1,Rose Headpiece α+,Full Bloom Ticket,1,Monster Slogbone,1.0,None,None,None,None,Rose Headpiece α+,Fortify,1.0,None,None
1557,1522,Rose Jacket α+,10,chest,both,4,0,0,150,182,202,4,1,1,1,1,Rose Jacket α+,Full Bloom Ticket,1,Monster Slogbone,1.0,Dragonbone Artifact,1.0,None,None,Rose Jacket α+,Attack Boost,3.0,None,None
1558,1523,Rose Arms α+,10,arms,both,4,0,0,150,182,202,4,1,1,1,1,Rose Arms α+,Full Bloom Ticket,1,Monster Slogbone,1.0,Dragonbone Artifact,1.0,None,None,Rose Arms α+,Tool Specialist,3.0,None,None
1559,1524,Rose Belt α+,10,waist,both,4,1,0,150,182,202,4,1,1,1,1,Rose Belt α+,Full Bloom Ticket,1,Monster Slogbone,1.0,Dragonbone Artifact,1.0,None,None,Rose Belt α+,Resentment,3.0,None,None
1560,1525,Rose Boots α+,10,legs,both,4,1,0,150,182,202,4,1,1,1,1,Rose Boots α+,Full Bloom Ticket,1,Monster Slogbone,1.0,None,None,None,None,Rose Boots α+,Partbreaker,2.0,None,None
1561,1556,Passionate Headdress α+,10,head,both,3,0,0,156,188,208,1,4,1,1,1,Passionate Headdress α+,Sizzling Spice Ticket,1,Monster Solidbone,1.0,Large Kulu-Ya-Ku Plume,1.0,None,None,Passionate Headdress α+,Marathon Runner,3.0,None,None
1562,1557,Passionate Body α+,10,chest,both,4,1,0,156,188,208,1,4,1,1,1,Passionate Body α+,Sizzling Spice Ticket,1,Monster Solidbone,1.0,Large Kulu-Ya-Ku Plume,1.0,None,None,Passionate Body α+,Master Gatherer,1.0,Carving Pro,1.0
1563,1558,Passionate Arms α+,10,arms,both,4,3,0,156,188,208,1,4,1,1,1,Passionate Arms α+,Sizzling Spice Ticket,1,Monster Solidbone,1.0,Large Kulu-Ya-Ku Plume,1.0,None,None,Passionate Arms α+,Survival Expert,3.0,None,None
1564,1559,Passionate Belt α+,10,waist,both,1,1,0,156,188,208,1,4,1,1,1,Passionate Belt α+,Sizzling Spice Ticket,1,Monster Solidbone,1.0,None,None,None,None,Passionate Belt α+,Botanist,4.0,None,None
1565,1560,Passionate Leggings α+,10,legs,both,1,1,0,156,188,208,1,4,1,1,1,Passionate Leggings α+,Sizzling Spice Ticket,1,Monster Solidbone,1.0,None,None,None,None,Passionate Leggings α+,Geologist,3.0,None,None
1566,1561,Demonlord Hair α+,11,head,both,4,0,0,162,186,206,1,1,1,4,1,Demonlord Hair α+,Fun Fright Ticket,1,Pure Dragon Blood,1.0,Shadowpierce Fang,1.0,None,None,Demonlord Hair α+,Guard,3.0,None,None
1567,1562,Demonlord Cloak α+,11,chest,both,2,2,0,162,186,206,1,1,1,4,1,Demonlord Cloak α+,Fun Fright Ticket,1,Pure Dragon Blood,1.0,Deathweaver Membrane,1.0,None,None,Demonlord Cloak α+,Blight Resistance,3.0,None,None
1568,1563,Demonlord Blackarm α+,11,arms,both,4,0,0,162,186,206,1,1,1,4,1,Demonlord Blackarm α+,Fun Fright Ticket,1,Pure Dragon Blood,1.0,Deathweaver Membrane,1.0,None,None,Demonlord Blackarm α+,Handicraft,3.0,None,None
1569,1564,Demonlord Leather Belt α+,11,waist,both,1,1,0,162,186,206,1,1,1,4,1,Demonlord Leather Belt α+,Fun Fright Ticket,1,Large Elder Dragon Bone,1.0,Deceased Shard,1.0,None,None,Demonlord Leather Belt α+,Free Elem/Ammo Up,3.0,None,None
1570,1565,Demonlord Boots α+,11,legs,both,4,0,0,162,186,206,1,1,1,4,1,Demonlord Boots α+,Fun Fright Ticket,1,Large Elder Dragon Bone,1.0,Deceased Shard,1.0,None,None,Demonlord Boots α+,Offensive Guard,3.0,None,None
1571,1571,Dragonhead α+,12,head,both,3,2,2,180,198,218,-1,2,2,0,-4,Dragonhead α+,Fatalis Cortex,3,Fatalis Hardhorn,1.0,Fatalis Evil Eye,1.0,Stygian Zinogre Skymerald,1.0,Dragonhead α+,Stun Resistance,3.0,Guard,3.0
1572,1572,Dragonhide α+,12,chest,both,4,4,3,180,198,218,-1,2,2,0,-4,Dragonhide α+,Fatalis Cortex,3,Fatalis Pectus,3.0,Fatalis Evil Eye,2.0,Azure Dragonsphire,1.0,Dragonhide α+,Weakness Exploit,1.0,Evade Window,2.0
1573,1573,Dragonclaws α+,12,arms,both,4,1,0,180,198,218,-1,2,2,0,-4,Dragonclaws α+,Fatalis Cortex,3,Fatalis Shard,3.0,Fatalis Hardhorn,2.0,Rajang Heart,1.0,Dragonclaws α+,Handicraft,3.0,Weakness Exploit,1.0
1574,1574,Dragonbarbs α+,12,waist,both,4,3,3,180,198,218,-1,2,2,0,-4,Dragonbarbs α+,Fatalis Cortex,3,Fatalis Fellwing,2.0,Fatalis Pectus,2.0,Immortal Reactor,1.0,Dragonbarbs α+,Weakness Exploit,1.0,Critical Eye,3.0
1575,1575,Dragonfeet α+,12,legs,both,4,4,0,180,198,218,-1,2,2,0,-4,Dragonfeet α+,Fatalis Cortex,3,Fatalis Shard,4.0,Fatalis Fellwing,2.0,Large Elder Dragon Gem,1.0,Dragonfeet α+,Handicraft,2.0,Evade Window,1.0
1576,1576,Dragonhead β+,12,head,both,4,4,4,180,198,218,-1,2,2,0,-4,Dragonhead β+,Fatalis Cortex,3,Fatalis Hardhorn,1.0,Fatalis Evil Eye,1.0,Stygian Zinogre Skymerald,1.0,Dragonhead β+,Stun Resistance,3.0,None,None
1577,1577,Dragonhide β+,12,chest,both,4,4,4,180,198,218,-1,2,2,0,-4,Dragonhide β+,Fatalis Cortex,3,Fatalis Pectus,3.0,Fatalis Evil Eye,2.0,Azure Dragonsphire,1.0,Dragonhide β+,Weakness Exploit,1.0,Evade Window,1.0
1578,1578,Dragonclaws β+,12,arms,both,4,4,4,180,198,218,-1,2,2,0,-4,Dragonclaws β+,Fatalis Cortex,3,Fatalis Shard,3.0,Fatalis Hardhorn,2.0,Rajang Heart,1.0,Dragonclaws β+,Weakness Exploit,1.0,None,None
1579,1579,Dragonbarbs β+,12,waist,both,4,4,4,180,198,218,-1,2,2,0,-4,Dragonbarbs β+,Fatalis Cortex,3,Fatalis Fellwing,2.0,Fatalis Pectus,2.0,Immortal Reactor,1.0,Dragonbarbs β+,Critical Eye,2.0,None,None
1580,1580,Dragonfeet β+,12,legs,both,4,4,4,180,198,218,-1,2,2,0,-4,Dragonfeet β+,Fatalis Cortex,3,Fatalis Shard,4.0,Fatalis Fellwing,2.0,Large Elder Dragon Gem,1.0,Dragonfeet β+,Evade Window,1.0,None,None
1581,1566,Azure Age Hair α+,12,head,both,4,0,0,170,188,208,2,2,0,0,3,Azure Age Hair α+,Large Azure Era Gem,1,Silversnow Pelt,2.0,Bergcrusher Claw,2.0,Velkhana Cortex,2.0,Azure Age Hair α+,Slinger Capacity,3.0,Weakness Exploit,1.0
1582,1567,Azure Age Haori α+,12,chest,both,4,0,0,170,188,208,2,2,0,0,3,Azure Age Haori α+,Large Azure Era Gem,1,Silversnow Pelt,2.0,Silverwhite Frostfang,1.0,Crystal Shard,3.0,Azure Age Haori α+,Constitution,2.0,Focus,1.0
1583,1568,Azure Age Sleeve α+,12,arms,both,1,1,1,170,188,208,2,2,0,0,3,Azure Age Sleeve α+,Large Azure Era Gem,1,Silversnow Pelt,2.0,Silverwhite Frostfang,1.0,Velkhana Crystal,1.0,Azure Age Sleeve α+,Weakness Exploit,1.0,Focus,2.0
1584,1569,Azure Age Obi α+,12,waist,both,4,1,1,170,188,208,2,2,0,0,3,Azure Age Obi α+,Large Azure Era Gem,1,Silversnow Pelt,2.0,Bergcrusher Claw,1.0,Velkhana Hardclaw,1.0,Azure Age Obi α+,Slinger Capacity,2.0,Water Attack,3.0
1585,1570,Azure Age Geta α+,12,legs,both,4,1,0,170,188,208,2,2,0,0,3,Azure Age Geta α+,Large Azure Era Gem,1,Silversnow Pelt,2.0,Velkhana Fellwing,1.0,Large Wyvern Gem,1.0,Azure Age Geta α+,Constitution,2.0,Weakness Exploit,1.0
1586,1591,Artemis Head α+,11,head,both,1,1,0,140,164,184,2,2,1,1,2,Artemis Head α+,Chocolate,1,None,None,None,None,None,None,Artemis Head α+,Earplugs,1.0,Peak Performance,2.0
1587,1592,Artemis Mail α+,11,chest,both,1,1,0,140,164,184,2,2,1,1,2,Artemis Mail α+,Chocolate,1,None,None,None,None,None,None,Artemis Mail α+,Earplugs,2.0,Recovery Up,1.0
1588,1593,Artemis Guards α+,11,arms,both,2,0,0,140,164,184,2,2,1,1,2,Artemis Guards α+,Chocolate,1,None,None,None,None,None,None,Artemis Guards α+,Earplugs,1.0,Health Boost,3.0
1589,1594,Artemis Coil α+,11,waist,both,3,0,0,140,164,184,2,2,1,1,2,Artemis Coil α+,Chocolate,1,None,None,None,None,None,None,Artemis Coil α+,Recovery Up,2.0,Blight Resistance,2.0
1590,1595,Artemis Greaves α+,11,legs,both,4,0,0,140,164,184,2,2,1,1,2,Artemis Greaves α+,Chocolate,1,None,None,None,None,None,None,Artemis Greaves α+,Stun Resistance,3.0,Poison Resistance,2.0
1591,1467,Pearlspring α+,9,head,both,2,1,0,120,158,178,0,0,0,5,0,Pearlspring α+,Pearlspring Ticket,3,Prized Pelt,2.0,Thick Bone,2.0,None,None,Pearlspring α+,Recovery Up,2.0,None,None
1592,1468,Duffel Penguin Mask α+,9,head,both,4,0,0,138,176,196,-1,3,0,4,0,Duffel Penguin Mask α+,Penguin Ticket,1,Large Kulu-Ya-Ku Beak,1.0,None,None,None,None,Duffel Penguin Mask α+,Evade Window,2.0,None,None
1593,1469,Sealed Dragon Cloth α+,12,head,both,4,4,0,152,170,190,-3,0,0,1,5,Sealed Dragon Cloth α+,Sealed Dragon Cloth,1,Deathweaver Membrane,2.0,Pure Dragon Blood,2.0,None,None,Sealed Dragon Cloth α+,Resentment,1.0,None,None
1594,1470,Wyverian Ears α+,9,head,both,4,0,0,140,178,198,1,1,1,1,5,Wyverian Ears α+,Wyverian Ticket,1,Thick Bone,3.0,None,None,None,None,Wyverian Ears α+,Mushroomancer,2.0,Survival Expert,1.0
