,id,name_en,weapon_type_x,previous_en,category,rarity,attack,affinity,defense,element_hidden,element1,element1_attack,element2,element2_attack,elderseal,slot_1,slot_2,slot_3,kinsect_bonus,phial,phial_power,shelling,shelling_level,notes,ammo_config,skill,base_name_en,weapon_type_y,type,item1_name,item1_qty,item2_name,item2_qty,item3_name,item3_qty,item4_name,item4_qty,weapon_type,maxed,red,orange,yellow,green,blue,white,purple
0,2001,Defender Great Sword I,great-sword,N/A,N/A,1,624,0,N/A,False,Blast,240.0,N/A,N/A,N/A,0,0,0,N/A,N/A,N/A,N/A,N/A,N/A,N/A,N/A,Defender Great Sword I,great-sword,Create,Iron Ore,1,N/A,N/A,N/A,N/A,N/A,N/A,great-sword,False,30,60,20,140,0,0,0
1,2002,Defender Great Sword II,great-sword,Defender Great Sword I,N/A,3,816,0,N/A,False,Blast,270.0,N/A,N/A,N/A,0,0,0,N/A,N/A,N/A,N/A,N/A,N/A,N/A,N/A,Defender Great Sword II,great-sword,Upgrade,Anjanath Scale,1,N/A,N/A,N/A,N/A,N/A,N/A,great-sword,False,30,60,20,150,40,0,0
2,2003,Defender Great Sword III,great-sword,Defender Great Sword II,N/A,5,912,0,N/A,False,Blast,330.0,N/A,N/A,N/A,0,0,0,N/A,N/A,N/A,N/A,N/A,N/A,N/A,N/A,Defender Great Sword III,great-sword,Upgrade,Commendation,1,N/A,N/A,N/A,N/A,N/A,N/A,great-sword,False,50,50,50,80,120,0,0
3,2004,Defender Great Sword IV,great-sword,Defender Great Sword III,N/A,6,1008,0,N/A,False,Blast,360.0,N/A,N/A,N/A,0,0,0,N/A,N/A,N/A,N/A,N/A,N/A,N/A,N/A,Defender Great Sword IV,great-sword,Upgrade,Pink Rathian Scale+,1,N/A,N/A,N/A,N/A,N/A,N/A,great-sword,False,30,50,50,80,140,0,0
4,2005,Defender Great Sword V,great-sword,Defender Great Sword IV,N/A,7,1056,0,N/A,False,Blast,390.0,N/A,N/A,N/A,0,0,0,N/A,N/A,N/A,N/A,N/A,N/A,N/A,N/A,Defender Great Sword V,great-sword,Upgrade,Immortal Dragonscale,1,N/A,N/A,N/A,N/A,N/A,N/A,great-sword,False,90,30,30,110,40,100,0
5,1,Buster Sword I,great-sword,N/A,N/A,1,384,0,N/A,False,N/A,N/A,N/A,N/A,N/A,0,0,0,N/A,N/A,N/A,N/A,N/A,N/A,N/A,N/A,Buster Sword I,great-sword,Create,Iron Ore,1,N/A,N/A,N/A,N/A,N/A,N/A,great-sword,False,100,50,80,20,0,0,0
6,2,Buster Sword II,great-sword,Buster Sword I,N/A,1,432,0,N/A,False,N/A,N/A,N/A,N/A,N/A,0,0,0,N/A,N/A,N/A,N/A,N/A,N/A,N/A,N/A,Buster Sword II,great-sword,Upgrade,Iron Ore,2,N/A,N/A,N/A,N/A,N/A,N/A,great-sword,False,70,70,30,80,0,0,0
7,3,Buster Sword III,great-sword,Buster Sword II,N/A,2,480,0,N/A,False,N/A,N/A,N/A,N/A,N/A,0,0,0,N/A,N/A,N/A,N/A,N/A,N/A,N/A,N/A,Buster Sword III,great-sword,Upgrade,Earth Crystal,2,Machalite Ore,2.0,Iron Ore,5.0,N/A,N/A,great-sword,False,60,70,30,90,0,0,0
8,4,Buster Blade I,great-sword,Buster Sword III,N/A,3,576,0,N/A,False,N/A,N/A,N/A,N/A,N/A,0,0,0,N/A,N/A,N/A,N/A,N/A,N/A,N/A,N/A,Buster Blade I,great-sword,Upgrade,Dragonite Ore,2,Machalite Ore,5.0,Monster Bone M,2.0,N/A,N/A,great-sword,False,70,50,80,100,0,0,0
9,5,Buster Blade II,great-sword,Buster Blade I,N/A,4,624,0,N/A,False,N/A,N/A,N/A,N/A,N/A,0,0,0,N/A,N/A,N/A,N/A,N/A,N/A,N/A,N/A,Buster Blade II,great-sword,Upgrade,Monster Bone+,2,Dragonite Ore,5.0,Coral Crystal,2.0,Machalite Ore,10.0,great-sword,False,60,50,80,110,0,0,0
10,6,Buster Blade III,great-sword,Buster Blade II,N/A,5,672,0,N/A,True,Poison,240.0,N/A,N/A,N/A,1,0,0,N/A,N/A,N/A,N/A,N/A,N/A,N/A,N/A,Buster Blade III,great-sword,Upgrade,Carbalite Ore,8,Dragonite Ore,5.0,Dragonvein Crystal,2.0,N/A,N/A,great-sword,False,100,50,50,80,70,0,0
11,7,Chrome Razor I,great-sword,Buster Blade III,N/A,6,720,0,N/A,True,Poison,330.0,N/A,N/A,N/A,1,0,0,N/A,N/A,N/A,N/A,N/A,N/A,N/A,N/A,Chrome Razor I,great-sword,Upgrade,Fucium Ore,8,Carbalite Ore,5.0,Dragonite Ore,10.0,Dragonvein Crystal,3.0,great-sword,False,90,50,50,80,80,0,0
12,8,Chrome Razor II,great-sword,Chrome Razor I,N/A,6,864,0,N/A,True,Poison,420.0,N/A,N/A,N/A,1,1,0,N/A,N/A,N/A,N/A,N/A,N/A,N/A,N/A,Chrome Razor II,great-sword,Upgrade,Elder Dragon Blood,2,Fucium Ore,13.0,Carbalite Ore,20.0,Firecell Stone,1.0,great-sword,False,60,60,20,150,90,20,0
13,2006,Chrome Deathscythe I,great-sword,Chrome Razor II,N/A,9,1056,0,N/A,True,Poison,480.0,N/A,N/A,N/A,1,1,0,N/A,N/A,N/A,N/A,N/A,N/A,N/A,N/A,Chrome Deathscythe I,great-sword,Create,Eltalite Ore,6,Carbalite Ore,10.0,Firecell Stone,2.0,Purecrystal,1.0,great-sword,False,90,80,30,30,80,90,0
14,2006,Chrome Deathscythe I,great-sword,Chrome Razor II,N/A,9,1056,0,N/A,True,Poison,480.0,N/A,N/A,N/A,1,1,0,N/A,N/A,N/A,N/A,N/A,N/A,N/A,N/A,Chrome Deathscythe I,great-sword,Upgrade,Eltalite Ore,2,Carbalite Ore,4.0,Spiritvein Crystal,2.0,Gracium,1.0,great-sword,False,90,80,30,30,80,90,0
15,2007,Chrome Deathscythe II,great-sword,Chrome Deathscythe I,N/A,10,1152,0,N/A,True,Poison,510.0,N/A,N/A,N/A,1,1,0,N/A,N/A,N/A,N/A,N/A,N/A,N/A,N/A,Chrome Deathscythe II,great-sword,Upgrade,Monster Slogbone,3,Eltalite Ore,4.0,Meldspar Ore,2.0,Bathycite Ore,2.0,great-sword,False,80,80,30,30,80,100,0
16,2008,Chrome Deathscythe III,great-sword,Chrome Deathscythe II,N/A,11,1248,0,N/A,True,Poison,540.0,N/A,N/A,N/A,1,1,0,N/A,N/A,N/A,N/A,N/A,N/A,N/A,N/A,Chrome Deathscythe III,great-sword,Upgrade,Pure Dragon Blood,3,Eltalite Ore,6.0,Meldspar Ore,3.0,Purecrystal,1.0,great-sword,False,120,30,30,60,50,80,30
17,9,Nergal Judicator,great-sword,Chrome Razor I,N/A,7,912,0,N/A,False,Dragon,120.0,N/A,N/A,high,1,0,0,N/A,N/A,N/A,N/A,N/A,N/A,N/A,N/A,Nergal Judicator,great-sword,Upgrade,Nergigante Talon,3,Nergigante Regrowth Plate,4.0,Nergigante Tail,2.0,Nergigante Carapace,2.0,great-sword,True,120,120,40,50,70,0,0
18,10,Purgation's Atrocity,great-sword,Nergal Judicator,N/A,8,1008,0,N/A,False,Dragon,150.0,N/A,N/A,high,1,0,0,N/A,N/A,N/A,N/A,N/A,N/A,N/A,N/A,Purgation's Atrocity,great-sword,Upgrade,Xeno'jiiva Horn,2,Nergigante Horn+,5.0,Nergigante Talon,5.0,Nergigante Gem,1.0,great-sword,True,110,120,40,50,80,0,0
19,2009,Ruinous Atrocity,great-sword,Purgation's Atrocity,N/A,12,1344,0,N/A,False,Dragon,240.0,N/A,N/A,high,1,0,0,N/A,N/A,N/A,N/A,N/A,N/A,N/A,N/A,Ruinous Atrocity,great-sword,Upgrade,Annihilating Greathorn,3,Nergigante Hardclaw,4.0,Eternal Regrowth Plate,5.0,Large Elder Dragon Gem,1.0,great-sword,True,80,30,30,110,40,110,0
20,11,Thunder Blade I,great-sword,Buster Sword III,N/A,3,528,0,N/A,False,Thunder,120.0,N/A,N/A,N/A,0,0,0,N/A,N/A,N/A,N/A,N/A,N/A,N/A,N/A,Thunder Blade I,great-sword,Upgrade,Dragonite Ore,5,Tobi-Kadachi Electrode,1.0,Tobi-Kadachi Claw,2.0,Electro Sac,1.0,great-sword,False,70,50,80,100,0,0,0
21,12,Thunder Blade II,great-sword,Thunder Blade I,N/A,4,624,0,N/A,False,Thunder,150.0,N/A,N/A,N/A,0,0,0,N/A,N/A,N/A,N/A,N/A,N/A,N/A,N/A,Thunder Blade II,great-sword,Upgrade,Monster Bone+,2,Tobi-Kadachi Electrode,2.0,Tobi-Kadachi Membrane,2.0,Coral Crystal,3.0,great-sword,False,60,50,80,110,0,0,0
22,13,Lightning Punisher I,great-sword,Thunder Blade II,N/A,5,672,0,N/A,False,Thunder,180.0,N/A,N/A,N/A,2,0,0,N/A,N/A,N/A,N/A,N/A,N/A,N/A,N/A,Lightning Punisher I,great-sword,Upgrade,Carbalite Ore,5,Tobi-Kadachi Scale+,4.0,Tobi-Kadachi Pelt+,3.0,Vespoid Innerwing,3.0,great-sword,False,100,50,80,100,20,0,0
23,14,Lightning Punisher II,great-sword,Lightning Punisher I,N/A,6,816,0,N/A,False,Thunder,210.0,N/A,N/A,N/A,2,0,0,N/A,N/A,N/A,N/A,N/A,N/A,N/A,N/A,Lightning Punisher II,great-sword,Upgrade,Fucium Ore,5,Tobi-Kadachi Electrode+,2.0,Tobi-Kadachi Membrane,4.0,Thunder Sac,3.0,great-sword,False,100,50,50,80,70,0,0
24,15,Lightning Punisher III,great-sword,Lightning Punisher II,N/A,6,912,0,N/A,False,Thunder,240.0,N/A,N/A,N/A,2,0,0,N/A,N/A,N/A,N/A,N/A,N/A,N/A,N/A,Lightning Punisher III,great-sword,Upgrade,Elder Dragon Blood,3,Tobi-Kadachi Electrode+,4.0,Tobi-Kadachi Claw+,6.0,Wyvern Gem,1.0,great-sword,False,100,120,40,50,90,0,0
25,2010,Lightning Punisher IV,great-sword,Lightning Punisher III,N/A,9,1008,0,N/A,False,Thunder,270.0,N/A,N/A,N/A,2,0,0,N/A,N/A,N/A,N/A,N/A,N/A,N/A,N/A,Lightning Punisher IV,great-sword,Upgrade,Tobi-Kadachi Hardclaw,1,Tobi-Kadachi Shard,2.0,Tobi-Kadachi Thickfur,2.0,Lightning Sac,1.0,great-sword,False,100,100,40,50,60,50,0
26,2011,Severing Bolt I,great-sword,Lightning Punisher IV,N/A,10,1152,0,N/A,False,Thunder,390.0,N/A,N/A,N/A,2,0,0,N/A,N/A,N/A,N/A,N/A,N/A,N/A,N/A,Severing Bolt I,great-sword,Upgrade,Zinogre Hardclaw,3,Zinogre Deathly Shocker,2.0,Zinogre Cortex,5.0,Lightning Sac,3.0,great-sword,False,100,80,30,30,80,80,0
27,2012,Severing Bolt II,great-sword,Severing Bolt I,N/A,11,1200,0,N/A,False,Thunder,510.0,N/A,N/A,N/A,2,1,0,N/A,N/A,N/A,N/A,N/A,N/A,N/A,N/A,Severing Bolt II,great-sword,Upgrade,Zinogre Hardhorn,3,Zinogre Electrofur+,4.0,Fulgurbug,5.0,Zinogre Skymerald,1.0,great-sword,False,130,30,90,30,30,70,20
28,16,Freeze Blade I,great-sword,Thunder Blade I,N/A,4,576,0,N/A,False,Ice,240.0,N/A,N/A,N/A,0,0,0,N/A,N/A,N/A,N/A,N/A,N/A,N/A,N/A,Freeze Blade I,great-sword,Upgrade,Legiana Claw,3,Legiana Scale,4.0,Frost Sac,2.0,Coral Crystal,3.0,great-sword,False,60,50,80,110,0,0,0
29,17,Freeze Blade II,great-sword,Freeze Blade I,N/A,5,624,0,N/A,False,Ice,270.0,N/A,N/A,N/A,1,0,0,N/A,N/A,N/A,N/A,N/A,N/A,N/A,N/A,Freeze Blade II,great-sword,Upgrade,Carbalite Ore,5,Legiana Tail Webbing,2.0,Legiana Webbing,3.0,Shamos Scale+,5.0,great-sword,False,100,50,80,100,20,0,0
30,18,Frost Blaze I,great-sword,Freeze Blade II,N/A,6,720,0,N/A,False,Ice,330.0,N/A,N/A,N/A,2,0,0,N/A,N/A,N/A,N/A,N/A,N/A,N/A,N/A,Frost Blaze I,great-sword,Upgrade,Fucium Ore,5,Legiana Scale+,5.0,Legiana Wing,3.0,Freezer Sac,3.0,great-sword,False,90,50,50,80,80,0,0
31,19,Frost Blaze II,great-sword,Frost Blaze I,N/A,6,768,0,N/A,False,Ice,390.0,N/A,N/A,N/A,3,0,0,N/A,N/A,N/A,N/A,N/A,N/A,N/A,N/A,Frost Blaze II,great-sword,Upgrade,Elder Dragon Blood,3,Legiana Claw+,5.0,Legiana Hide+,3.0,Wyvern Gem,1.0,great-sword,False,80,60,80,80,80,20,0
32,2013,Frost Blaze III,great-sword,Frost Blaze II,N/A,9,960,0,N/A,False,Ice,420.0,N/A,N/A,N/A,3,0,0,N/A,N/A,N/A,N/A,N/A,N/A,N/A,N/A,Frost Blaze III,great-sword,Upgrade,Gracium,2,Eltalite Ore,4.0,Cryo Sac,1.0,Wulg Thickfur,3.0,great-sword,False,60,50,60,120,70,40,0
33,2014,Icicle Fang,great-sword,Frost Blaze III,N/A,10,1008,20,N/A,False,Ice,480.0,N/A,N/A,N/A,0,0,0,N/A,N/A,N/A,N/A,N/A,N/A,N/A,N/A,Icicle Fang,great-sword,Upgrade,Barioth Hardclaw,3,Barioth Cortex,4.0,Cryo Sac,4.0,Frozen Bone,3.0,great-sword,False,110,30,30,110,40,80,0
34,2015,Icicle Fang+,great-sword,Icicle Fang,N/A,10,1152,30,N/A,False,Ice,510.0,N/A,N/A,N/A,0,0,0,N/A,N/A,N/A,N/A,N/A,N/A,N/A,N/A,Icicle Fang+,great-sword,Upgrade,Obsidian Icetalon,2,Amber Hardfang,3.0,Barioth Greatspike,3.0,Large Wyvern Gem,1.0,great-sword,False,110,30,30,110,40,80,0
35,2016,Paladire,great-sword,Icicle Fang+,N/A,11,1200,35,N/A,False,Ice,540.0,N/A,N/A,N/A,0,0,0,N/A,N/A,N/A,N/A,N/A,N/A,N/A,N/A,Paladire,great-sword,Upgrade,Velkhana Hardclaw,2,Barioth Hardclaw,4.0,Amber Hardfang,2.0,Large Elder Dragon Bone,5.0,great-sword,False,110,30,30,110,40,80,0
36,3222,Glacial Demon,great-sword,Icicle Fang,N/A,11,1296,15,N/A,False,Ice,630.0,N/A,N/A,N/A,0,0,0,N/A,N/A,N/A,N/A,N/A,N/A,N/A,N/A,Glacial Demon,great-sword,Create,Frostfang Ticket,3,Silverwhite Frostfang,3.0,Bergcrusher Claw,2.0,Large Wyvern Gem,1.0,great-sword,False,10,50,50,50,60,120,60
37,3222,Glacial Demon,great-sword,Icicle Fang,N/A,11,1296,15,N/A,False,Ice,630.0,N/A,N/A,N/A,0,0,0,N/A,N/A,N/A,N/A,N/A,N/A,N/A,N/A,Glacial Demon,great-sword,Upgrade,Frostfang Ticket,2,Silverwhite Frostfang,3.0,Bergcrusher Claw,1.0,Gracium,5.0,great-sword,False,10,50,50,50,60,120,60
38,20,Jagras Blade I,great-sword,Buster Sword II,N/A,2,528,0,N/A,False,N/A,N/A,N/A,N/A,N/A,0,0,0,N/A,N/A,N/A,N/A,N/A,N/A,N/A,N/A,Jagras Blade I,great-sword,Upgrade,Great Jagras Claw,1,Great Jagras Hide,1.0,Great Jagras Scale,3.0,Sharp Claw,1.0,great-sword,False,80,70,30,70,0,0,0
39,21,Jagras Blade II,great-sword,Jagras Blade I,N/A,3,576,0,N/A,False,N/A,N/A,N/A,N/A,N/A,0,0,0,N/A,N/A,N/A,N/A,N/A,N/A,N/A,N/A,Jagras Blade II,great-sword,Upgrade,Great Jagras Claw,2,Great Jagras Mane,2.0,Coral Bone,2.0,Tzitzi-Ya-Ku Claw,3.0,great-sword,False,80,50,80,90,0,0,0
40,22,Jagras Blade III,great-sword,Jagras Blade II,N/A,4,672,0,N/A,False,N/A,N/A,N/A,N/A,N/A,0,0,0,N/A,N/A,N/A,N/A,N/A,N/A,N/A,N/A,Jagras Blade III,great-sword,Upgrade,Monster Bone+,3,Great Jagras Scale,5.0,Great Jagras Claw,3.0,Great Jagras Mane,3.0,great-sword,False,60,50,80,110,0,0,0
41,23,Jagras Hacker I,great-sword,Jagras Blade III,N/A,5,816,0,N/A,True,Water,210.0,N/A,N/A,N/A,1,1,0,N/A,N/A,N/A,N/A,N/A,N/A,N/A,N/A,Jagras Hacker I,great-sword,Upgrade,Great Jagras Scale+,6,Great Jagras Claw+,4.0,Great Jagras Mane,6.0,Piercing Claw,5.0,great-sword,False,100,50,80,100,20,0,0
42,24,Jagras Hacker II,great-sword,Jagras Hacker I,N/A,6,864,0,N/A,True,Water,240.0,N/A,N/A,N/A,2,2,0,N/A,N/A,N/A,N/A,N/A,N/A,N/A,N/A,Jagras Hacker II,great-sword,Upgrade,Monster Hardbone,4,Great Jagras Claw+,6.0,Jagras Hide+,6.0,Tzitzi-Ya-Ku Claw+,5.0,great-sword,False,110,50,50,80,60,0,0
43,25,Jagras Hacker III,great-sword,Jagras Hacker II,N/A,6,912,0,N/A,True,Water,300.0,N/A,N/A,N/A,3,3,0,N/A,N/A,N/A,N/A,N/A,N/A,N/A,N/A,Jagras Hacker III,great-sword,Upgrade,Vaal Hazak Talon,2,Great Jagras Claw+,8.0,Great Jagras Hide+,6.0,Novacrystal,1.0,great-sword,False,110,120,40,50,80,0,0
44,2017,Jagras Deathclaw I,great-sword,Jagras Hacker III,N/A,9,1104,0,N/A,True,Water,450.0,N/A,N/A,N/A,3,3,0,N/A,N/A,N/A,N/A,N/A,N/A,N/A,N/A,Jagras Deathclaw I,great-sword,Create,Great Jagras Shard,4,Great Jagras Hardclaw,2.0,Great Jagras Mane+,3.0,Fey Wyvern Gem,1.0,great-sword,False,90,50,50,80,130,0,0
45,2017,Jagras Deathclaw I,great-sword,Jagras Hacker III,N/A,9,1104,0,N/A,True,Water,450.0,N/A,N/A,N/A,3,3,0,N/A,N/A,N/A,N/A,N/A,N/A,N/A,N/A,Jagras Deathclaw I,great-sword,Upgrade,Great Jagras Shard,2,Great Jagras Hardclaw,1.0,Great Jagras Mane+,2.0,Jagras Shard,2.0,great-sword,False,90,50,50,80,130,0,0
46,2018,Jagras Deathclaw II,great-sword,Jagras Deathclaw I,N/A,10,1248,0,N/A,True,Water,600.0,N/A,N/A,N/A,3,3,0,N/A,N/A,N/A,N/A,N/A,N/A,N/A,N/A,Jagras Deathclaw II,great-sword,Upgrade,Monster Slogbone,3,Great Jagras Hardclaw,3.0,Great Jagras Thickhide,3.0,Tough Claw,3.0,great-sword,False,110,80,30,30,80,70,0
47,2019,Mammoth Greataxe I,great-sword,Jagras Deathclaw I,N/A,9,1200,0,N/A,True,Ice,450.0,N/A,N/A,N/A,4,0,0,N/A,N/A,N/A,N/A,N/A,N/A,N/A,N/A,Mammoth Greataxe I,great-sword,Upgrade,Banbaro Great Horn,1,Banbaro Cortex,2.0,Banbaro Chine,2.0,Monster Toughbone,3.0,great-sword,False,90,50,50,80,130,0,0
48,2020,Mammoth Greataxe II,great-sword,Mammoth Greataxe I,N/A,10,1344,0,N/A,True,Ice,600.0,N/A,N/A,N/A,4,0,0,N/A,N/A,N/A,N/A,N/A,N/A,N/A,N/A,Mammoth Greataxe II,great-sword,Upgrade,Monster Solidbone,3,Banbaro Great Horn,3.0,Banbaro Lash,2.0,Dragonbone Artifact,1.0,great-sword,False,90,50,50,80,130,0,0
49,26,Girros Blade I,great-sword,Jagras Blade I,N/A,3,528,15,N/A,False,Paralysis,210.0,N/A,N/A,N/A,0,0,0,N/A,N/A,N/A,N/A,N/A,N/A,N/A,N/A,Girros Blade I,great-sword,Upgrade,Great Girros Fang,1,Great Girros Scale,3.0,Girros Fang,3.0,N/A,N/A,great-sword,False,80,50,80,90,0,0,0
50,27,Girros Blade II,great-sword,Girros Blade I,N/A,4,624,15,N/A,False,Paralysis,240.0,N/A,N/A,N/A,0,0,0,N/A,N/A,N/A,N/A,N/A,N/A,N/A,N/A,Girros Blade II,great-sword,Upgrade,Diablos Fang,2,Great Girros Fang,3.0,Great Girros Hood,2.0,Paralysis Sac,2.0,great-sword,False,60,50,80,110,0,0,0
51,28,Malady's Kiss I,great-sword,Girros Blade II,N/A,5,672,20,N/A,False,Paralysis,270.0,N/A,N/A,N/A,0,0,0,N/A,N/A,N/A,N/A,N/A,N/A,N/A,N/A,Malady's Kiss I,great-sword,Create,Carbalite Ore,6,Great Girros Fang+,5.0,Omniplegia Sac,6.0,Great Girros Hood+,3.0,great-sword,False,110,50,50,80,60,0,0
52,28,Malady's Kiss I,great-sword,Girros Blade II,N/A,5,672,20,N/A,False,Paralysis,270.0,N/A,N/A,N/A,0,0,0,N/A,N/A,N/A,N/A,N/A,N/A,N/A,N/A,Malady's Kiss I,great-sword,Upgrade,Great Girros Fang+,3,Great Girros Scale+,5.0,Great Girros Tail,2.0,Girros Scale+,6.0,great-sword,False,110,50,50,80,60,0,0
53,29,Malady's Kiss II,great-sword,Malady's Kiss I,N/A,6,720,20,N/A,False,Paralysis,360.0,N/A,N/A,N/A,0,0,0,N/A,N/A,N/A,N/A,N/A,N/A,N/A,N/A,Malady's Kiss II,great-sword,Upgrade,Blos Medulla,1,Great Girros Fang+,4.0,Great Girros Hood+,2.0,Omniplegia Sac,4.0,great-sword,False,100,50,50,80,70,0,0
54,30,Malady's Kiss III,great-sword,Malady's Kiss II,N/A,6,768,20,N/A,False,Paralysis,450.0,N/A,N/A,N/A,0,0,0,N/A,N/A,N/A,N/A,N/A,N/A,N/A,N/A,Malady's Kiss III,great-sword,Upgrade,Vaal Hazak Fang+,2,Great Girros Fang+,5.0,Great Girros Hood+,3.0,Bird Wyvern Gem,1.0,great-sword,False,80,60,60,100,70,30,0
55,2021,Naaga Guillotine I,great-sword,Malady's Kiss III,N/A,9,960,20,N/A,False,Paralysis,480.0,N/A,N/A,N/A,0,0,0,N/A,N/A,N/A,N/A,N/A,N/A,N/A,N/A,Naaga Guillotine I,great-sword,Upgrade,Great Girros Hardfang,2,Great Girros Lash,1.0,Ultraplegia Sac,2.0,Tough Claw,2.0,great-sword,False,70,60,60,100,80,30,0
56,2022,Naaga Guillotine II,great-sword,Naaga Guillotine I,N/A,10,1152,25,N/A,False,Paralysis,510.0,N/A,N/A,N/A,0,0,0,N/A,N/A,N/A,N/A,N/A,N/A,N/A,N/A,Naaga Guillotine II,great-sword,Upgrade,Odogaron Hardfang,2,Great Girros Shard,4.0,Great Girros Hardhood,2.0,Fey Wyvern Gem,1.0,great-sword,False,70,60,60,100,80,30,0
57,2023,Hidden Blade I,great-sword,Naaga Guillotine I,N/A,10,1008,20,N/A,True,Poison,480.0,N/A,N/A,N/A,0,0,0,N/A,N/A,N/A,N/A,N/A,N/A,N/A,N/A,Hidden Blade I,great-sword,Upgrade,Nargacuga Hardfang,2,Nargacuga Shard,3.0,Nargacuga Tailspear,2.0,Meldspar Ore,1.0,great-sword,False,100,80,30,30,80,80,0
58,2024,Hidden Blade II,great-sword,Hidden Blade I,N/A,10,1152,25,N/A,True,Poison,660.0,N/A,N/A,N/A,1,0,0,N/A,N/A,N/A,N/A,N/A,N/A,N/A,N/A,Hidden Blade II,great-sword,Upgrade,Fulgur Anjanath Hardfang,2,Nargacuga Cutwing+,3.0,Nargacuga Lash,2.0,Nargacuga Mantle,1.0,great-sword,False,140,20,20,70,40,30,80
59,31,Lava Blaze I,great-sword,Malady's Kiss I,N/A,6,768,0,N/A,False,Fire,270.0,N/A,N/A,N/A,2,1,0,N/A,N/A,N/A,N/A,N/A,N/A,N/A,N/A,Lava Blaze I,great-sword,Upgrade,Lavasioth Fin+,2,Lavasioth Fang+,2.0,Lavasioth Scale+,4.0,N/A,N/A,great-sword,False,100,50,50,80,70,0,0
60,32,Lava Blaze II,great-sword,Lava Blaze I,N/A,7,864,0,N/A,False,Fire,330.0,N/A,N/A,N/A,2,2,0,N/A,N/A,N/A,N/A,N/A,N/A,N/A,N/A,Lava Blaze II,great-sword,Upgrade,Teostra Mane,2,Lavasioth Fin+,3.0,Lavasioth Fang+,3.0,Wyvern Gem,1.0,great-sword,False,90,60,60,100,60,30,0
61,2025,Pyre Cleaver I,great-sword,Lava Blaze II,N/A,10,1104,0,N/A,False,Fire,630.0,N/A,N/A,N/A,4,2,0,N/A,N/A,N/A,N/A,N/A,N/A,N/A,N/A,Pyre Cleaver I,great-sword,Upgrade,Lavasioth Grandfin,1,Lavasioth Hardfang,2.0,Lavasioth Shard,3.0,Barnos Hardclaw,2.0,great-sword,False,100,100,40,50,70,40,0
62,2026,Pyre Cleaver II,great-sword,Pyre Cleaver I,N/A,10,1200,0,N/A,False,Fire,660.0,N/A,N/A,N/A,4,2,0,N/A,N/A,N/A,N/A,N/A,N/A,N/A,N/A,Pyre Cleaver II,great-sword,Upgrade,Azure Rathalos Cortex,2,Lavasioth Grandfin,2.0,Lavasioth Hardfang,2.0,Monster Solidbone,3.0,great-sword,False,100,100,40,50,70,40,0
63,2027,Glavenus Blaze I,great-sword,Lava Blaze II,N/A,10,1104,0,N/A,False,Fire,420.0,N/A,N/A,N/A,1,0,0,N/A,N/A,N/A,N/A,N/A,N/A,N/A,N/A,Glavenus Blaze I,great-sword,Upgrade,Glavenus Hardfang,2,Glavenus Shard,4.0,Molten Bursa,2.0,Eltalite Ore,6.0,great-sword,False,100,80,30,30,80,80,0
64,2028,Glavenus Blaze II,great-sword,Glavenus Blaze I,N/A,10,1200,0,N/A,False,Fire,450.0,N/A,N/A,N/A,1,1,0,N/A,N/A,N/A,N/A,N/A,N/A,N/A,N/A,Glavenus Blaze II,great-sword,Upgrade,Ebony Odogaron Hardfang,2,Glavenus Hellshell,3.0,Glavenus Tailedge,2.0,Glavenus Mantle,1.0,great-sword,False,130,30,30,60,50,70,30
65,33,Blooming Blade I,great-sword,Buster Sword II,N/A,2,528,0,N/A,False,Poison,240.0,N/A,N/A,N/A,0,0,0,N/A,N/A,N/A,N/A,N/A,N/A,N/A,N/A,Blooming Blade I,great-sword,Upgrade,Pukei-Pukei Quill,2,Pukei-Pukei Scale,3.0,Poison Sac,1.0,N/A,N/A,great-sword,False,60,70,30,90,0,0,0
66,34,Blooming Blade II,great-sword,Blooming Blade I,N/A,3,576,0,N/A,False,Poison,300.0,N/A,N/A,N/A,0,0,0,N/A,N/A,N/A,N/A,N/A,N/A,N/A,N/A,Blooming Blade II,great-sword,Upgrade,Coral Crystal,3,Pukei-Pukei Sac,2.0,Pukei-Pukei Shell,3.0,Pukei-Pukei Tail,1.0,great-sword,False,70,50,80,100,0,0,0
67,35,Blooming Blade III,great-sword,Blooming Blade II,N/A,4,624,0,N/A,False,Poison,360.0,N/A,N/A,N/A,0,0,0,N/A,N/A,N/A,N/A,N/A,N/A,N/A,N/A,Blooming Blade III,great-sword,Upgrade,Monster Bone+,2,Pukei-Pukei Quill,4.0,Pukei-Pukei Sac,2.0,Poison Sac,2.0,great-sword,False,60,50,80,110,0,0,0
68,36,Datura Blaze I,great-sword,Blooming Blade III,N/A,5,720,0,N/A,False,Poison,420.0,N/A,N/A,N/A,1,1,0,N/A,N/A,N/A,N/A,N/A,N/A,N/A,N/A,Datura Blaze I,great-sword,Upgrade,Pukei-Pukei Scale+,3,Pukei-Pukei Wing,2.0,Toxin Sac,2.0,Quality Bone,3.0,great-sword,False,110,50,50,80,60,0,0
69,37,Datura Blaze II,great-sword,Datura Blaze I,N/A,6,768,0,N/A,False,Poison,480.0,N/A,N/A,N/A,1,1,0,N/A,N/A,N/A,N/A,N/A,N/A,N/A,N/A,Datura Blaze II,great-sword,Upgrade,Monster Hardbone,3,Pukei-Pukei Wing,3.0,Pukei-Pukei Carapace,5.0,Toxin Sac,2.0,great-sword,False,100,50,50,80,70,0,0
70,38,Datura Blaze III,great-sword,Datura Blaze II,N/A,6,816,0,N/A,False,Poison,540.0,N/A,N/A,N/A,2,1,0,N/A,N/A,N/A,N/A,N/A,N/A,N/A,N/A,Datura Blaze III,great-sword,Upgrade,Vaal Hazak Wing,2,Pukei-Pukei Sac+,4.0,Pukei-Pukei Wing,6.0,Bird Wyvern Gem,1.0,great-sword,False,110,120,40,50,80,0,0
71,2029,Datura Hellspine I,great-sword,Datura Blaze III,N/A,9,960,0,N/A,False,Poison,600.0,N/A,N/A,N/A,2,1,0,N/A,N/A,N/A,N/A,N/A,N/A,N/A,N/A,Datura Hellspine I,great-sword,Create,Pukei-Pukei Shard,6,Pukei-Pukei Fellwing,4.0,Deadly Poison Sac,4.0,Fey Wyvern Gem,1.0,great-sword,False,70,80,30,30,80,110,0
72,2029,Datura Hellspine I,great-sword,Datura Blaze III,N/A,9,960,0,N/A,False,Poison,600.0,N/A,N/A,N/A,2,1,0,N/A,N/A,N/A,N/A,N/A,N/A,N/A,N/A,Datura Hellspine I,great-sword,Upgrade,Pukei-Pukei Shard,3,Pukei-Pukei Fellwing,2.0,Deadly Poison Sac,2.0,Monster Toughbone,2.0,great-sword,False,70,80,30,30,80,110,0
73,2030,Datura Hellspine II,great-sword,Datura Hellspine I,N/A,10,1152,0,N/A,False,Poison,660.0,N/A,N/A,N/A,2,1,0,N/A,N/A,N/A,N/A,N/A,N/A,N/A,N/A,Datura Hellspine II,great-sword,Upgrade,Monster Slogbone,3,Rathian Surspike,2.0,Large Pukei-Pukei Sac,1.0,Pukei-Pukei Lash,1.0,great-sword,False,120,30,30,60,50,60,50
74,2031,Nyx Razor I,great-sword,Datura Hellspine I,N/A,9,1056,0,N/A,False,Sleep,510.0,N/A,N/A,N/A,2,0,0,N/A,N/A,N/A,N/A,N/A,N/A,N/A,N/A,Nyx Razor I,great-sword,Upgrade,Nightshade Paolumu Thickfur,3,Paolumu Cortex,2.0,Nightshade Paolumu Fellwing,2.0,Torpor Sac,1.0,great-sword,False,70,80,30,30,80,110,0
75,2032,Nyx Razor II,great-sword,Nyx Razor I,N/A,10,1152,0,N/A,False,Sleep,540.0,N/A,N/A,N/A,2,0,0,N/A,N/A,N/A,N/A,N/A,N/A,N/A,N/A,Nyx Razor II,great-sword,Upgrade,Black Diablos Chine,2,Nightshade Paolumu Shard,5.0,Nightshade Paolumu Fellwing,3.0,Large Wyvern Gem,1.0,great-sword,False,50,80,30,30,80,130,0
76,39,Flame Blade I,great-sword,Blooming Blade I,N/A,4,672,10,N/A,False,Fire,120.0,N/A,N/A,N/A,0,0,0,N/A,N/A,N/A,N/A,N/A,N/A,N/A,N/A,Flame Blade I,great-sword,Upgrade,Rathalos Scale,1,Rathalos Webbing,2.0,Flame Sac,2.0,Rathalos Marrow,1.0,great-sword,False,70,50,80,100,0,0,0
77,40,Flame Blade II,great-sword,Flame Blade I,N/A,5,720,10,N/A,False,Fire,150.0,N/A,N/A,N/A,0,0,0,N/A,N/A,N/A,N/A,N/A,N/A,N/A,N/A,Flame Blade II,great-sword,Upgrade,Rathalos Scale,6,Rathalos Tail,2.0,Rathalos Plate,1.0,Inferno Sac,3.0,great-sword,False,100,50,80,100,20,0,0
78,41,Red Wing,great-sword,Flame Blade II,N/A,6,768,15,N/A,False,Fire,180.0,N/A,N/A,N/A,1,0,0,N/A,N/A,N/A,N/A,N/A,N/A,N/A,N/A,Red Wing,great-sword,Upgrade,Rathalos Scale+,6,Rathalos Carapace,4.0,Rathalos Wing,2.0,Rathalos Medulla,1.0,great-sword,False,100,50,50,80,70,0,0
79,42,Blue Wing,great-sword,Red Wing,N/A,7,816,15,N/A,False,Fire,210.0,N/A,N/A,N/A,1,0,0,N/A,N/A,N/A,N/A,N/A,N/A,N/A,N/A,Blue Wing,great-sword,Upgrade,Azure Rathalos Scale+,6,Azure Rathalos Carapace,4.0,Azure Rathalos Wing,3.0,Wyvern Gem,1.0,great-sword,False,110,120,40,50,80,0,0
80,43,Rathalos Glinsword,great-sword,Blue Wing,N/A,8,912,15,N/A,False,Fire,240.0,N/A,N/A,N/A,1,0,0,N/A,N/A,N/A,N/A,N/A,N/A,N/A,N/A,Rathalos Glinsword,great-sword,Upgrade,Teostra Horn+,2,Azure Rathalos Scale+,8.0,Azure Rathalos Tail,3.0,Rathalos Ruby,1.0,great-sword,False,90,60,60,100,60,30,0
81,2033,Rathalos Glinsword+,great-sword,Rathalos Glinsword,N/A,10,1056,15,N/A,False,Fire,300.0,N/A,N/A,N/A,1,0,0,N/A,N/A,N/A,N/A,N/A,N/A,N/A,N/A,Rathalos Glinsword+,great-sword,Upgrade,Rathalos Shard,6,Rathalos Cortex,4.0,Rathalos Fellwing,2.0,Rath Wingtalon+,4.0,great-sword,False,100,100,40,50,60,50,0
82,2034,Rathflame Glinsword,great-sword,Rathalos Glinsword+,N/A,10,1152,20,N/A,False,Fire,330.0,N/A,N/A,N/A,1,0,0,N/A,N/A,N/A,N/A,N/A,N/A,N/A,N/A,Rathflame Glinsword,great-sword,Upgrade,Azure Rathalos Shard,6,Azure Rathalos Cortex,4.0,Azure Rathalos Fellwing,3.0,Rathalos Mantle,1.0,great-sword,False,110,30,30,110,40,80,0
83,2035,Rathalos Gleamsword,great-sword,Rathflame Glinsword,N/A,12,1296,25,N/A,False,Fire,390.0,N/A,N/A,N/A,2,0,0,N/A,N/A,N/A,N/A,N/A,N/A,N/A,N/A,Rathalos Gleamsword,great-sword,Upgrade,Silver Rathalos Shard,8,Silver Rathalos Cortex,4.0,Silver Rathalos Lash,3.0,Rath Gleam,2.0,great-sword,False,130,30,30,60,50,70,30
84,44,Bone Blade I,great-sword,N/A,N/A,1,480,0,N/A,False,N/A,N/A,N/A,N/A,N/A,0,0,0,N/A,N/A,N/A,N/A,N/A,N/A,N/A,N/A,Bone Blade I,great-sword,Create,Monster Bone S,1,N/A,N/A,N/A,N/A,N/A,N/A,great-sword,False,100,60,80,10,0,0,0
85,45,Bone Blade II,great-sword,Bone Blade I,N/A,1,528,0,N/A,False,N/A,N/A,N/A,N/A,N/A,0,0,0,N/A,N/A,N/A,N/A,N/A,N/A,N/A,N/A,Bone Blade II,great-sword,Upgrade,Monster Bone S,2,N/A,N/A,N/A,N/A,N/A,N/A,great-sword,False,90,60,80,20,0,0,0
86,46,Bone Blade III,great-sword,Bone Blade II,N/A,2,576,0,N/A,False,N/A,N/A,N/A,N/A,N/A,0,0,0,N/A,N/A,N/A,N/A,N/A,N/A,N/A,N/A,Bone Blade III,great-sword,Upgrade,Monster Bone M,2,Ancient Bone,1.0,N/A,N/A,N/A,N/A,great-sword,False,90,50,50,60,0,0,0
87,47,Bone Slasher I,great-sword,Bone Blade III,N/A,3,672,0,N/A,False,N/A,N/A,N/A,N/A,N/A,0,0,0,N/A,N/A,N/A,N/A,N/A,N/A,N/A,N/A,Bone Slasher I,great-sword,Upgrade,Monster Bone L,1,Monster Bone M,5.0,Boulder Bone,2.0,N/A,N/A,great-sword,False,130,70,30,70,0,0,0
88,48,Bone Slasher II,great-sword,Bone Slasher I,N/A,4,720,0,N/A,False,N/A,N/A,N/A,N/A,N/A,0,0,0,N/A,N/A,N/A,N/A,N/A,N/A,N/A,N/A,Bone Slasher II,great-sword,Upgrade,Monster Bone+,2,Monster Bone L,1.0,Sturdy Bone,4.0,N/A,N/A,great-sword,False,120,70,30,80,0,0,0
89,49,Bone Slasher III,great-sword,Bone Slasher II,N/A,5,768,0,N/A,True,Ice,180.0,N/A,N/A,N/A,2,0,0,N/A,N/A,N/A,N/A,N/A,N/A,N/A,N/A,Bone Slasher III,great-sword,Upgrade,Monster Keenbone,2,Monster Bone+,2.0,Quality Bone,2.0,N/A,N/A,great-sword,False,120,60,80,80,10,0,0
90,50,Giant Jawblade I,great-sword,Bone Slasher III,N/A,6,816,0,10.0,True,Ice,240.0,N/A,N/A,N/A,2,0,0,N/A,N/A,N/A,N/A,N/A,N/A,N/A,N/A,Giant Jawblade I,great-sword,Create,Monster Hardbone,4,Monster Keenbone,10.0,Brutal Bone,4.0,Dragonbone Relic,1.0,great-sword,False,110,100,40,40,60,0,0
91,50,Giant Jawblade I,great-sword,Bone Slasher III,N/A,6,816,0,10.0,True,Ice,240.0,N/A,N/A,N/A,2,0,0,N/A,N/A,N/A,N/A,N/A,N/A,N/A,N/A,Giant Jawblade I,great-sword,Upgrade,Monster Hardbone,4,Monster Keenbone,6.0,Quality Bone,10.0,N/A,N/A,great-sword,False,110,100,40,40,60,0,0
92,51,Giant Jawblade II,great-sword,Giant Jawblade I,N/A,6,912,0,10.0,True,Ice,300.0,N/A,N/A,N/A,3,0,0,N/A,N/A,N/A,N/A,N/A,N/A,N/A,N/A,Giant Jawblade II,great-sword,Upgrade,Elder Dragon Bone,4,Monster Hardbone,6.0,Quality Bone,20.0,Dragonbone Relic,1.0,great-sword,False,110,120,40,50,80,0,0
93,2036,Ogre's Jaw I,great-sword,Giant Jawblade II,N/A,9,1104,0,35.0,True,Ice,390.0,N/A,N/A,N/A,3,0,0,N/A,N/A,N/A,N/A,N/A,N/A,N/A,N/A,Ogre's Jaw I,great-sword,Create,Thick Bone,6,Quality Bone,8.0,Monster Toughbone,4.0,Dragonbone Artifact,1.0,great-sword,False,110,100,40,50,50,50,0
94,2036,Ogre's Jaw I,great-sword,Giant Jawblade II,N/A,9,1104,0,35.0,True,Ice,390.0,N/A,N/A,N/A,3,0,0,N/A,N/A,N/A,N/A,N/A,N/A,N/A,N/A,Ogre's Jaw I,great-sword,Upgrade,Thick Bone,2,Quality Bone,4.0,Monster Hardbone,4.0,Frozen Bone,1.0,great-sword,False,110,100,40,50,50,50,0
95,2037,Ogre's Jaw II,great-sword,Ogre's Jaw I,N/A,10,1200,0,35.0,True,Ice,420.0,N/A,N/A,N/A,3,0,0,N/A,N/A,N/A,N/A,N/A,N/A,N/A,N/A,Ogre's Jaw II,great-sword,Upgrade,Monster Solidbone,2,Monster Slogbone,3.0,Thick Bone,4.0,Monster Essence,2.0,great-sword,False,100,100,40,50,60,50,0
96,2038,Ogre's Jaw III,great-sword,Ogre's Jaw II,N/A,11,1344,0,35.0,True,Ice,480.0,N/A,N/A,N/A,3,0,0,N/A,N/A,N/A,N/A,N/A,N/A,N/A,N/A,Ogre's Jaw III,great-sword,Upgrade,Large Elder Dragon Bone,3,Monster Solidbone,4.0,Thick Bone,6.0,Dragonbone Artifact,1.0,great-sword,False,90,100,40,50,70,50,0
97,2039,Icewing,great-sword,Ogre's Jaw II,N/A,11,1248,0,N/A,False,Ice,330.0,N/A,N/A,N/A,4,0,0,N/A,N/A,N/A,N/A,N/A,N/A,N/A,N/A,Icewing,great-sword,Upgrade,Crystal Shard,4,Velkhana Hardclaw,2.0,Velkhana Lash,2.0,Purecrystal,1.0,great-sword,False,150,30,30,60,50,30,50
98,2040,Winged Seraphyd,great-sword,Icewing,N/A,12,1296,0,N/A,False,Ice,450.0,N/A,N/A,N/A,4,0,0,N/A,N/A,N/A,N/A,N/A,N/A,N/A,N/A,Winged Seraphyd,great-sword,Upgrade,Shara Ishvalda Tenderclaw,3,Velkhana Crownhorn,4.0,Velkhana Hardclaw,4.0,Velkhana Crystal,1.0,great-sword,False,140,30,30,60,50,40,50
99,2041,Tiger Jawblade,great-sword,Ogre's Jaw I,N/A,10,1200,-20,N/A,True,Blast,390.0,N/A,N/A,N/A,0,0,0,N/A,N/A,N/A,N/A,N/A,N/A,N/A,N/A,Tiger Jawblade,great-sword,Upgrade,Tigrex Hardclaw,3,Tigrex Shard,4.0,Monster Slogbone,3.0,Thick Bone,5.0,great-sword,False,90,30,30,110,40,100,0
100,2042,Tiger Jawblade+,great-sword,Tiger Jawblade,N/A,10,1248,-20,N/A,True,Blast,420.0,N/A,N/A,N/A,0,0,0,N/A,N/A,N/A,N/A,N/A,N/A,N/A,N/A,Tiger Jawblade+,great-sword,Upgrade,Blackcurl Stouthorn,1,Tigrex Hardfang,3.0,Tigrex Lash,2.0,Tigrex Mantle,1.0,great-sword,False,80,30,30,110,40,110,0
101,2043,Tigrex Great Sword,great-sword,Tiger Jawblade+,N/A,11,1344,-20,N/A,True,Blast,450.0,N/A,N/A,N/A,0,0,0,N/A,N/A,N/A,N/A,N/A,N/A,N/A,N/A,Tigrex Great Sword,great-sword,Upgrade,Daora Hardclaw,2,Tigrex Hardfang,2.0,Tigrex Cortex,4.0,Pure Dragon Blood,5.0,great-sword,False,70,30,30,110,40,120,0
102,2044,Accursed Blade,great-sword,Tiger Jawblade,N/A,11,1344,-30,N/A,True,Sleep,330.0,N/A,N/A,N/A,0,0,0,N/A,N/A,N/A,N/A,N/A,N/A,N/A,N/A,Accursed Blade,great-sword,Upgrade,Brute Tigrex Hardclaw,3,Brute Tigrex Shard,5.0,Brute Tigrex Hardfang,2.0,Large Wyvern Gem,1.0,great-sword,False,100,20,30,90,90,30,40
103,2045,Wildbite,great-sword,Accursed Blade,N/A,12,1392,-30,N/A,True,Sleep,390.0,N/A,N/A,N/A,0,0,0,N/A,N/A,N/A,N/A,N/A,N/A,N/A,N/A,Wildbite,great-sword,Upgrade,Tempered Ebonjaw,5,Brute Tigrex Hardclaw,4.0,Brute Tigrex Hardfang,3.0,Tigrex Mantle,1.0,great-sword,False,90,20,30,90,90,40,40
104,52,Hazak Kys,great-sword,Giant Jawblade I,N/A,7,912,0,N/A,False,Dragon,300.0,N/A,N/A,average,2,0,0,N/A,N/A,N/A,N/A,N/A,N/A,N/A,N/A,Hazak Kys,great-sword,Upgrade,Vaal Hazak Talon,4,Vaal Hazak Fang+,5.0,Deceased Scale,6.0,Vaal Hazak Membrane,4.0,great-sword,False,110,60,80,80,50,20,0
105,53,Leviathan's Fury,great-sword,Hazak Kys,N/A,8,960,0,N/A,False,Dragon,300.0,N/A,N/A,average,2,0,0,N/A,N/A,N/A,N/A,N/A,N/A,N/A,N/A,Leviathan's Fury,great-sword,Upgrade,Xeno'jiiva Veil,3,Vaal Hazak Talon,6.0,Vaal Hazak Tail,2.0,Vaal Hazak Gem,1.0,great-sword,False,200,70,20,20,50,40,0
106,2046,Monstrous Madness,great-sword,Leviathan's Fury,N/A,11,1104,0,N/A,False,Dragon,420.0,N/A,N/A,average,2,2,0,N/A,N/A,N/A,N/A,N/A,N/A,N/A,N/A,Monstrous Madness,great-sword,Upgrade,Vaal Hazak Hardclaw,3,Shadowpierce Fang,2.0,Deceased Shard,5.0,Deathweaver Membrane,3.0,great-sword,False,80,80,30,30,80,100,0
107,2047,Don Monstro,great-sword,Monstrous Madness,N/A,12,1200,0,N/A,False,Dragon,570.0,N/A,N/A,average,2,2,0,N/A,N/A,N/A,N/A,N/A,N/A,N/A,N/A,Don Monstro,great-sword,Upgrade,Shara Ishvalda Tenderclaw,2,Vaal Hazak Hardclaw,5.0,Vaal Hazak Flail,2.0,Large Elder Dragon Gem,1.0,great-sword,False,70,80,30,30,80,110,0
108,54,Flammenzahn,great-sword,Bone Blade III,N/A,3,720,-30,N/A,False,Fire,240.0,N/A,N/A,N/A,0,0,0,N/A,N/A,N/A,N/A,N/A,N/A,N/A,N/A,Flammenzahn,great-sword,Upgrade,Anjanath Fang,3,Anjanath Scale,3.0,Anjanath Pelt,2.0,Flame Sac,2.0,great-sword,False,120,70,30,80,0,0,0
109,55,Flammenzahn+,great-sword,Flammenzahn,N/A,5,864,-30,N/A,False,Fire,300.0,N/A,N/A,N/A,0,0,0,N/A,N/A,N/A,N/A,N/A,N/A,N/A,N/A,Flammenzahn+,great-sword,Upgrade,Anjanath Fang+,4,Anjanath Scale+,5.0,Inferno Sac,3.0,Anjanath Plate,1.0,great-sword,False,110,100,40,40,60,0,0
110,56,Gnashing Flammenzahn,great-sword,Flammenzahn+,N/A,7,1008,-30,N/A,False,Fire,480.0,N/A,N/A,N/A,0,0,0,N/A,N/A,N/A,N/A,N/A,N/A,N/A,N/A,Gnashing Flammenzahn,great-sword,Upgrade,Vaal Hazak Fang+,5,Anjanath Pelt+,4.0,Anjanath Nosebone+,2.0,Anjanath Gem,1.0,great-sword,False,120,120,40,50,70,0,0
111,2048,Gnashing Flammenzahn+,great-sword,Gnashing Flammenzahn,N/A,9,1104,-30,N/A,False,Fire,600.0,N/A,N/A,N/A,0,0,0,N/A,N/A,N/A,N/A,N/A,N/A,N/A,N/A,Gnashing Flammenzahn+,great-sword,Create,Anjanath Hardfang,2,Anjanath Lash,2.0,Anjanath Shard,6.0,Anjanath Mantle,1.0,great-sword,False,80,100,40,50,80,50,0
112,2048,Gnashing Flammenzahn+,great-sword,Gnashing Flammenzahn,N/A,9,1104,-30,N/A,False,Fire,600.0,N/A,N/A,N/A,0,0,0,N/A,N/A,N/A,N/A,N/A,N/A,N/A,N/A,Gnashing Flammenzahn+,great-sword,Upgrade,Anjanath Hardfang,1,Anjanath Shard,2.0,Conflagrant Sac,1.0,Eltalite Ore,3.0,great-sword,False,80,100,40,50,80,50,0
113,2049,Lohenzahn,great-sword,Gnashing Flammenzahn+,N/A,10,1296,-30,N/A,False,Fire,720.0,N/A,N/A,N/A,0,0,0,N/A,N/A,N/A,N/A,N/A,N/A,N/A,N/A,Lohenzahn,great-sword,Upgrade,Azure Rathalos Cortex,2,Anjanath Fur,3.0,Heavy Anjanath Nosebone,2.0,Anjanath Lash,1.0,great-sword,False,80,100,40,50,80,50,0
114,2050,Donnerzahn,great-sword,Gnashing Flammenzahn+,N/A,10,1152,10,N/A,False,Thunder,300.0,N/A,N/A,N/A,0,0,0,N/A,N/A,N/A,N/A,N/A,N/A,N/A,N/A,Donnerzahn,great-sword,Upgrade,Fulgur Anjanath Hardfang,1,Fulgur Anjanath Shard,2.0,Monster Solidbone,3.0,Meldspar Ore,2.0,great-sword,False,80,100,40,50,80,50,0
115,2051,Donnerzahn+,great-sword,Donnerzahn,N/A,10,1200,20,N/A,False,Thunder,330.0,N/A,N/A,N/A,0,0,0,N/A,N/A,N/A,N/A,N/A,N/A,N/A,N/A,Donnerzahn+,great-sword,Upgrade,Fulgur Anjanath Thickfur,3,Heavy Fulgur Anjanath Nosebone,2.0,Fulgur Anjanath Lash,1.0,Lightning Sac,3.0,great-sword,False,80,100,40,50,80,50,0
116,2052,Fulguration's Edge,great-sword,Donnerzahn+,N/A,11,1248,25,N/A,False,Thunder,360.0,N/A,N/A,N/A,0,0,0,N/A,N/A,N/A,N/A,N/A,N/A,N/A,N/A,Fulguration's Edge,great-sword,Upgrade,Kirin Silvermane,2,Fulgur Anjanath Hardfang,3.0,Fulgur Anjanath Thickfur,5.0,Fulgur Anjanath Mantle,1.0,great-sword,False,80,100,40,50,80,50,0
117,57,Aqua Slasher I,great-sword,Bone Blade II,N/A,2,576,0,N/A,False,Water,120.0,N/A,N/A,N/A,0,0,0,N/A,N/A,N/A,N/A,N/A,N/A,N/A,N/A,Aqua Slasher I,great-sword,Upgrade,Boulder Bone,2,Jyuratodus Shell,1.0,Jyuratodus Scale,3.0,Aqua Sac,1.0,great-sword,False,90,70,30,60,0,0,0
118,58,Aqua Slasher II,great-sword,Aqua Slasher I,N/A,3,624,0,N/A,False,Water,150.0,N/A,N/A,N/A,0,0,0,N/A,N/A,N/A,N/A,N/A,N/A,N/A,N/A,Aqua Slasher II,great-sword,Upgrade,Sturdy Bone,5,Jyuratodus Fin,3.0,Jyuratodus Fang,2.0,Gajau Skin,3.0,great-sword,False,130,70,30,70,0,0,0
119,59,Aqua Slasher III,great-sword,Aqua Slasher II,N/A,4,672,0,N/A,False,Water,180.0,N/A,N/A,N/A,0,0,0,N/A,N/A,N/A,N/A,N/A,N/A,N/A,N/A,Aqua Slasher III,great-sword,Upgrade,Monster Bone+,2,Jyuratodus Fang,4.0,Coral Bone,2.0,Gajau Whisker,3.0,great-sword,False,120,70,30,80,0,0,0
120,60,Water Golem I,great-sword,Aqua Slasher III,N/A,5,768,0,N/A,False,Water,240.0,N/A,N/A,N/A,2,0,0,N/A,N/A,N/A,N/A,N/A,N/A,N/A,N/A,Water Golem I,great-sword,Create,Monster Keenbone,5,Jyuratodus Fin+,3.0,Torrent Sac,2.0,Wyvern Gem,1.0,great-sword,False,140,70,30,100,10,0,0
121,60,Water Golem I,great-sword,Aqua Slasher III,N/A,5,768,0,N/A,False,Water,240.0,N/A,N/A,N/A,2,0,0,N/A,N/A,N/A,N/A,N/A,N/A,N/A,N/A,Water Golem I,great-sword,Upgrade,Quality Bone,5,Jyuratodus Carapace,2.0,Jyuratodus Scale+,3.0,Gajau Scale,5.0,great-sword,False,140,70,30,100,10,0,0
122,61,Water Golem II,great-sword,Water Golem I,N/A,6,816,0,N/A,False,Water,270.0,N/A,N/A,N/A,2,0,0,N/A,N/A,N/A,N/A,N/A,N/A,N/A,N/A,Water Golem II,great-sword,Upgrade,Monster Hardbone,3,Jyuratodus Fin+,4.0,Torrent Sac,3.0,Grand Gajau Whisker,3.0,great-sword,False,130,70,30,100,20,0,0
123,62,Water Golem III,great-sword,Water Golem II,N/A,6,912,0,N/A,False,Water,300.0,N/A,N/A,N/A,2,0,0,N/A,N/A,N/A,N/A,N/A,N/A,N/A,N/A,Water Golem III,great-sword,Upgrade,Elder Dragon Bone,4,Jyuratodus Fin+,6.0,Jyuratodus Fang+,5.0,Wyvern Gem,1.0,great-sword,False,190,70,20,50,30,40,0
124,2053,Water Golem IV,great-sword,Water Golem III,N/A,9,1008,0,N/A,False,Water,360.0,N/A,N/A,N/A,2,0,0,N/A,N/A,N/A,N/A,N/A,N/A,N/A,N/A,Water Golem IV,great-sword,Upgrade,Jyuratodus Grandfin,1,Jyuratodus Hardfang,1.0,Jyuratodus Shard,3.0,Gajau Thickhide,2.0,great-sword,False,100,30,30,110,40,90,0
125,2054,Laguna Golem I,great-sword,Water Golem IV,N/A,9,1056,0,N/A,False,Water,480.0,N/A,N/A,N/A,2,1,0,N/A,N/A,N/A,N/A,N/A,N/A,N/A,N/A,Laguna Golem I,great-sword,Upgrade,Coral Pukei-Pukei Shard,3,Coral Pukei-Pukei Fellwing,2.0,Flood Sac,2.0,Bathycite Ore,2.0,great-sword,False,80,30,30,110,40,110,0
126,2055,Laguna Golem II,great-sword,Laguna Golem I,N/A,10,1152,0,N/A,False,Water,510.0,N/A,N/A,N/A,2,1,0,N/A,N/A,N/A,N/A,N/A,N/A,N/A,N/A,Laguna Golem II,great-sword,Upgrade,Acidic Glavenus Hardfang,2,Monster Solidbone,3.0,Large Coral Pukei-Pukei Sac,1.0,Coral Pukei-Pukei Lash,1.0,great-sword,False,120,30,30,60,50,60,50
127,2056,Beo Slasher I,great-sword,Water Golem III,N/A,9,1008,0,N/A,False,Ice,390.0,N/A,N/A,N/A,2,1,0,N/A,N/A,N/A,N/A,N/A,N/A,N/A,N/A,Beo Slasher I,great-sword,Create,Beotodus Grandfin,2,Beotodus Hardhorn,2.0,Beotodus Shard,6.0,Frozen Bone,3.0,great-sword,False,90,30,30,110,40,100,0
128,2056,Beo Slasher I,great-sword,Water Golem III,N/A,9,1008,0,N/A,False,Ice,390.0,N/A,N/A,N/A,2,1,0,N/A,N/A,N/A,N/A,N/A,N/A,N/A,N/A,Beo Slasher I,great-sword,Upgrade,Beotodus Grandfin,1,Beotodus Hardhorn,1.0,Beotodus Shard,3.0,Frozen Bone,1.0,great-sword,False,90,30,30,110,40,100,0
129,2057,Beo Slasher II,great-sword,Beo Slasher I,N/A,10,1200,0,N/A,False,Ice,480.0,N/A,N/A,N/A,2,1,0,N/A,N/A,N/A,N/A,N/A,N/A,N/A,N/A,Beo Slasher II,great-sword,Upgrade,Rimed Hide,2,Beotodus Grandfin,2.0,Cryo Sac,2.0,Large Wyvern Gem,1.0,great-sword,False,60,30,30,110,40,130,0
130,63,Carapace Buster I,great-sword,Bone Blade II,N/A,2,624,-20,10.0,False,N/A,N/A,N/A,N/A,N/A,0,0,0,N/A,N/A,N/A,N/A,N/A,N/A,N/A,N/A,Carapace Buster I,great-sword,Upgrade,Barroth Claw,1,Barroth Shell,3.0,Barroth Ridge,2.0,N/A,N/A,great-sword,False,80,70,30,70,0,0,0
131,64,Carapace Buster II,great-sword,Carapace Buster I,N/A,3,672,-20,10.0,False,N/A,N/A,N/A,N/A,N/A,0,0,0,N/A,N/A,N/A,N/A,N/A,N/A,N/A,N/A,Carapace Buster II,great-sword,Upgrade,Dragonite Ore,3,Barroth Claw,2.0,Barroth Tail,1.0,Kestodon Shell,3.0,great-sword,False,120,70,30,80,0,0,0
132,65,Carapace Buster III,great-sword,Carapace Buster II,N/A,4,720,-20,10.0,False,N/A,N/A,N/A,N/A,N/A,0,0,0,N/A,N/A,N/A,N/A,N/A,N/A,N/A,N/A,Carapace Buster III,great-sword,Upgrade,Diablos Shell,3,Barroth Claw,4.0,Barroth Scalp,2.0,Monster Bone+,3.0,great-sword,False,110,70,30,90,0,0,0
133,66,Barroth Shredder I,great-sword,Carapace Buster III,N/A,5,816,-20,15.0,True,Paralysis,270.0,N/A,N/A,N/A,1,0,0,N/A,N/A,N/A,N/A,N/A,N/A,N/A,N/A,Barroth Shredder I,great-sword,Upgrade,Barroth Claw+,2,Barroth Carapace,3.0,Barroth Ridge+,2.0,Kestodon Carapace,5.0,great-sword,False,110,100,40,40,60,0,0
134,67,Barroth Shredder II,great-sword,Barroth Shredder I,N/A,6,864,-20,15.0,True,Paralysis,330.0,N/A,N/A,N/A,1,1,0,N/A,N/A,N/A,N/A,N/A,N/A,N/A,N/A,Barroth Shredder II,great-sword,Upgrade,Diablos Carapace,3,Barroth Claw+,4.0,Barroth Carapace,3.0,Gastodon Carapace,5.0,great-sword,False,100,100,40,40,70,0,0
135,68,Barroth Shredder III,great-sword,Barroth Shredder II,N/A,6,960,-20,15.0,True,Paralysis,390.0,N/A,N/A,N/A,2,1,0,N/A,N/A,N/A,N/A,N/A,N/A,N/A,N/A,Barroth Shredder III,great-sword,Upgrade,Nergigante Horn+,1,Barroth Claw+,5.0,Barroth Ridge+,5.0,Wyvern Gem,1.0,great-sword,False,110,120,40,50,80,0,0
136,2058,Barroth Greatedge I,great-sword,Barroth Shredder III,N/A,9,1152,-20,25.0,True,Paralysis,450.0,N/A,N/A,N/A,2,2,0,N/A,N/A,N/A,N/A,N/A,N/A,N/A,N/A,Barroth Greatedge I,great-sword,Create,Barroth Hardclaw,2,Barroth Crown,2.0,Barroth Chine,4.0,Large Wyvern Gem,1.0,great-sword,False,130,100,30,30,80,30,0
137,2058,Barroth Greatedge I,great-sword,Barroth Shredder III,N/A,9,1152,-20,25.0,True,Paralysis,450.0,N/A,N/A,N/A,2,2,0,N/A,N/A,N/A,N/A,N/A,N/A,N/A,N/A,Barroth Greatedge I,great-sword,Upgrade,Barroth Hardclaw,1,Barroth Cortex,2.0,Barroth Chine,2.0,Kestodon Husk,2.0,great-sword,False,130,100,30,30,80,30,0
138,2059,Barroth Greatedge II,great-sword,Barroth Greatedge I,N/A,10,1296,-20,25.0,True,Paralysis,600.0,N/A,N/A,N/A,2,2,0,N/A,N/A,N/A,N/A,N/A,N/A,N/A,N/A,Barroth Greatedge II,great-sword,Upgrade,Diablos Cortex,2,Barroth Hardclaw,2.0,Barroth Crown,1.0,Monster Slogbone,3.0,great-sword,False,70,60,60,100,80,30,0
139,2060,Acid Shredder I,great-sword,Barroth Greatedge I,N/A,10,1296,0,N/A,True,Paralysis,390.0,N/A,N/A,N/A,4,0,0,N/A,N/A,N/A,N/A,N/A,N/A,N/A,N/A,Acid Shredder I,great-sword,Upgrade,Acidic Glavenus Hardfang,2,Acidic Glavenus Spineshell,2.0,Acidic Glavenus Tailedge,2.0,Honed Acidcryst,4.0,great-sword,False,160,100,30,30,50,30,0
140,2061,Acid Shredder II,great-sword,Acid Shredder I,N/A,11,1392,0,N/A,True,Paralysis,420.0,N/A,N/A,N/A,4,0,0,N/A,N/A,N/A,N/A,N/A,N/A,N/A,N/A,Acid Shredder II,great-sword,Upgrade,Vaal Hazak Hardclaw,2,Acidic Glavenus Hardfang,4.0,Acidic Glavenus Spineshell,3.0,Glavenus Mantle,1.0,great-sword,False,60,50,110,90,60,20,10
141,69,Spiked Blade I,great-sword,Carapace Buster I,N/A,3,624,0,15.0,False,Sleep,150.0,N/A,N/A,N/A,0,0,0,N/A,N/A,N/A,N/A,N/A,N/A,N/A,N/A,Spiked Blade I,great-sword,Upgrade,Wyvern Bonemass,2,Radobaan Scale,4.0,Sleep Sac,2.0,N/A,N/A,great-sword,False,120,70,30,80,0,0,0
142,70,Spiked Blade II,great-sword,Spiked Blade I,N/A,4,672,0,15.0,False,Sleep,180.0,N/A,N/A,N/A,0,0,0,N/A,N/A,N/A,N/A,N/A,N/A,N/A,N/A,Spiked Blade II,great-sword,Upgrade,Monster Bone+,3,Wyvern Bonemass,3.0,Radobaan Oilshell,2.0,Radobaan Marrow,1.0,great-sword,False,110,70,30,90,0,0,0
143,71,Radobaan Slab I,great-sword,Spiked Blade II,N/A,5,768,0,20.0,False,Sleep,210.0,N/A,N/A,N/A,0,0,0,N/A,N/A,N/A,N/A,N/A,N/A,N/A,N/A,Radobaan Slab I,great-sword,Create,Radobaan Shard,3,Torpor Sac,2.0,Radobaan Carapace,4.0,Dragonbone Relic,1.0,great-sword,False,140,70,30,100,10,0,0
144,71,Radobaan Slab I,great-sword,Spiked Blade II,N/A,5,768,0,20.0,False,Sleep,210.0,N/A,N/A,N/A,0,0,0,N/A,N/A,N/A,N/A,N/A,N/A,N/A,N/A,Radobaan Slab I,great-sword,Upgrade,Radobaan Carapace,4,Radobaan Oilshell,3.0,Coma Sac,2.0,Monster Keenbone,3.0,great-sword,False,140,70,30,100,10,0,0
145,72,Radobaan Slab II,great-sword,Radobaan Slab I,N/A,6,816,0,20.0,False,Sleep,240.0,N/A,N/A,N/A,0,0,0,N/A,N/A,N/A,N/A,N/A,N/A,N/A,N/A,Radobaan Slab II,great-sword,Upgrade,Monster Hardbone,5,Radobaan Scale+,8.0,Coma Sac,3.0,Radobaan Medulla,1.0,great-sword,False,110,100,40,40,60,0,0
146,73,Radobaan Slab III,great-sword,Radobaan Slab II,N/A,6,912,0,20.0,False,Sleep,270.0,N/A,N/A,N/A,0,0,0,N/A,N/A,N/A,N/A,N/A,N/A,N/A,N/A,Radobaan Slab III,great-sword,Upgrade,Elder Dragon Bone,5,Radobaan Carapace,6.0,Coma Sac,4.0,Wyvern Gem,1.0,great-sword,False,110,120,40,50,80,0,0
147,2062,Radobaan Grindblade I,great-sword,Radobaan Slab III,N/A,9,1056,0,35.0,False,Sleep,330.0,N/A,N/A,N/A,0,0,0,N/A,N/A,N/A,N/A,N/A,N/A,N/A,N/A,Radobaan Grindblade I,great-sword,Upgrade,Radobaan Cortex,2,Radobaan Shard,2.0,Torpor Sac,1.0,Monster Toughbone,3.0,great-sword,False,110,30,30,110,40,80,0
148,2063,Radobaan Grindblade II,great-sword,Radobaan Grindblade I,N/A,10,1200,0,35.0,False,Sleep,390.0,N/A,N/A,N/A,0,0,0,N/A,N/A,N/A,N/A,N/A,N/A,N/A,N/A,Radobaan Grindblade II,great-sword,Upgrade,Monster Solidbone,3,Large Wyvern Bonemass,3.0,Radobaan Oilshell+,2.0,Thick Bone,5.0,great-sword,False,110,30,30,110,40,80,0
149,2064,Dios Blade,great-sword,Radobaan Grindblade I,N/A,10,1056,0,N/A,False,Blast,360.0,N/A,N/A,N/A,0,0,0,N/A,N/A,N/A,N/A,N/A,N/A,N/A,N/A,Dios Blade,great-sword,Upgrade,Brachydios Crown,2,Brachydios Cortex,4.0,Glowing Slime,3.0,Meldspar Ore,3.0,great-sword,False,100,30,30,110,40,90,0
150,2065,Brach Attack,great-sword,Dios Blade,N/A,11,1200,0,N/A,False,Blast,570.0,N/A,N/A,N/A,1,0,0,N/A,N/A,N/A,N/A,N/A,N/A,N/A,N/A,Brach Attack,great-sword,Upgrade,Distilled Blast Fluid,3,Brachydios Crown,3.0,Fine Brachydios Ebonshell,4.0,Brachydios Pallium,1.0,great-sword,False,90,30,30,110,40,100,0
151,74,Dragonbone Cleaver I,great-sword,N/A,N/A,3,480,0,N/A,False,Dragon,270.0,N/A,N/A,low,0,0,0,N/A,N/A,N/A,N/A,N/A,N/A,N/A,N/A,Dragonbone Cleaver I,great-sword,Create,Warped Bone,5,Coral Bone,5.0,Boulder Bone,5.0,Ancient Bone,5.0,great-sword,False,110,70,30,90,0,0,0
152,75,Dragonbone Cleaver II,great-sword,Dragonbone Cleaver I,N/A,4,576,0,N/A,False,Dragon,330.0,N/A,N/A,low,0,0,0,N/A,N/A,N/A,N/A,N/A,N/A,N/A,N/A,Dragonbone Cleaver II,great-sword,Upgrade,Monster Bone+,6,Monster Bone L,8.0,Sturdy Bone,8.0,N/A,N/A,great-sword,False,100,70,30,100,0,0,0
153,76,Dragonbone Cleaver III,great-sword,Dragonbone Cleaver II,N/A,6,768,0,N/A,False,Dragon,420.0,N/A,N/A,low,1,1,0,N/A,N/A,N/A,N/A,N/A,N/A,N/A,N/A,Dragonbone Cleaver III,great-sword,Upgrade,Elder Dragon Bone,10,Brutal Bone,4.0,Dragonbone Relic,2.0,Wyvern Gem,1.0,great-sword,False,120,110,40,40,70,20,0
154,2066,Dragonseal Sword I,great-sword,Dragonbone Cleaver III,N/A,10,1008,0,N/A,False,Dragon,600.0,N/A,N/A,average,1,1,0,N/A,N/A,N/A,N/A,N/A,N/A,N/A,N/A,Dragonseal Sword I,great-sword,Upgrade,Monster Solidbone,3,Monster Slogbone,4.0,Thick Bone,6.0,Dragonbone Artifact,1.0,great-sword,False,130,100,30,30,80,30,0
155,2067,Dragonseal Sword II,great-sword,Dragonseal Sword I,N/A,11,1152,0,N/A,False,Dragon,720.0,N/A,N/A,average,1,1,0,N/A,N/A,N/A,N/A,N/A,N/A,N/A,N/A,Dragonseal Sword II,great-sword,Upgrade,Large Elder Dragon Bone,6,Monster Solidbone,4.0,Lavasioth Grandfin,2.0,Large Wyvern Gem,1.0,great-sword,False,70,60,60,100,80,30,0
156,2068,Immovable Dharma,great-sword,Dragonseal Sword I,N/A,12,1344,0,30.0,True,Dragon,540.0,N/A,N/A,high,1,1,0,N/A,N/A,N/A,N/A,N/A,N/A,N/A,N/A,Immovable Dharma,great-sword,Upgrade,Shara Ishvalda Tenderclaw,4,Shara Ishvalda Tenderscale,6.0,Shara Ishvalda Tenderplate,2.0,Shara Ishvalda Gem,1.0,great-sword,False,170,30,30,60,50,30,30
157,77,Thundersword,great-sword,Dragonbone Cleaver I,N/A,4,528,0,N/A,False,Thunder,390.0,N/A,N/A,N/A,0,0,0,N/A,N/A,N/A,N/A,N/A,N/A,N/A,N/A,Thundersword,great-sword,Upgrade,Kirin Thunderhorn,3,Kirin Hide,3.0,Kirin Tail,1.0,Lightcrystal,1.0,great-sword,False,60,50,80,110,0,0,0
158,78,Kirin Thundersword,great-sword,Thundersword,N/A,7,720,0,N/A,False,Thunder,480.0,N/A,N/A,N/A,0,0,0,N/A,N/A,N/A,N/A,N/A,N/A,N/A,N/A,Kirin Thundersword,great-sword,Upgrade,Kirin Azure Horn,4,Kirin Hide+,5.0,Kirin Mane,4.0,Dragonvein Crystal,5.0,great-sword,False,110,20,20,160,90,0,0
159,79,King Thundersword,great-sword,Kirin Thundersword,N/A,8,768,0,N/A,False,Thunder,540.0,N/A,N/A,N/A,0,0,0,N/A,N/A,N/A,N/A,N/A,N/A,N/A,N/A,King Thundersword,great-sword,Upgrade,Xeno'jiiva Shell,4,Kirin Azure Horn,6.0,Kirin Thundertail,3.0,Novacrystal,2.0,great-sword,False,110,20,20,150,100,0,0
160,2069,Emperor Thundersword,great-sword,King Thundersword,N/A,11,1152,0,N/A,False,Thunder,720.0,N/A,N/A,N/A,0,0,0,N/A,N/A,N/A,N/A,N/A,N/A,N/A,N/A,Emperor Thundersword,great-sword,Upgrade,Kirin Azure Horn+,3,Kirin Finehide,4.0,Kirin Silvermane,3.0,Purecrystal,1.0,great-sword,False,60,80,30,30,80,120,0
161,80,Magda Potestas I,great-sword,Dragonbone Cleaver I,N/A,5,768,-20,20.0,False,Blast,330.0,N/A,N/A,N/A,2,0,0,N/A,N/A,N/A,N/A,N/A,N/A,N/A,N/A,Magda Potestas I,great-sword,Upgrade,Zorah Magdaros Heat Scale,4,Zorah Magdaros Carapace,8.0,Zorah Magdaros Magma,4.0,Zorah Magdaros Gem,1.0,great-sword,False,110,50,80,100,10,0,0
162,81,Magda Potestas II,great-sword,Magda Potestas I,N/A,7,1056,-20,20.0,False,Blast,420.0,N/A,N/A,N/A,2,0,0,N/A,N/A,N/A,N/A,N/A,N/A,N/A,N/A,Magda Potestas II,great-sword,Upgrade,Xeno'jiiva Shell,4,Zorah Magdaros Ridge,2.0,Zorah Magdaros Pleura,2.0,Firecell Stone,3.0,great-sword,False,210,30,40,90,30,0,0
163,2070,Magdaros Volcanblade,great-sword,Magda Potestas II,N/A,11,1344,-20,45.0,False,Blast,580.0,N/A,N/A,N/A,2,0,0,N/A,N/A,N/A,N/A,N/A,N/A,N/A,N/A,Magdaros Volcanblade,great-sword,Upgrade,Elder Dragonvein Bone,3,Dragonvein Solidbone,5.0,Heavy Dragonvein Bone,6.0,Large Elder Dragon Gem,1.0,great-sword,False,140,40,40,70,70,20,20
164,82,Blacksteel Chopper I,great-sword,N/A,N/A,5,480,10,N/A,False,Dragon,90.0,N/A,N/A,low,0,0,0,N/A,N/A,N/A,N/A,N/A,N/A,N/A,N/A,Blacksteel Chopper I,great-sword,Create,Dragonvein Crystal,10,Earth Crystal,10.0,Coral Crystal,10.0,Lightcrystal,1.0,great-sword,False,150,110,40,40,10,0,0
165,83,Blacksteel Chopper II,great-sword,Blacksteel Chopper I,N/A,6,576,10,N/A,False,Dragon,120.0,N/A,N/A,low,0,0,0,N/A,N/A,N/A,N/A,N/A,N/A,N/A,N/A,Blacksteel Chopper II,great-sword,Upgrade,Firecell Stone,1,Fucium Ore,5.0,Carbalite Ore,10.0,Wyvern Gem,1.0,great-sword,False,140,110,40,40,20,0,0
166,84,Icesteel Edge,great-sword,Blacksteel Chopper II,N/A,7,816,0,N/A,False,Ice,210.0,N/A,N/A,N/A,2,0,0,N/A,N/A,N/A,N/A,N/A,N/A,N/A,N/A,Icesteel Edge,great-sword,Upgrade,Daora Claw+,3,Daora Webbing,4.0,Nergigante Carapace,5.0,Daora Tail,2.0,great-sword,False,110,60,80,80,50,20,0
167,85,Daora's Decimator,great-sword,Icesteel Edge,N/A,8,864,10,N/A,False,Ice,270.0,N/A,N/A,N/A,2,0,0,N/A,N/A,N/A,N/A,N/A,N/A,N/A,N/A,Daora's Decimator,great-sword,Upgrade,Xeno'jiiva Wing,2,Daora Horn+,5.0,Daora Claw+,4.0,Daora Gem,1.0,great-sword,False,90,60,80,80,70,20,0
168,2071,Daora's Tughril Beg,great-sword,Daora's Decimator,N/A,11,1248,15,N/A,False,Ice,330.0,N/A,N/A,N/A,2,0,0,N/A,N/A,N/A,N/A,N/A,N/A,N/A,N/A,Daora's Tughril Beg,great-sword,Upgrade,Daora Hardhorn,5,Daora Hardclaw,4.0,Daora Shard,5.0,Large Elder Dragon Gem,1.0,great-sword,False,140,30,30,60,50,60,30
169,86,Xeno Maliq,great-sword,Blacksteel Chopper II,N/A,8,816,15,N/A,False,Dragon,210.0,N/A,N/A,low,3,3,0,N/A,N/A,N/A,N/A,N/A,N/A,N/A,N/A,Xeno Maliq,great-sword,Upgrade,Xeno'jiiva Claw,4,Xeno'jiiva Shell,6.0,Xeno'jiiva Tail,2.0,Xeno'jiiva Gem,1.0,great-sword,False,130,30,60,80,40,60,0
170,87,Wyvern Jawblade,great-sword,N/A,N/A,6,864,0,20.0,True,Blast,240.0,N/A,N/A,N/A,3,0,0,N/A,N/A,N/A,N/A,N/A,N/A,N/A,N/A,Wyvern Jawblade,great-sword,Create,Hunter King Coin,5,Rathalos Coin,4.0,Barroth Coin,4.0,Novacrystal,1.0,great-sword,False,120,120,40,50,70,0,0
171,88,Great Wyvern Jawblade,great-sword,Wyvern Jawblade,N/A,8,960,0,20.0,True,Blast,330.0,N/A,N/A,N/A,3,0,0,N/A,N/A,N/A,N/A,N/A,N/A,N/A,N/A,Great Wyvern Jawblade,great-sword,Upgrade,Ace Hunter Coin,5,Brute Coin,4.0,Flying Coin,4.0,Wyvern Gem,2.0,great-sword,False,110,120,40,50,80,0,0
172,2072,Ultra Wyvern Jawblade,great-sword,Great Wyvern Jawblade,N/A,11,1392,0,40.0,True,Blast,360.0,N/A,N/A,N/A,4,0,0,N/A,N/A,N/A,N/A,N/A,N/A,N/A,N/A,Ultra Wyvern Jawblade,great-sword,Upgrade,Hero King Coin,1,Glavenus Coin,2.0,Nargacuga Coin,2.0,Banbaro Coin,2.0,great-sword,False,70,50,50,80,150,0,0
173,1150,Berserker Sword,great-sword,N/A,N/A,6,1008,-30,N/A,False,Dragon,180.0,N/A,N/A,high,0,0,0,N/A,N/A,N/A,N/A,N/A,N/A,N/A,N/A,Berserker Sword,great-sword,Create,Deviljho Scale,6,Deviljho Talon,2.0,Deviljho Tallfang,3.0,Deviljho Saliva,2.0,great-sword,False,70,120,80,60,20,50,0
174,1151,Anguish,great-sword,Berserker Sword,N/A,7,1104,-30,N/A,False,Dragon,240.0,N/A,N/A,high,0,0,0,N/A,N/A,N/A,N/A,N/A,N/A,N/A,N/A,Anguish,great-sword,Upgrade,Elder Dragon Blood,5,Deviljho Scalp,2.0,Deviljho Tallfang,5.0,Deviljho Gem,1.0,great-sword,False,60,120,80,60,30,50,0
175,2073,Consummate Blade,great-sword,Anguish,N/A,12,1344,-30,N/A,False,Dragon,390.0,N/A,N/A,high,0,0,0,N/A,N/A,N/A,N/A,N/A,N/A,N/A,N/A,Consummate Blade,great-sword,Upgrade,Vile Fang,3,Deviljho Ripper,2.0,Black Blood,3.0,Deviljho Crook,1.0,great-sword,False,160,30,30,60,50,40,30
176,1188,"Wyvern Ignition ""Steel""",great-sword,N/A,N/A,4,720,-15,N/A,False,N/A,N/A,N/A,N/A,N/A,0,0,0,N/A,N/A,N/A,N/A,N/A,N/A,N/A,N/A,"Wyvern Ignition ""Steel""",great-sword,Create,Master Craftsman's Blueprint,2,Dragonite Ore,7.0,Paolumu Webbing,2.0,Rathalos Marrow,2.0,great-sword,False,180,70,20,20,60,0,0
177,1189,"Wyvern Ignition ""Impact""",great-sword,"Wyvern Ignition ""Steel""",N/A,7,1008,-15,N/A,True,Fire,510.0,N/A,N/A,N/A,1,1,0,N/A,N/A,N/A,N/A,N/A,N/A,N/A,N/A,"Wyvern Ignition ""Impact""",great-sword,Upgrade,Master Craftsman's Blueprint,3,Elder Dragon Blood,2.0,Firecell Stone,5.0,Wyvern Gem,1.0,great-sword,False,250,20,20,20,30,60,0
178,1190,Empress Galea,great-sword,N/A,N/A,7,864,0,N/A,False,Blast,210.0,N/A,N/A,N/A,2,1,0,N/A,N/A,N/A,N/A,N/A,N/A,N/A,N/A,Empress Galea,great-sword,Create,Lunastra Scale+,4,Lunastra Horn,3.0,Lunastra Mane,3.0,Lunastra Gem,1.0,great-sword,False,110,30,60,80,40,80,0
179,1191,"Empress Galea ""Blaze""",great-sword,Empress Galea,N/A,8,864,20,N/A,False,Blast,270.0,N/A,N/A,N/A,2,1,0,N/A,N/A,N/A,N/A,N/A,N/A,N/A,Guts,"Empress Galea ""Blaze""",great-sword,Upgrade,Research Commission Ticket,1,Lunastra Horn,2.0,Teostra Horn+,3.0,Bazelgeuse Gem,1.0,great-sword,False,110,30,60,80,40,80,0
180,2074,"Soulfire Edge ""Blaze""",great-sword,"Empress Galea ""Blaze""",N/A,12,1200,25,N/A,False,Blast,390.0,N/A,N/A,N/A,2,1,0,N/A,N/A,N/A,N/A,N/A,N/A,N/A,Guts,"Soulfire Edge ""Blaze""",great-sword,Upgrade,Lunastra Shard,4,Lunastra Hardhorn,4.0,Lunastra Mane+,4.0,Large Elder Dragon Gem,1.0,great-sword,False,120,30,90,30,30,80,20
181,1192,"Empress Galea ""Ruin""",great-sword,Empress Galea,N/A,8,912,0,N/A,False,Blast,210.0,N/A,N/A,N/A,2,2,0,N/A,N/A,N/A,N/A,N/A,N/A,N/A,Hasten Recovery,"Empress Galea ""Ruin""",great-sword,Upgrade,Research Commission Ticket,1,Lunastra Wing,3.0,Nergigante Horn+,3.0,Nergigante Gem,1.0,great-sword,False,110,30,60,80,40,80,0
182,2075,"Soulfire Edge ""Ruin""",great-sword,"Empress Galea ""Ruin""",N/A,12,1296,0,N/A,False,Blast,330.0,N/A,N/A,N/A,2,2,0,N/A,N/A,N/A,N/A,N/A,N/A,N/A,Hasten Recovery,"Soulfire Edge ""Ruin""",great-sword,Upgrade,Lunastra Shard,4,Annihilating Greathorn,3.0,Eternal Regrowth Plate,3.0,Large Elder Dragon Gem,1.0,great-sword,False,120,30,90,30,30,80,20
183,1193,"Empress Galea ""Styx""",great-sword,Empress Galea,N/A,8,864,10,N/A,False,Blast,330.0,N/A,N/A,N/A,3,3,0,N/A,N/A,N/A,N/A,N/A,N/A,N/A,Razor Sharp/Spare Shot,"Empress Galea ""Styx""",great-sword,Upgrade,Research Commission Ticket,1,Lunastra Tail,2.0,Xeno'jiiva Horn,3.0,Xeno'jiiva Gem,1.0,great-sword,False,110,30,60,80,40,80,0
184,2076,"Soulfire Edge ""Styx""",great-sword,"Empress Galea ""Styx""",N/A,12,1200,15,N/A,False,Blast,480.0,N/A,N/A,N/A,3,3,0,N/A,N/A,N/A,N/A,N/A,N/A,N/A,Razor Sharp/Spare Shot,"Soulfire Edge ""Styx""",great-sword,Upgrade,Lunastra Shard,4,Lunastra Lash,2.0,Elder Spiritvein Bone,5.0,Large Elder Dragon Gem,1.0,great-sword,False,120,30,90,30,30,80,20
185,2077,Frozen Speartuna,great-sword,N/A,N/A,9,912,0,N/A,False,Ice,510.0,N/A,N/A,N/A,1,0,0,N/A,N/A,N/A,N/A,N/A,N/A,N/A,N/A,Frozen Speartuna,great-sword,Create,Freezer Ticket,1,Monster Toughbone,3.0,Cryo Sac,3.0,Gracium,2.0,great-sword,False,110,30,30,110,40,80,0
186,2078,Freezer Speartuna,great-sword,Frozen Speartuna,N/A,10,1008,0,N/A,False,Ice,570.0,N/A,N/A,N/A,1,0,0,N/A,N/A,N/A,N/A,N/A,N/A,N/A,N/A,Freezer Speartuna,great-sword,Upgrade,Freezer Ticket,2,Monster Slogbone,5.0,Cryo Sac,4.0,Purecrystal,1.0,great-sword,False,90,30,30,110,40,100,0
187,2079,Xiphias Gladius,great-sword,Freezer Speartuna,N/A,11,1152,0,N/A,False,Ice,690.0,N/A,N/A,N/A,1,0,0,N/A,N/A,N/A,N/A,N/A,N/A,N/A,N/A,Xiphias Gladius,great-sword,Upgrade,Freezer Ticket,2,Monster Solidbone,6.0,Cryo Sac,5.0,Conqueror's Seal,2.0,great-sword,False,70,30,30,110,40,120,0
188,3110,Demon Rod,great-sword,N/A,N/A,11,1392,-15,N/A,False,Thunder,150.0,N/A,N/A,N/A,4,0,0,N/A,N/A,N/A,N/A,N/A,N/A,N/A,N/A,Demon Rod,great-sword,Create,Rajang Hardhorn,1,Rajang Hardclaw,1.0,Rajang Hardfang,2.0,Rajang Wildpelt,2.0,great-sword,False,110,100,40,50,50,50,0
189,3111,Great Demon Rod,great-sword,Demon Rod,N/A,12,1488,-15,N/A,False,Thunder,180.0,N/A,N/A,N/A,4,0,0,N/A,N/A,N/A,N/A,N/A,N/A,N/A,N/A,Great Demon Rod,great-sword,Upgrade,Tempered Glimmerpelt,3,Rajang Hardhorn,3.0,Rajang Hardfang,7.0,Gold Rajang Pelt+,3.0,great-sword,False,100,100,40,50,60,50,0
190,3112,Demonlord Goldrod,great-sword,N/A,N/A,12,1344,15,N/A,False,Thunder,360.0,N/A,N/A,N/A,0,0,0,N/A,N/A,N/A,N/A,N/A,N/A,N/A,N/A,Demonlord Goldrod,great-sword,Create,Ghoulish Gold Gorer,3,Rajang Apoplexy,2.0,Gold Rajang Pelt+,5.0,Rajang Heart,1.0,great-sword,False,120,20,20,70,40,30,100
191,3113,Infernal Executioner,great-sword,N/A,N/A,11,1200,0,N/A,False,Dragon,330.0,N/A,N/A,average,2,0,0,N/A,N/A,N/A,N/A,N/A,N/A,N/A,N/A,Infernal Executioner,great-sword,Create,Stygian Zinogre Hardhorn,1,Stygian Zinogre Hardclaw,1.0,Stygian Zinogre Dragonlocks,2.0,Stygian Zinogre Dragonhold,2.0,great-sword,False,150,20,20,70,40,30,70
192,3114,Infernal Executioner+,great-sword,Infernal Executioner,N/A,12,1296,0,N/A,False,Dragon,420.0,N/A,N/A,average,2,0,0,N/A,N/A,N/A,N/A,N/A,N/A,N/A,N/A,Infernal Executioner+,great-sword,Upgrade,Tempered Dragonhold,3,Stygian Zinogre Hardhorn,2.0,Stygian Zinogre Hardclaw,5.0,Stygian Zinogre Skymerald,1.0,great-sword,False,130,20,20,70,40,30,90
193,3115,Lightbreak Blade,great-sword,N/A,N/A,12,1440,0,N/A,False,Blast,360.0,N/A,N/A,N/A,4,3,0,N/A,N/A,N/A,N/A,N/A,N/A,N/A,N/A,Lightbreak Blade,great-sword,Create,Brach Obliterator,3,Brach Warhead,1.0,Indestructible Ebonshell,4.0,Immortal Reactor,1.0,great-sword,True,150,30,90,30,30,50,20
194,3196,Alatreon Great Sword,great-sword,N/A,N/A,11,1200,0,N/A,False,Dragon,600.0,N/A,N/A,low,2,0,0,N/A,N/A,N/A,N/A,N/A,N/A,N/A,N/A,Alatreon Great Sword,great-sword,Create,Alatreon Mantle,3,Skyswayer,1.0,Alatreon Riptalon,3.0,Large Elder Dragon Gem,1.0,great-sword,False,120,20,20,70,40,30,100
195,3197,Alatreon Revolution,great-sword,Alatreon Great Sword,N/A,12,1344,0,N/A,False,Dragon,810.0,N/A,N/A,low,2,2,0,N/A,N/A,N/A,N/A,N/A,N/A,N/A,N/A,Alatreon Revolution,great-sword,Upgrade,Alatreon Direwing,1,Skyswayer,2.0,Alatreon Riptalon,2.0,Azure Dragonsphire,1.0,great-sword,False,80,20,20,70,40,30,140
196,3236,Fatalis Blade,great-sword,N/A,N/A,11,1488,-40,N/A,False,Dragon,120.0,N/A,N/A,high,4,4,0,N/A,N/A,N/A,N/A,N/A,N/A,N/A,N/A,Fatalis Blade,great-sword,Create,Fatalis Shard,3,Fatalis Pectus,1.0,Fatalis Hardhorn,1.0,Fatalis Evil Eye,1.0,great-sword,False,160,20,20,70,40,30,60
197,3237,Black Fatalis Blade,great-sword,Fatalis Blade,N/A,12,1632,-30,N/A,False,Dragon,180.0,N/A,N/A,high,4,4,0,N/A,N/A,N/A,N/A,N/A,N/A,N/A,N/A,Black Fatalis Blade,great-sword,Upgrade,Large Elder Dragon Gem,1,Fatalis Pectus,2.0,Fatalis Hardhorn,2.0,Fatalis Evil Eye,1.0,great-sword,False,160,20,20,70,40,30,60
198,2080,Guild Palace Blade,great-sword,N/A,N/A,10,1200,10,30.0,True,Water,480.0,N/A,N/A,N/A,3,0,0,N/A,N/A,N/A,N/A,N/A,N/A,N/A,N/A,Guild Palace Blade,great-sword,Create,Fest Ticket,2,Amber Hardfang,2.0,Gracium,5.0,Purecrystal,1.0,great-sword,False,150,30,30,60,50,50,30
199,2081,Royal Venus Blade,great-sword,Guild Palace Blade,N/A,12,1296,15,30.0,True,Water,570.0,N/A,N/A,N/A,3,0,0,N/A,N/A,N/A,N/A,N/A,N/A,N/A,N/A,Royal Venus Blade,great-sword,Upgrade,Hero King Coin,1,Namielle Hardclaw,3.0,Large Elder Dragon Bone,5.0,Pure Dragon Blood,3.0,great-sword,False,150,30,30,60,50,30,50
200,2082,Defender Katana I,long-sword,N/A,N/A,1,429,0,N/A,False,Blast,180.0,N/A,N/A,N/A,0,0,0,N/A,N/A,N/A,N/A,N/A,N/A,N/A,N/A,Defender Katana I,long-sword,Create,Iron Ore,1,N/A,N/A,N/A,N/A,N/A,N/A,long-sword,False,30,60,20,140,0,0,0
201,2083,Defender Katana II,long-sword,Defender Katana I,N/A,3,561,0,N/A,False,Blast,210.0,N/A,N/A,N/A,0,0,0,N/A,N/A,N/A,N/A,N/A,N/A,N/A,N/A,Defender Katana II,long-sword,Upgrade,Anjanath Scale,1,N/A,N/A,N/A,N/A,N/A,N/A,long-sword,False,30,60,20,150,40,0,0
202,2084,Defender Katana III,long-sword,Defender Katana II,N/A,5,627,0,N/A,False,Blast,240.0,N/A,N/A,N/A,0,0,0,N/A,N/A,N/A,N/A,N/A,N/A,N/A,N/A,Defender Katana III,long-sword,Upgrade,Commendation,1,N/A,N/A,N/A,N/A,N/A,N/A,long-sword,False,50,50,50,80,120,0,0
203,2085,Defender Katana IV,long-sword,Defender Katana III,N/A,6,693,0,N/A,False,Blast,270.0,N/A,N/A,N/A,0,0,0,N/A,N/A,N/A,N/A,N/A,N/A,N/A,N/A,Defender Katana IV,long-sword,Upgrade,Pink Rathian Scale+,1,N/A,N/A,N/A,N/A,N/A,N/A,long-sword,False,30,50,50,80,140,0,0
204,2086,Defender Katana V,long-sword,Defender Katana IV,N/A,7,726,0,N/A,False,Blast,300.0,N/A,N/A,N/A,0,0,0,N/A,N/A,N/A,N/A,N/A,N/A,N/A,N/A,Defender Katana V,long-sword,Upgrade,Immortal Dragonscale,1,N/A,N/A,N/A,N/A,N/A,N/A,long-sword,False,90,30,30,110,40,100,0
205,89,Iron Katana I,long-sword,N/A,N/A,1,264,0,N/A,False,N/A,N/A,N/A,N/A,N/A,0,0,0,N/A,N/A,N/A,N/A,N/A,N/A,N/A,N/A,Iron Katana I,long-sword,Create,Iron Ore,1,N/A,N/A,N/A,N/A,N/A,N/A,long-sword,False,100,50,80,20,0,0,0
206,90,Iron Katana II,long-sword,Iron Katana I,N/A,1,297,0,N/A,False,N/A,N/A,N/A,N/A,N/A,0,0,0,N/A,N/A,N/A,N/A,N/A,N/A,N/A,N/A,Iron Katana II,long-sword,Upgrade,Iron Ore,2,N/A,N/A,N/A,N/A,N/A,N/A,long-sword,False,80,70,30,70,0,0,0
207,91,Iron Katana III,long-sword,Iron Katana II,N/A,2,330,0,N/A,False,N/A,N/A,N/A,N/A,N/A,0,0,0,N/A,N/A,N/A,N/A,N/A,N/A,N/A,N/A,Iron Katana III,long-sword,Upgrade,Earth Crystal,2,Machalite Ore,2.0,Iron Ore,5.0,N/A,N/A,long-sword,False,60,70,30,90,0,0,0
208,92,Iron Grace I,long-sword,Iron Katana III,N/A,3,363,0,N/A,False,N/A,N/A,N/A,N/A,N/A,0,0,0,N/A,N/A,N/A,N/A,N/A,N/A,N/A,N/A,Iron Grace I,long-sword,Upgrade,Dragonite Ore,2,Machalite Ore,5.0,Monster Bone M,2.0,N/A,N/A,long-sword,False,80,50,80,90,0,0,0
209,93,Iron Grace II,long-sword,Iron Grace I,N/A,4,429,0,N/A,False,N/A,N/A,N/A,N/A,N/A,0,0,0,N/A,N/A,N/A,N/A,N/A,N/A,N/A,N/A,Iron Grace II,long-sword,Upgrade,Monster Bone+,2,Dragonite Ore,5.0,Coral Crystal,2.0,Machalite Ore,10.0,long-sword,False,70,50,80,100,0,0,0
210,94,Iron Grace III,long-sword,Iron Grace II,N/A,5,462,0,N/A,True,Water,120.0,N/A,N/A,N/A,1,0,0,N/A,N/A,N/A,N/A,N/A,N/A,N/A,N/A,Iron Grace III,long-sword,Upgrade,Carbalite Ore,8,Dragonite Ore,5.0,Dragonvein Crystal,2.0,N/A,N/A,long-sword,False,90,50,50,80,80,0,0
211,95,Iron Gospel I,long-sword,Iron Grace III,N/A,6,528,0,N/A,True,Water,150.0,N/A,N/A,N/A,1,0,0,N/A,N/A,N/A,N/A,N/A,N/A,N/A,N/A,Iron Gospel I,long-sword,Upgrade,Fucium Ore,8,Carbalite Ore,5.0,Dragonite Ore,10.0,Dragonvein Crystal,3.0,long-sword,False,70,50,50,80,100,0,0
212,96,Iron Gospel II,long-sword,Iron Gospel I,N/A,6,594,0,N/A,True,Water,180.0,N/A,N/A,N/A,1,1,0,N/A,N/A,N/A,N/A,N/A,N/A,N/A,N/A,Iron Gospel II,long-sword,Upgrade,Elder Dragon Blood,2,Fucium Ore,13.0,Carbalite Ore,20.0,Firecell Stone,1.0,long-sword,False,50,60,20,150,90,30,0
213,2087,Iron Eschaton I,long-sword,Iron Gospel II,N/A,9,726,0,N/A,True,Water,210.0,N/A,N/A,N/A,1,1,0,N/A,N/A,N/A,N/A,N/A,N/A,N/A,N/A,Iron Eschaton I,long-sword,Create,Eltalite Ore,6,Carbalite Ore,10.0,Firecell Stone,2.0,Purecrystal,1.0,long-sword,False,90,80,30,30,80,90,0
214,2087,Iron Eschaton I,long-sword,Iron Gospel II,N/A,9,726,0,N/A,True,Water,210.0,N/A,N/A,N/A,1,1,0,N/A,N/A,N/A,N/A,N/A,N/A,N/A,N/A,Iron Eschaton I,long-sword,Upgrade,Eltalite Ore,2,Carbalite Ore,4.0,Spiritvein Crystal,2.0,Gracium,1.0,long-sword,False,90,80,30,30,80,90,0
215,2088,Iron Eschaton II,long-sword,Iron Eschaton I,N/A,10,792,0,N/A,True,Water,240.0,N/A,N/A,N/A,1,1,0,N/A,N/A,N/A,N/A,N/A,N/A,N/A,N/A,Iron Eschaton II,long-sword,Upgrade,Monster Slogbone,3,Eltalite Ore,4.0,Meldspar Ore,2.0,Bathycite Ore,2.0,long-sword,False,80,80,30,30,80,100,0
216,2089,Iron Eschaton III,long-sword,Iron Eschaton II,N/A,11,858,0,N/A,True,Water,270.0,N/A,N/A,N/A,1,1,0,N/A,N/A,N/A,N/A,N/A,N/A,N/A,N/A,Iron Eschaton III,long-sword,Upgrade,Pure Dragon Blood,3,Eltalite Ore,6.0,Meldspar Ore,3.0,Purecrystal,1.0,long-sword,False,120,30,30,60,50,80,30
217,2090,Daito Crow,long-sword,Iron Eschaton II,N/A,10,858,20,N/A,False,Poison,210.0,N/A,N/A,N/A,3,0,0,N/A,N/A,N/A,N/A,N/A,N/A,N/A,N/A,Daito Crow,long-sword,Upgrade,Garuga Shard,3,Garuga Silverpelt,4.0,Garuga Auricle,2.0,Fey Wyvern Gem,1.0,long-sword,False,150,30,90,30,30,50,20
218,2091,Daito Wolf,long-sword,Daito Crow,N/A,11,891,25,N/A,False,Poison,240.0,N/A,N/A,N/A,3,0,0,N/A,N/A,N/A,N/A,N/A,N/A,N/A,N/A,Daito Wolf,long-sword,Upgrade,Scratched Shell,3,Garuga Fellwing,2.0,Fancy Beak,3.0,Large Wyvern Gem,1.0,long-sword,False,140,30,90,30,30,60,20
219,2092,Usurper's Boltslicer,long-sword,Iron Eschaton I,N/A,10,792,0,N/A,False,Thunder,240.0,N/A,N/A,N/A,2,0,0,N/A,N/A,N/A,N/A,N/A,N/A,N/A,N/A,Usurper's Boltslicer,long-sword,Upgrade,Zinogre Hardclaw,3,Zinogre Deathly Shocker,2.0,Zinogre Cortex,5.0,Lightning Sac,3.0,long-sword,False,100,80,30,30,80,80,0
220,2093,Usurper Boltslicer+,long-sword,Usurper's Boltslicer,N/A,11,825,0,N/A,False,Thunder,300.0,N/A,N/A,N/A,2,0,0,N/A,N/A,N/A,N/A,N/A,N/A,N/A,N/A,Usurper Boltslicer+,long-sword,Upgrade,Zinogre Hardhorn,3,Zinogre Electrofur+,4.0,Fulgurbug,5.0,Zinogre Skymerald,1.0,long-sword,False,130,30,90,30,30,70,20
221,2094,Despot's Boltbreaker,long-sword,Usurper Boltslicer+,N/A,12,858,0,N/A,False,Thunder,450.0,N/A,N/A,N/A,2,0,0,N/A,N/A,N/A,N/A,N/A,N/A,N/A,N/A,Despot's Boltbreaker,long-sword,Upgrade,Spiritvein Solidbone,5,Zinogre Hardhorn,2.0,Zinogre Deathly Shocker,5.0,Large Elder Dragon Gem,1.0,long-sword,False,120,30,90,30,30,80,20
222,97,Nergal Reaver,long-sword,Iron Gospel I,N/A,7,627,0,N/A,False,Dragon,90.0,N/A,N/A,high,1,0,0,N/A,N/A,N/A,N/A,N/A,N/A,N/A,N/A,Nergal Reaver,long-sword,Upgrade,Nergigante Talon,3,Nergigante Regrowth Plate,4.0,Nergigante Tail,2.0,Nergigante Carapace,2.0,long-sword,True,120,120,40,50,70,0,0
223,98,Extermination's Edge,long-sword,Nergal Reaver,N/A,8,693,0,N/A,False,Dragon,120.0,N/A,N/A,high,1,0,0,N/A,N/A,N/A,N/A,N/A,N/A,N/A,N/A,Extermination's Edge,long-sword,Upgrade,Xeno'jiiva Horn,2,Nergigante Horn+,5.0,Nergigante Talon,5.0,Nergigante Gem,1.0,long-sword,True,110,120,40,50,80,0,0
224,2095,Ruinous Extermination,long-sword,Extermination's Edge,N/A,12,957,0,N/A,False,Dragon,180.0,N/A,N/A,high,1,0,0,N/A,N/A,N/A,N/A,N/A,N/A,N/A,N/A,Ruinous Extermination,long-sword,Upgrade,Annihilating Greathorn,3,Nergigante Hardclaw,4.0,Eternal Regrowth Plate,5.0,Large Elder Dragon Gem,1.0,long-sword,True,80,30,30,110,40,110,0
225,99,Flickering Glow I,long-sword,Iron Katana III,N/A,3,429,0,N/A,False,N/A,N/A,N/A,N/A,N/A,0,0,0,N/A,N/A,N/A,N/A,N/A,N/A,N/A,N/A,Flickering Glow I,long-sword,Upgrade,Tzitzi-Ya-Ku Claw,2,Tzitzi-Ya-Ku Photophore,1.0,Tzitzi-Ya-Ku Scale,3.0,N/A,N/A,long-sword,False,70,50,80,100,0,0,0
226,100,Flickering Glow II,long-sword,Flickering Glow I,N/A,4,462,0,N/A,False,N/A,N/A,N/A,N/A,N/A,0,0,0,N/A,N/A,N/A,N/A,N/A,N/A,N/A,N/A,Flickering Glow II,long-sword,Upgrade,Legiana Tail Webbing,2,Tzitzi-Ya-Ku Claw,3.0,Tzitzi-Ya-Ku Photophore,2.0,Sharp Claw,3.0,long-sword,False,60,50,80,110,0,0,0
227,101,Dazzling Flash I,long-sword,Flickering Glow II,N/A,5,528,0,N/A,True,Thunder,240.0,N/A,N/A,N/A,2,0,0,N/A,N/A,N/A,N/A,N/A,N/A,N/A,N/A,Dazzling Flash I,long-sword,Upgrade,Tzitzi-Ya-Ku Claw+,3,Tzitzi-Ya-Ku Photophore+,1.0,Tzitzi-Ya-Ku Scale+,5.0,Lightcrystal,1.0,long-sword,False,100,50,50,80,70,0,0
228,102,Dazzling Flash II,long-sword,Dazzling Flash I,N/A,6,561,0,N/A,True,Thunder,300.0,N/A,N/A,N/A,3,0,0,N/A,N/A,N/A,N/A,N/A,N/A,N/A,N/A,Dazzling Flash II,long-sword,Upgrade,Legiana Wing,2,Tzitzi-Ya-Ku Claw+,4.0,Tzitzi-Ya-Ku Photophore+,2.0,Piercing Claw,5.0,long-sword,False,90,50,50,80,80,0,0
229,103,Dazzling Flash III,long-sword,Dazzling Flash II,N/A,6,594,0,N/A,True,Thunder,360.0,N/A,N/A,N/A,3,0,0,N/A,N/A,N/A,N/A,N/A,N/A,N/A,N/A,Dazzling Flash III,long-sword,Upgrade,Daora Webbing,2,Tzitzi-Ya-Ku Claw+,5.0,Tzitzi-Ya-Ku Photophore+,3.0,Bird Wyvern Gem,1.0,long-sword,False,80,50,60,120,50,40,0
230,2096,Blinding Blaze I,long-sword,Dazzling Flash III,N/A,9,726,0,N/A,True,Thunder,450.0,N/A,N/A,N/A,3,0,0,N/A,N/A,N/A,N/A,N/A,N/A,N/A,N/A,Blinding Blaze I,long-sword,Create,Tzitzi-Ya-Ku Hardclaw,3,Tzitzi-Ya-Ku Photomembrane,2.0,Tzitzi-Ya-Ku Shard,4.0,Fey Wyvern Gem,1.0,long-sword,False,120,30,30,110,40,70,0
231,2096,Blinding Blaze I,long-sword,Dazzling Flash III,N/A,9,726,0,N/A,True,Thunder,450.0,N/A,N/A,N/A,3,0,0,N/A,N/A,N/A,N/A,N/A,N/A,N/A,N/A,Blinding Blaze I,long-sword,Upgrade,Tzitzi-Ya-Ku Hardclaw,1,Tzitzi-Ya-Ku Photomembrane,1.0,Tzitzi-Ya-Ku Shard,2.0,Tough Claw,2.0,long-sword,False,120,30,30,110,40,70,0
232,2097,Blinding Blaze II,long-sword,Blinding Blaze I,N/A,10,858,0,N/A,True,Thunder,480.0,N/A,N/A,N/A,3,0,0,N/A,N/A,N/A,N/A,N/A,N/A,N/A,N/A,Blinding Blaze II,long-sword,Upgrade,Legiana Hardclaw,2,Tzitzi-Ya-Ku Hardclaw,2.0,Tzitzi-Ya-Ku Photomembrane,1.0,Purecrystal,1.0,long-sword,False,90,30,30,110,40,100,0
233,2098,Ambertooth I,long-sword,Blinding Blaze I,N/A,10,726,20,N/A,False,Ice,210.0,N/A,N/A,N/A,0,0,0,N/A,N/A,N/A,N/A,N/A,N/A,N/A,N/A,Ambertooth I,long-sword,Upgrade,Barioth Hardclaw,3,Barioth Cortex,4.0,Cryo Sac,4.0,Frozen Bone,3.0,long-sword,False,110,30,30,110,40,80,0
234,2099,Ambertooth II,long-sword,Ambertooth I,N/A,10,792,30,N/A,False,Ice,300.0,N/A,N/A,N/A,1,0,0,N/A,N/A,N/A,N/A,N/A,N/A,N/A,N/A,Ambertooth II,long-sword,Upgrade,Obsidian Icetalon,2,Amber Hardfang,3.0,Barioth Greatspike,3.0,Large Wyvern Gem,1.0,long-sword,False,110,30,30,110,40,80,0
235,3223,Adularia Edge,long-sword,Ambertooth I,N/A,11,891,15,N/A,False,Ice,540.0,N/A,N/A,N/A,0,0,0,N/A,N/A,N/A,N/A,N/A,N/A,N/A,N/A,Adularia Edge,long-sword,Create,Frostfang Ticket,3,Silverwhite Frostfang,3.0,Bergcrusher Claw,2.0,Large Wyvern Gem,1.0,long-sword,False,10,40,50,50,60,120,70
236,3223,Adularia Edge,long-sword,Ambertooth I,N/A,11,891,15,N/A,False,Ice,540.0,N/A,N/A,N/A,0,0,0,N/A,N/A,N/A,N/A,N/A,N/A,N/A,N/A,Adularia Edge,long-sword,Upgrade,Frostfang Ticket,2,Silverwhite Frostfang,3.0,Bergcrusher Claw,1.0,Gracium,5.0,long-sword,False,10,40,50,50,60,120,70
237,104,First Dance I,long-sword,Iron Katana II,N/A,2,330,15,N/A,False,N/A,N/A,N/A,N/A,N/A,0,0,0,N/A,N/A,N/A,N/A,N/A,N/A,N/A,N/A,First Dance I,long-sword,Upgrade,Kulu-Ya-Ku Beak,1,Kulu-Ya-Ku Hide,2.0,Kulu-Ya-Ku Scale,3.0,N/A,N/A,long-sword,False,70,70,30,80,0,0,0
238,105,First Dance II,long-sword,First Dance I,N/A,3,363,15,N/A,False,N/A,N/A,N/A,N/A,N/A,0,0,0,N/A,N/A,N/A,N/A,N/A,N/A,N/A,N/A,First Dance II,long-sword,Upgrade,Radobaan Scale,3,Kulu-Ya-Ku Beak,2.0,Kulu-Ya-Ku Plume,2.0,Boulder Bone,3.0,long-sword,False,80,50,80,90,0,0,0
239,106,First Dance III,long-sword,First Dance II,N/A,4,429,15,N/A,False,N/A,N/A,N/A,N/A,N/A,0,0,0,N/A,N/A,N/A,N/A,N/A,N/A,N/A,N/A,First Dance III,long-sword,Upgrade,Odogaron Claw,2,Kulu-Ya-Ku Beak,2.0,Kulu-Ya-Ku Plume,4.0,Warped Bone,3.0,long-sword,False,60,50,80,110,0,0,0
240,107,Last Dance I,long-sword,First Dance III,N/A,5,495,20,N/A,True,Sleep,210.0,N/A,N/A,N/A,0,0,0,N/A,N/A,N/A,N/A,N/A,N/A,N/A,N/A,Last Dance I,long-sword,Create,Kulu-Ya-Ku Beak+,4,Kulu-Ya-Ku Plume+,2.0,Kulu-Ya-Ku Scale+,6.0,Bird Wyvern Gem,1.0,long-sword,False,110,50,50,80,60,0,0
241,107,Last Dance I,long-sword,First Dance III,N/A,5,495,20,N/A,True,Sleep,210.0,N/A,N/A,N/A,0,0,0,N/A,N/A,N/A,N/A,N/A,N/A,N/A,N/A,Last Dance I,long-sword,Upgrade,Kulu-Ya-Ku Beak+,3,Kulu-Ya-Ku Hide+,4.0,Kulu-Ya-Ku Scale+,6.0,N/A,N/A,long-sword,False,110,50,50,80,60,0,0
242,108,Last Dance II,long-sword,Last Dance I,N/A,6,528,20,N/A,True,Sleep,240.0,N/A,N/A,N/A,0,0,0,N/A,N/A,N/A,N/A,N/A,N/A,N/A,N/A,Last Dance II,long-sword,Upgrade,Odogaron Claw+,2,Kulu-Ya-Ku Beak+,4.0,Kulu-Ya-Ku Plume+,3.0,Brutal Bone,3.0,long-sword,False,80,50,50,80,90,0,0
243,109,Last Dance III,long-sword,Last Dance II,N/A,6,561,20,N/A,True,Sleep,270.0,N/A,N/A,N/A,0,0,0,N/A,N/A,N/A,N/A,N/A,N/A,N/A,N/A,Last Dance III,long-sword,Upgrade,Nergigante Talon,2,Kulu-Ya-Ku Beak+,5.0,Kulu-Ya-Ku Plume+,4.0,Bird Wyvern Gem,1.0,long-sword,False,80,60,80,80,80,20,0
244,2100,Rafiq al-Nasr I,long-sword,Last Dance III,N/A,9,693,25,N/A,True,Sleep,360.0,N/A,N/A,N/A,0,0,0,N/A,N/A,N/A,N/A,N/A,N/A,N/A,N/A,Rafiq al-Nasr I,long-sword,Upgrade,Large Kulu-Ya-Ku Beak,1,Kulu-Ya-Ku Thickhide,2.0,Kulu-Ya-Ku Shard,3.0,Thick Bone,2.0,long-sword,False,110,30,30,110,40,80,0
245,2101,Rafiq al-Nasr II,long-sword,Rafiq al-Nasr I,N/A,10,825,25,N/A,True,Sleep,420.0,N/A,N/A,N/A,0,0,0,N/A,N/A,N/A,N/A,N/A,N/A,N/A,N/A,Rafiq al-Nasr II,long-sword,Upgrade,Nargacuga Hardfang,2,Large Kulu-Ya-Ku Beak,2.0,Large Kulu-Ya-Ku Plume,3.0,Monster Slogbone,3.0,long-sword,False,110,30,30,110,40,80,0
246,2102,Hidden Saber,long-sword,Rafiq al-Nasr I,N/A,10,726,10,N/A,True,Poison,360.0,N/A,N/A,N/A,0,0,0,N/A,N/A,N/A,N/A,N/A,N/A,N/A,N/A,Hidden Saber,long-sword,Upgrade,Nargacuga Hardfang,2,Nargacuga Shard,3.0,Nargacuga Tailspear,2.0,Meldspar Ore,1.0,long-sword,False,80,80,30,30,80,100,0
247,2103,Hidden Saber+,long-sword,Hidden Saber,N/A,10,759,15,N/A,True,Poison,450.0,N/A,N/A,N/A,0,0,0,N/A,N/A,N/A,N/A,N/A,N/A,N/A,N/A,Hidden Saber+,long-sword,Upgrade,Fulgur Anjanath Hardfang,2,Nargacuga Cutwing+,3.0,Nargacuga Lash,2.0,Nargacuga Mantle,1.0,long-sword,False,150,20,20,70,40,30,70
248,2104,Deepest Night,long-sword,Hidden Saber+,N/A,11,792,20,N/A,True,Poison,540.0,N/A,N/A,N/A,0,0,0,N/A,N/A,N/A,N/A,N/A,N/A,N/A,N/A,Deepest Night,long-sword,Upgrade,Shadowpierce Fang,2,Nargacuga Cutwing+,4.0,Nargacuga Hardfang,4.0,Purecrystal,1.0,long-sword,False,140,20,20,70,40,30,80
249,110,Brazenridge I,long-sword,Last Dance I,N/A,6,594,-10,25.0,False,Fire,90.0,N/A,N/A,N/A,3,0,0,N/A,N/A,N/A,N/A,N/A,N/A,N/A,N/A,Brazenridge I,long-sword,Upgrade,Uragaan Jaw,1,Uragaan Scale+,6.0,Uragaan Carapace,4.0,Uragaan Marrow,1.0,long-sword,False,100,50,50,80,70,0,0
250,111,Brazenridge II,long-sword,Brazenridge I,N/A,7,660,-10,30.0,False,Fire,120.0,N/A,N/A,N/A,3,1,0,N/A,N/A,N/A,N/A,N/A,N/A,N/A,N/A,Brazenridge II,long-sword,Upgrade,Teostra Carapace,4,Uragaan Jaw,2.0,Uragaan Scute,4.0,Uragaan Ruby,1.0,long-sword,False,90,50,50,80,130,0,0
251,2105,Brazenreach I,long-sword,Brazenridge II,N/A,10,792,-10,35.0,False,Fire,210.0,N/A,N/A,N/A,4,1,0,N/A,N/A,N/A,N/A,N/A,N/A,N/A,N/A,Brazenreach I,long-sword,Upgrade,Uragaan Jaw+,1,Uragaan Shard,3.0,Uragaan Cortex,2.0,Meldspar Ore,2.0,long-sword,False,110,50,50,80,110,0,0
252,2106,Brazenreach II,long-sword,Brazenreach I,N/A,10,957,-10,35.0,False,Fire,240.0,N/A,N/A,N/A,4,1,0,N/A,N/A,N/A,N/A,N/A,N/A,N/A,N/A,Brazenreach II,long-sword,Upgrade,Acidic Glavenus Hardfang,2,Uragaan Jaw+,1.0,Uragaan Scute+,2.0,Uragaan Pallium,1.0,long-sword,False,100,50,50,80,120,0,0
253,2107,Glavenus Spada I,long-sword,Brazenridge II,N/A,10,759,0,N/A,False,Fire,240.0,N/A,N/A,N/A,1,0,0,N/A,N/A,N/A,N/A,N/A,N/A,N/A,N/A,Glavenus Spada I,long-sword,Upgrade,Glavenus Hardfang,2,Glavenus Shard,4.0,Molten Bursa,2.0,Eltalite Ore,6.0,long-sword,False,100,80,30,30,80,80,0
254,2108,Glavenus Spada II,long-sword,Glavenus Spada I,N/A,10,825,0,N/A,False,Fire,270.0,N/A,N/A,N/A,1,1,0,N/A,N/A,N/A,N/A,N/A,N/A,N/A,N/A,Glavenus Spada II,long-sword,Upgrade,Ebony Odogaron Hardfang,2,Glavenus Hellshell,3.0,Glavenus Tailedge,2.0,Glavenus Mantle,1.0,long-sword,False,130,30,30,60,50,70,30
255,112,"Wyvern Blade ""Leaf""",long-sword,First Dance I,N/A,3,363,10,N/A,False,Poison,240.0,N/A,N/A,N/A,0,0,0,N/A,N/A,N/A,N/A,N/A,N/A,N/A,N/A,"Wyvern Blade ""Leaf""",long-sword,Create,Rathian Shell,5,Machalite Ore,10.0,Poison Sac,4.0,Rathian Plate,1.0,long-sword,False,90,50,80,80,0,0,0
256,112,"Wyvern Blade ""Leaf""",long-sword,First Dance I,N/A,3,363,10,N/A,False,Poison,240.0,N/A,N/A,N/A,0,0,0,N/A,N/A,N/A,N/A,N/A,N/A,N/A,N/A,"Wyvern Blade ""Leaf""",long-sword,Upgrade,Rathian Spike,3,Rathian Scale,5.0,Rathian Shell,4.0,N/A,N/A,long-sword,False,90,50,80,80,0,0,0
257,113,"Wyvern Blade ""Verde""",long-sword,"Wyvern Blade ""Leaf""",N/A,5,495,10,N/A,False,Poison,270.0,N/A,N/A,N/A,1,0,0,N/A,N/A,N/A,N/A,N/A,N/A,N/A,N/A,"Wyvern Blade ""Verde""",long-sword,Upgrade,Rathian Spike+,3,Rathian Scale+,5.0,Rathian Carapace,4.0,Rathian Plate,1.0,long-sword,False,110,50,50,80,60,0,0
258,114,"Wyvern Blade ""Holly""",long-sword,"Wyvern Blade ""Verde""",N/A,7,627,10,N/A,False,Poison,330.0,N/A,N/A,N/A,1,0,0,N/A,N/A,N/A,N/A,N/A,N/A,N/A,N/A,"Wyvern Blade ""Holly""",long-sword,Upgrade,Elder Dragon Blood,3,Rathian Spike+,5.0,Pink Rathian Scale+,6.0,Rathian Ruby,1.0,long-sword,False,80,60,60,100,70,30,0
259,2109,"Wyvern Blade ""Blossom""",long-sword,"Wyvern Blade ""Holly""",N/A,9,759,10,N/A,False,Poison,360.0,N/A,N/A,N/A,1,0,0,N/A,N/A,N/A,N/A,N/A,N/A,N/A,N/A,"Wyvern Blade ""Blossom""",long-sword,Upgrade,Rathian Surspike,3,Rathian Shard,5.0,Rathian Cortex,4.0,N/A,N/A,long-sword,False,90,100,40,50,70,50,0
260,2110,"Wyvern Blade ""Blossom""+",long-sword,"Wyvern Blade ""Blossom""",N/A,10,858,10,N/A,False,Poison,390.0,N/A,N/A,N/A,1,0,0,N/A,N/A,N/A,N/A,N/A,N/A,N/A,N/A,"Wyvern Blade ""Blossom""+",long-sword,Upgrade,Monster Solidbone,5,Pink Rathian Shard,4.0,Pink Rathian Cortex,3.0,Rathian Mantle,1.0,long-sword,False,110,30,30,110,40,80,0
261,2111,"Wyvern Blade ""Luna""",long-sword,"Wyvern Blade ""Blossom""+",N/A,12,957,10,N/A,False,Poison,420.0,N/A,N/A,N/A,1,0,0,N/A,N/A,N/A,N/A,N/A,N/A,N/A,N/A,"Wyvern Blade ""Luna""",long-sword,Upgrade,Gold Rathian Surspike,3,Gold Rathian Shard,5.0,Gold Rathian Cortex,4.0,Rath Gleam,1.0,long-sword,False,70,80,30,30,80,110,0
262,115,"Wyvern Blade ""Fall""",long-sword,"Wyvern Blade ""Leaf""",N/A,4,396,15,N/A,False,Fire,150.0,N/A,N/A,N/A,0,0,0,N/A,N/A,N/A,N/A,N/A,N/A,N/A,N/A,"Wyvern Blade ""Fall""",long-sword,Upgrade,Rath Wingtalon,3,Rathalos Shell,2.0,Flame Sac,2.0,Rathalos Marrow,1.0,long-sword,False,80,50,80,90,0,0,0
263,116,"Wyvern Blade ""Blood""",long-sword,"Wyvern Blade ""Fall""",N/A,6,528,15,N/A,False,Fire,180.0,N/A,N/A,N/A,1,0,0,N/A,N/A,N/A,N/A,N/A,N/A,N/A,N/A,"Wyvern Blade ""Blood""",long-sword,Upgrade,Rathalos Scale+,6,Rathalos Carapace,4.0,Rathalos Wing,2.0,Rathalos Plate,1.0,long-sword,False,110,50,50,80,60,0,0
264,117,"Wyvern Blade ""Azure""",long-sword,"Wyvern Blade ""Blood""",N/A,7,561,15,N/A,False,Fire,210.0,N/A,N/A,N/A,1,0,0,N/A,N/A,N/A,N/A,N/A,N/A,N/A,N/A,"Wyvern Blade ""Azure""",long-sword,Upgrade,Azure Rathalos Scale+,6,Azure Rathalos Carapace,4.0,Azure Rathalos Wing,3.0,Rathalos Medulla,1.0,long-sword,False,100,60,80,80,60,20,0
265,118,"Wyvern Blade ""Indigo""",long-sword,"Wyvern Blade ""Azure""",N/A,8,627,15,N/A,False,Fire,240.0,N/A,N/A,N/A,1,0,0,N/A,N/A,N/A,N/A,N/A,N/A,N/A,N/A,"Wyvern Blade ""Indigo""",long-sword,Upgrade,Teostra Horn+,2,Azure Rathalos Scale+,8.0,Azure Rathalos Tail,3.0,Rathalos Ruby,1.0,long-sword,False,70,50,60,120,60,40,0
266,2112,"Wyvern Blade ""Indigo""+",long-sword,"Wyvern Blade ""Indigo""",N/A,10,726,15,N/A,False,Fire,300.0,N/A,N/A,N/A,1,0,0,N/A,N/A,N/A,N/A,N/A,N/A,N/A,N/A,"Wyvern Blade ""Indigo""+",long-sword,Upgrade,Rathalos Shard,6,Rathalos Cortex,4.0,Rathalos Fellwing,2.0,Rath Wingtalon+,4.0,long-sword,False,90,100,40,50,70,50,0
267,2113,"Wyvern Blade ""Empyrean""",long-sword,"Wyvern Blade ""Indigo""+",N/A,10,792,20,N/A,False,Fire,330.0,N/A,N/A,N/A,1,0,0,N/A,N/A,N/A,N/A,N/A,N/A,N/A,N/A,"Wyvern Blade ""Empyrean""",long-sword,Upgrade,Azure Rathalos Shard,6,Azure Rathalos Cortex,4.0,Azure Rathalos Fellwing,3.0,Rathalos Mantle,1.0,long-sword,False,100,80,30,30,80,80,0
268,2114,"Wyvern Blade ""Pale""",long-sword,"Wyvern Blade ""Empyrean""",N/A,12,891,20,N/A,False,Fire,420.0,N/A,N/A,N/A,2,0,0,N/A,N/A,N/A,N/A,N/A,N/A,N/A,N/A,"Wyvern Blade ""Pale""",long-sword,Upgrade,Silver Rathalos Shard,8,Silver Rathalos Cortex,4.0,Silver Rathalos Lash,3.0,Rath Gleam,2.0,long-sword,False,130,30,30,60,50,70,30
269,119,Bone Shotel I,long-sword,N/A,N/A,1,297,0,N/A,False,N/A,N/A,N/A,N/A,N/A,0,0,0,N/A,N/A,N/A,N/A,N/A,N/A,N/A,N/A,Bone Shotel I,long-sword,Create,Monster Bone S,1,N/A,N/A,N/A,N/A,N/A,N/A,long-sword,False,100,60,80,10,0,0,0
270,120,Bone Shotel II,long-sword,Bone Shotel I,N/A,1,330,0,N/A,False,N/A,N/A,N/A,N/A,N/A,0,0,0,N/A,N/A,N/A,N/A,N/A,N/A,N/A,N/A,Bone Shotel II,long-sword,Upgrade,Monster Bone S,2,N/A,N/A,N/A,N/A,N/A,N/A,long-sword,False,90,50,80,30,0,0,0
271,121,Bone Shotel III,long-sword,Bone Shotel II,N/A,2,396,0,N/A,False,N/A,N/A,N/A,N/A,N/A,0,0,0,N/A,N/A,N/A,N/A,N/A,N/A,N/A,N/A,Bone Shotel III,long-sword,Upgrade,Monster Bone M,2,Ancient Bone,1.0,N/A,N/A,N/A,N/A,long-sword,False,70,60,60,60,0,0,0
272,122,Hard Bone Shotel I,long-sword,Bone Shotel III,N/A,3,429,0,N/A,False,N/A,N/A,N/A,N/A,N/A,0,0,0,N/A,N/A,N/A,N/A,N/A,N/A,N/A,N/A,Hard Bone Shotel I,long-sword,Upgrade,Monster Bone L,1,Monster Bone M,5.0,Boulder Bone,2.0,N/A,N/A,long-sword,False,130,70,30,70,0,0,0
273,123,Hard Bone Shotel II,long-sword,Hard Bone Shotel I,N/A,4,495,0,N/A,False,N/A,N/A,N/A,N/A,N/A,0,0,0,N/A,N/A,N/A,N/A,N/A,N/A,N/A,N/A,Hard Bone Shotel II,long-sword,Upgrade,Monster Bone+,2,Monster Bone L,1.0,Sturdy Bone,4.0,N/A,N/A,long-sword,False,110,70,30,90,0,0,0
274,124,Hard Bone Shotel III,long-sword,Hard Bone Shotel II,N/A,5,528,0,N/A,True,Sleep,210.0,N/A,N/A,N/A,1,0,0,N/A,N/A,N/A,N/A,N/A,N/A,N/A,N/A,Hard Bone Shotel III,long-sword,Upgrade,Monster Keenbone,2,Monster Bone+,2.0,Quality Bone,2.0,N/A,N/A,long-sword,False,140,70,30,100,10,0,0
275,125,Bone Reaper I,long-sword,Hard Bone Shotel III,N/A,6,561,0,10.0,True,Sleep,240.0,N/A,N/A,N/A,2,0,0,N/A,N/A,N/A,N/A,N/A,N/A,N/A,N/A,Bone Reaper I,long-sword,Upgrade,Monster Hardbone,4,Monster Keenbone,6.0,Quality Bone,10.0,N/A,N/A,long-sword,False,100,100,40,40,70,0,0
276,126,Bone Reaper II,long-sword,Bone Reaper I,N/A,6,627,0,10.0,True,Sleep,270.0,N/A,N/A,N/A,3,0,0,N/A,N/A,N/A,N/A,N/A,N/A,N/A,N/A,Bone Reaper II,long-sword,Upgrade,Elder Dragon Bone,4,Monster Hardbone,6.0,Quality Bone,20.0,Dragonbone Relic,1.0,long-sword,False,100,120,40,50,90,0,0
277,2115,Grand Khopesh I,long-sword,Bone Reaper II,N/A,9,759,0,35.0,True,Sleep,300.0,N/A,N/A,N/A,3,0,0,N/A,N/A,N/A,N/A,N/A,N/A,N/A,N/A,Grand Khopesh I,long-sword,Create,Thick Bone,6,Quality Bone,8.0,Monster Toughbone,4.0,Dragonbone Artifact,1.0,long-sword,False,100,100,40,50,60,50,0
278,2115,Grand Khopesh I,long-sword,Bone Reaper II,N/A,9,759,0,35.0,True,Sleep,300.0,N/A,N/A,N/A,3,0,0,N/A,N/A,N/A,N/A,N/A,N/A,N/A,N/A,Grand Khopesh I,long-sword,Upgrade,Thick Bone,2,Quality Bone,4.0,Monster Hardbone,4.0,Frozen Bone,1.0,long-sword,False,100,100,40,50,60,50,0
279,2116,Grand Khopesh II,long-sword,Grand Khopesh I,N/A,10,825,0,35.0,True,Sleep,300.0,N/A,N/A,N/A,3,0,0,N/A,N/A,N/A,N/A,N/A,N/A,N/A,N/A,Grand Khopesh II,long-sword,Upgrade,Monster Solidbone,2,Monster Slogbone,3.0,Thick Bone,4.0,Monster Essence,2.0,long-sword,False,90,100,40,50,70,50,0
280,2117,Grand Khopesh III,long-sword,Grand Khopesh II,N/A,11,924,0,35.0,True,Sleep,300.0,N/A,N/A,N/A,3,0,0,N/A,N/A,N/A,N/A,N/A,N/A,N/A,N/A,Grand Khopesh III,long-sword,Upgrade,Large Elder Dragon Bone,3,Monster Solidbone,4.0,Thick Bone,6.0,Dragonbone Artifact,1.0,long-sword,False,80,100,40,50,80,50,0
281,2118,Icebrink,long-sword,Grand Khopesh II,N/A,11,858,0,N/A,False,Ice,240.0,N/A,N/A,N/A,4,0,0,N/A,N/A,N/A,N/A,N/A,N/A,N/A,N/A,Icebrink,long-sword,Upgrade,Crystal Shard,4,Velkhana Hardclaw,2.0,Velkhana Lash,2.0,Purecrystal,1.0,long-sword,False,150,30,30,60,50,30,50
282,2119,Reverent Elusarca,long-sword,Icebrink,N/A,12,891,0,N/A,False,Ice,270.0,N/A,N/A,N/A,4,0,0,N/A,N/A,N/A,N/A,N/A,N/A,N/A,N/A,Reverent Elusarca,long-sword,Upgrade,Shara Ishvalda Tenderclaw,3,Velkhana Crownhorn,4.0,Velkhana Hardclaw,4.0,Velkhana Crystal,1.0,long-sword,False,140,30,30,60,50,40,50
283,2120,Tigrine Edge,long-sword,Grand Khopesh I,N/A,10,825,-20,N/A,True,Blast,210.0,N/A,N/A,N/A,0,0,0,N/A,N/A,N/A,N/A,N/A,N/A,N/A,N/A,Tigrine Edge,long-sword,Upgrade,Tigrex Hardclaw,3,Tigrex Shard,4.0,Monster Slogbone,3.0,Thick Bone,5.0,long-sword,False,80,30,30,110,40,110,0
284,2121,Tigrine Edge+,long-sword,Tigrine Edge,N/A,10,891,-20,N/A,True,Blast,240.0,N/A,N/A,N/A,0,0,0,N/A,N/A,N/A,N/A,N/A,N/A,N/A,N/A,Tigrine Edge+,long-sword,Upgrade,Blackcurl Stouthorn,1,Tigrex Hardfang,3.0,Tigrex Lash,2.0,Tigrex Mantle,1.0,long-sword,False,70,30,30,110,40,120,0
285,2122,Tigrine Need,long-sword,Tigrine Edge+,N/A,11,924,-20,N/A,True,Blast,330.0,N/A,N/A,N/A,0,0,0,N/A,N/A,N/A,N/A,N/A,N/A,N/A,N/A,Tigrine Need,long-sword,Upgrade,Daora Hardclaw,2,Tigrex Hardfang,2.0,Tigrex Cortex,4.0,Pure Dragon Blood,5.0,long-sword,False,60,30,30,110,40,130,0
286,2123,Tigerfang,long-sword,Tigrine Edge,N/A,11,924,-30,N/A,True,Sleep,240.0,N/A,N/A,N/A,0,0,0,N/A,N/A,N/A,N/A,N/A,N/A,N/A,N/A,Tigerfang,long-sword,Upgrade,Brute Tigrex Hardclaw,3,Brute Tigrex Shard,5.0,Brute Tigrex Hardfang,2.0,Large Wyvern Gem,1.0,long-sword,False,100,20,30,90,90,30,40
287,2124,Ravenbite,long-sword,Tigerfang,N/A,12,957,-30,N/A,True,Sleep,390.0,N/A,N/A,N/A,0,0,0,N/A,N/A,N/A,N/A,N/A,N/A,N/A,N/A,Ravenbite,long-sword,Upgrade,Tempered Ebonjaw,5,Brute Tigrex Hardclaw,4.0,Brute Tigrex Hardfang,3.0,Tigrex Mantle,1.0,long-sword,False,90,20,30,90,90,40,40
288,127,Rookslayer Long Sword,long-sword,Hard Bone Shotel III,N/A,6,561,-10,N/A,False,Blast,150.0,N/A,N/A,N/A,1,1,0,N/A,N/A,N/A,N/A,N/A,N/A,N/A,N/A,Rookslayer Long Sword,long-sword,Upgrade,Bazelgeuse Talon,3,Bazelgeuse Scale+,5.0,Bazelgeuse Fuse,4.0,Firecell Stone,1.0,long-sword,False,100,100,40,40,70,0,0
289,128,Bazel Varga Rookslayer,long-sword,Rookslayer Long Sword,N/A,8,660,-10,N/A,False,Blast,210.0,N/A,N/A,N/A,1,1,0,N/A,N/A,N/A,N/A,N/A,N/A,N/A,N/A,Bazel Varga Rookslayer,long-sword,Upgrade,Xeno'jiiva Wing,3,Bazelgeuse Wing,4.0,Bazelgeuse Talon,4.0,Bazelgeuse Gem,1.0,long-sword,False,60,120,80,60,30,50,0
290,2125,Rooksearer Long Sword,long-sword,Bazel Varga Rookslayer,N/A,11,792,-10,N/A,False,Blast,240.0,N/A,N/A,N/A,1,1,0,N/A,N/A,N/A,N/A,N/A,N/A,N/A,N/A,Rooksearer Long Sword,long-sword,Upgrade,Bazelgeuse Hardclaw,3,Bazelgeuse Shard,4.0,Distilled Blast Fluid,3.0,Meldspar Ore,5.0,long-sword,False,150,30,30,60,50,30,50
291,2126,Bazel Prozio Rooksearer,long-sword,Rooksearer Long Sword,N/A,12,858,-10,N/A,False,Blast,300.0,N/A,N/A,N/A,1,1,0,N/A,N/A,N/A,N/A,N/A,N/A,N/A,N/A,Bazel Prozio Rooksearer,long-sword,Upgrade,Shara Ishvalda Petalstone,2,Scorching Silverwing,4.0,Bazelgeuse Hardclaw,4.0,Bazelgeuse Mantle,1.0,long-sword,False,140,30,30,60,50,40,50
292,129,Blazing Shotel I,long-sword,Bone Shotel III,N/A,3,462,-20,N/A,False,Fire,150.0,N/A,N/A,N/A,0,0,0,N/A,N/A,N/A,N/A,N/A,N/A,N/A,N/A,Blazing Shotel I,long-sword,Upgrade,Anjanath Fang,2,Anjanath Scale,3.0,Flame Sac,1.0,N/A,N/A,long-sword,False,130,70,30,70,0,0,0
293,130,Blazing Shotel II,long-sword,Blazing Shotel I,N/A,4,528,-20,N/A,False,Fire,210.0,N/A,N/A,N/A,0,0,0,N/A,N/A,N/A,N/A,N/A,N/A,N/A,N/A,Blazing Shotel II,long-sword,Upgrade,Rathalos Marrow,1,Anjanath Fang,4.0,Anjanath Nosebone,1.0,Anjanath Tail,1.0,long-sword,False,120,70,30,80,0,0,0
294,131,Anja Scimitar I,long-sword,Blazing Shotel II,N/A,5,594,-20,N/A,False,Fire,270.0,N/A,N/A,N/A,0,0,0,N/A,N/A,N/A,N/A,N/A,N/A,N/A,N/A,Anja Scimitar I,long-sword,Upgrade,Anjanath Fang+,4,Anjanath Scale+,5.0,Inferno Sac,3.0,Anjanath Plate,1.0,long-sword,False,140,70,30,100,10,0,0
295,132,Anja Scimitar II,long-sword,Anja Scimitar I,N/A,6,660,-20,N/A,False,Fire,330.0,N/A,N/A,N/A,0,0,0,N/A,N/A,N/A,N/A,N/A,N/A,N/A,N/A,Anja Scimitar II,long-sword,Upgrade,Rathalos Medulla,2,Anjanath Fang+,5.0,Anjanath Pelt+,4.0,Firecell Stone,1.0,long-sword,False,100,100,40,40,70,0,0
296,133,Anja Scimitar III,long-sword,Anja Scimitar II,N/A,6,693,-20,N/A,False,Fire,390.0,N/A,N/A,N/A,0,0,0,N/A,N/A,N/A,N/A,N/A,N/A,N/A,N/A,Anja Scimitar III,long-sword,Upgrade,Teostra Mane,2,Anjanath Fang+,6.0,Anjanath Nosebone+,2.0,Anjanath Gem,1.0,long-sword,False,110,120,40,50,80,0,0
297,2127,Anja Direfang I,long-sword,Anja Scimitar III,N/A,9,759,-20,N/A,False,Fire,480.0,N/A,N/A,N/A,0,0,0,N/A,N/A,N/A,N/A,N/A,N/A,N/A,N/A,Anja Direfang I,long-sword,Create,Anjanath Hardfang,2,Anjanath Lash,2.0,Anjanath Shard,6.0,Anjanath Mantle,1.0,long-sword,False,80,100,40,50,80,50,0
298,2127,Anja Direfang I,long-sword,Anja Scimitar III,N/A,9,759,-20,N/A,False,Fire,480.0,N/A,N/A,N/A,0,0,0,N/A,N/A,N/A,N/A,N/A,N/A,N/A,N/A,Anja Direfang I,long-sword,Upgrade,Anjanath Hardfang,1,Anjanath Shard,2.0,Conflagrant Sac,1.0,Eltalite Ore,3.0,long-sword,False,80,100,40,50,80,50,0
299,2128,Anja Direfang II,long-sword,Anja Direfang I,N/A,10,891,-20,N/A,False,Fire,600.0,N/A,N/A,N/A,0,0,0,N/A,N/A,N/A,N/A,N/A,N/A,N/A,N/A,Anja Direfang II,long-sword,Upgrade,Azure Rathalos Cortex,2,Anjanath Fur,3.0,Heavy Anjanath Nosebone,2.0,Anjanath Lash,1.0,long-sword,False,80,100,40,50,80,50,0
300,2129,Gnashing Fulgur I,long-sword,Anja Direfang I,N/A,10,792,10,N/A,False,Thunder,240.0,N/A,N/A,N/A,0,0,0,N/A,N/A,N/A,N/A,N/A,N/A,N/A,N/A,Gnashing Fulgur I,long-sword,Upgrade,Fulgur Anjanath Hardfang,1,Fulgur Anjanath Shard,2.0,Monster Solidbone,3.0,Meldspar Ore,2.0,long-sword,False,80,100,40,50,80,50,0
301,2130,Gnashing Fulgur II,long-sword,Gnashing Fulgur I,N/A,10,825,20,N/A,False,Thunder,330.0,N/A,N/A,N/A,1,0,0,N/A,N/A,N/A,N/A,N/A,N/A,N/A,N/A,Gnashing Fulgur II,long-sword,Upgrade,Fulgur Anjanath Thickfur,3,Heavy Fulgur Anjanath Nosebone,2.0,Fulgur Anjanath Lash,1.0,Lightning Sac,3.0,long-sword,False,80,100,40,50,80,50,0
302,134,Jyura Shotel I,long-sword,Bone Shotel II,N/A,2,396,0,N/A,False,Water,150.0,N/A,N/A,N/A,0,0,0,N/A,N/A,N/A,N/A,N/A,N/A,N/A,N/A,Jyura Shotel I,long-sword,Upgrade,Jyuratodus Fin,1,Jyuratodus Shell,1.0,Jyuratodus Scale,3.0,Aqua Sac,1.0,long-sword,False,80,70,30,70,0,0,0
303,135,Jyura Shotel II,long-sword,Jyura Shotel I,N/A,3,429,0,N/A,False,Water,180.0,N/A,N/A,N/A,0,0,0,N/A,N/A,N/A,N/A,N/A,N/A,N/A,N/A,Jyura Shotel II,long-sword,Upgrade,Great Girros Hide,2,Jyuratodus Fin,3.0,Jyuratodus Shell,3.0,Gajau Skin,3.0,long-sword,False,120,70,30,80,0,0,0
304,136,Jyura Shotel III,long-sword,Jyura Shotel II,N/A,4,462,0,N/A,False,Water,210.0,N/A,N/A,N/A,0,0,0,N/A,N/A,N/A,N/A,N/A,N/A,N/A,N/A,Jyura Shotel III,long-sword,Upgrade,Monster Bone+,2,Jyuratodus Fang,4.0,Jyuratodus Shell,3.0,Gajau Whisker,3.0,long-sword,False,110,70,30,90,0,0,0
305,137,Dipterus I,long-sword,Jyura Shotel III,N/A,5,495,0,N/A,False,Water,240.0,N/A,N/A,N/A,1,0,0,N/A,N/A,N/A,N/A,N/A,N/A,N/A,N/A,Dipterus I,long-sword,Create,Jyuratodus Fin+,3,Jyuratodus Carapace,3.0,Jyuratodus Scale+,6.0,Carbalite Ore,6.0,long-sword,False,140,70,30,100,10,0,0
306,137,Dipterus I,long-sword,Jyura Shotel III,N/A,5,495,0,N/A,False,Water,240.0,N/A,N/A,N/A,1,0,0,N/A,N/A,N/A,N/A,N/A,N/A,N/A,N/A,Dipterus I,long-sword,Upgrade,Jyuratodus Fin+,2,Jyuratodus Carapace,2.0,Jyuratodus Scale+,3.0,Gajau Scale,5.0,long-sword,False,140,70,30,100,10,0,0
307,138,Dipterus II,long-sword,Dipterus I,N/A,6,561,0,N/A,False,Water,300.0,N/A,N/A,N/A,2,0,0,N/A,N/A,N/A,N/A,N/A,N/A,N/A,N/A,Dipterus II,long-sword,Upgrade,Monster Hardbone,3,Jyuratodus Fin+,4.0,Torrent Sac,3.0,Grand Gajau Whisker,3.0,long-sword,False,110,100,40,40,60,0,0
308,139,Dipterus III,long-sword,Dipterus II,N/A,6,627,0,N/A,False,Water,360.0,N/A,N/A,N/A,3,0,0,N/A,N/A,N/A,N/A,N/A,N/A,N/A,N/A,Dipterus III,long-sword,Upgrade,Elder Dragon Bone,2,Jyuratodus Fin+,6.0,Jyuratodus Fang+,5.0,Wyvern Gem,1.0,long-sword,False,170,100,30,30,40,30,0
309,2131,Dipterus Varzea I,long-sword,Dipterus III,N/A,9,759,0,N/A,False,Water,390.0,N/A,N/A,N/A,3,1,0,N/A,N/A,N/A,N/A,N/A,N/A,N/A,N/A,Dipterus Varzea I,long-sword,Upgrade,Jyuratodus Grandfin,1,Jyuratodus Hardfang,1.0,Jyuratodus Shard,3.0,Gajau Thickhide,2.0,long-sword,False,100,100,40,50,60,50,0
310,2132,Dipterus Varzea II,long-sword,Dipterus Varzea I,N/A,10,858,0,N/A,False,Water,420.0,N/A,N/A,N/A,3,1,0,N/A,N/A,N/A,N/A,N/A,N/A,N/A,N/A,Dipterus Varzea II,long-sword,Upgrade,Monster Slogbone,2,Jyuratodus Grandfin,2.0,Flood Sac,2.0,Steel Gajau Whisker,1.0,long-sword,False,100,100,40,50,60,50,0
311,2133,Mammoth Longblade I,long-sword,Dipterus III,N/A,9,825,0,N/A,True,Ice,330.0,N/A,N/A,N/A,4,0,0,N/A,N/A,N/A,N/A,N/A,N/A,N/A,N/A,Mammoth Longblade I,long-sword,Upgrade,Banbaro Great Horn,1,Banbaro Cortex,2.0,Banbaro Chine,2.0,Monster Toughbone,3.0,long-sword,False,90,50,50,80,130,0,0
312,2134,Mammoth Longblade II,long-sword,Mammoth Longblade I,N/A,10,924,0,N/A,True,Ice,510.0,N/A,N/A,N/A,4,0,0,N/A,N/A,N/A,N/A,N/A,N/A,N/A,N/A,Mammoth Longblade II,long-sword,Upgrade,Monster Solidbone,3,Banbaro Great Horn,3.0,Banbaro Lash,2.0,Dragonbone Artifact,1.0,long-sword,False,90,50,50,80,130,0,0
313,140,Hazak Grosser I,long-sword,Dipterus II,N/A,7,627,0,N/A,False,Dragon,210.0,N/A,N/A,average,2,0,0,N/A,N/A,N/A,N/A,N/A,N/A,N/A,N/A,Hazak Grosser I,long-sword,Upgrade,Vaal Hazak Talon,4,Vaal Hazak Fang+,5.0,Deceased Scale,6.0,Vaal Hazak Membrane,4.0,long-sword,False,160,100,30,30,50,30,0
314,141,Hazak Grosser II,long-sword,Hazak Grosser I,N/A,7,660,0,N/A,False,Dragon,270.0,N/A,N/A,average,2,0,0,N/A,N/A,N/A,N/A,N/A,N/A,N/A,N/A,Hazak Grosser II,long-sword,Upgrade,Xeno'jiiva Veil,3,Vaal Hazak Talon,6.0,Vaal Hazak Tail,2.0,Vaal Hazak Gem,1.0,long-sword,False,200,70,20,20,50,40,0
315,2135,Deathblade Vaal Grosser,long-sword,Hazak Grosser II,N/A,11,825,0,N/A,False,Dragon,480.0,N/A,N/A,average,3,2,0,N/A,N/A,N/A,N/A,N/A,N/A,N/A,N/A,Deathblade Vaal Grosser,long-sword,Upgrade,Vaal Hazak Hardclaw,3,Shadowpierce Fang,2.0,Deceased Shard,5.0,Deathweaver Membrane,3.0,long-sword,False,80,80,30,30,80,100,0
316,2136,Acid Scimitar I,long-sword,Hazak Grosser II,N/A,10,891,0,N/A,True,Paralysis,360.0,N/A,N/A,N/A,4,0,0,N/A,N/A,N/A,N/A,N/A,N/A,N/A,N/A,Acid Scimitar I,long-sword,Upgrade,Acidic Glavenus Hardfang,2,Acidic Glavenus Spineshell,2.0,Acidic Glavenus Tailedge,2.0,Honed Acidcryst,4.0,long-sword,False,160,100,30,30,50,30,0
317,2137,Acid Scimitar II,long-sword,Acid Scimitar I,N/A,11,957,0,N/A,True,Paralysis,390.0,N/A,N/A,N/A,4,0,0,N/A,N/A,N/A,N/A,N/A,N/A,N/A,N/A,Acid Scimitar II,long-sword,Upgrade,Vaal Hazak Hardclaw,2,Acidic Glavenus Hardfang,4.0,Acidic Glavenus Spineshell,3.0,Glavenus Mantle,1.0,long-sword,False,60,50,110,90,60,20,10
318,142,Pulsar Shotel I,long-sword,Bone Shotel II,N/A,2,363,10,N/A,False,Thunder,120.0,N/A,N/A,N/A,0,0,0,N/A,N/A,N/A,N/A,N/A,N/A,N/A,N/A,Pulsar Shotel I,long-sword,Upgrade,Tobi-Kadachi Claw,1,Tobi-Kadachi Scale,3.0,Tobi-Kadachi Pelt,2.0,N/A,N/A,long-sword,False,60,70,30,90,0,0,0
319,143,Pulsar Shotel II,long-sword,Pulsar Shotel I,N/A,3,396,10,N/A,False,Thunder,150.0,N/A,N/A,N/A,0,0,0,N/A,N/A,N/A,N/A,N/A,N/A,N/A,N/A,Pulsar Shotel II,long-sword,Upgrade,Tobi-Kadachi Electrode,2,Tobi-Kadachi Claw,3.0,Electro Sac,2.0,Coral Crystal,3.0,long-sword,False,100,70,30,100,0,0,0
320,144,Pulsar Shotel III,long-sword,Pulsar Shotel II,N/A,4,462,10,N/A,False,Thunder,180.0,N/A,N/A,N/A,0,0,0,N/A,N/A,N/A,N/A,N/A,N/A,N/A,N/A,Pulsar Shotel III,long-sword,Upgrade,Monster Bone+,2,Tobi-Kadachi Electrode,2.0,Tobi-Kadachi Membrane,2.0,Warped Bone,2.0,long-sword,False,90,70,30,110,0,0,0
321,145,Kadachi Fang I,long-sword,Pulsar Shotel III,N/A,5,528,15,N/A,False,Thunder,210.0,N/A,N/A,N/A,1,0,0,N/A,N/A,N/A,N/A,N/A,N/A,N/A,N/A,Kadachi Fang I,long-sword,Upgrade,Tobi-Kadachi Claw+,3,Tobi-Kadachi Scale+,4.0,Tobi-Kadachi Pelt+,3.0,Dragonvein Crystal,3.0,long-sword,False,100,100,40,40,70,0,0
322,146,Kadachi Fang II,long-sword,Kadachi Fang I,N/A,6,561,15,N/A,False,Thunder,240.0,N/A,N/A,N/A,1,0,0,N/A,N/A,N/A,N/A,N/A,N/A,N/A,N/A,Kadachi Fang II,long-sword,Upgrade,Majestic Horn,2,Tobi-Kadachi Electrode+,2.0,Tobi-Kadachi Claw+,4.0,Thunder Sac,3.0,long-sword,False,90,100,40,40,80,0,0
323,147,Kadachi Fang III,long-sword,Kadachi Fang II,N/A,6,594,15,N/A,False,Thunder,270.0,N/A,N/A,N/A,1,0,0,N/A,N/A,N/A,N/A,N/A,N/A,N/A,N/A,Kadachi Fang III,long-sword,Upgrade,Nergigante Talon,2,Tobi-Kadachi Electrode+,4.0,Tobi-Kadachi Claw+,6.0,Wyvern Gem,1.0,long-sword,False,150,100,30,30,60,30,0
324,2138,Kadachi Daito I,long-sword,Kadachi Fang III,N/A,9,693,15,N/A,False,Thunder,450.0,N/A,N/A,N/A,1,0,0,N/A,N/A,N/A,N/A,N/A,N/A,N/A,N/A,Kadachi Daito I,long-sword,Create,Tobi-Kadachi Hardclaw,2,Tobi-Kadachi Cathode,2.0,Tobi-Kadachi Shard,6.0,Large Wyvern Gem,1.0,long-sword,False,100,30,30,110,40,90,0
325,2138,Kadachi Daito I,long-sword,Kadachi Fang III,N/A,9,693,15,N/A,False,Thunder,450.0,N/A,N/A,N/A,1,0,0,N/A,N/A,N/A,N/A,N/A,N/A,N/A,N/A,Kadachi Daito I,long-sword,Upgrade,Tobi-Kadachi Hardclaw,1,Tobi-Kadachi Shard,2.0,Tobi-Kadachi Thickfur,2.0,Lightning Sac,1.0,long-sword,False,100,30,30,110,40,90,0
326,2139,Kadachi Daito II,long-sword,Kadachi Daito I,N/A,10,759,15,N/A,False,Thunder,510.0,N/A,N/A,N/A,1,0,0,N/A,N/A,N/A,N/A,N/A,N/A,N/A,N/A,Kadachi Daito II,long-sword,Upgrade,Hard Odogaron Sinew,2,Tobi-Kadachi Cathode,2.0,Tobi-Kadachi Hardclaw,2.0,Tobi-Kadachi Membrane+,2.0,long-sword,False,130,30,90,30,30,70,20
327,2140,Crimson Viperfang I,long-sword,Kadachi Daito I,N/A,9,759,15,N/A,False,Paralysis,210.0,N/A,N/A,N/A,1,0,0,N/A,N/A,N/A,N/A,N/A,N/A,N/A,N/A,Crimson Viperfang I,long-sword,Upgrade,Viper Tobi-Kadachi Hardclaw,1,Viper Tobi-Kadachi Shard,2.0,Viper Tobi-Kadachi Thickfur,2.0,Ultraplegia Sac,1.0,long-sword,False,100,30,30,110,40,90,0
328,2141,Crimson Viperfang II,long-sword,Crimson Viperfang I,N/A,10,825,15,N/A,False,Paralysis,240.0,N/A,N/A,N/A,1,1,0,N/A,N/A,N/A,N/A,N/A,N/A,N/A,N/A,Crimson Viperfang II,long-sword,Upgrade,Acidic Glavenus Spineshell,2,Viper Tobi-Kadachi Thorn,2.0,Viper Tobi-Kadachi Hardclaw,2.0,Viper Tobi-Kadachi Membrane+,2.0,long-sword,False,130,30,30,60,50,70,30
329,148,Glacial Shotel I,long-sword,Pulsar Shotel II,N/A,4,429,0,N/A,False,Ice,210.0,N/A,N/A,N/A,0,0,0,N/A,N/A,N/A,N/A,N/A,N/A,N/A,N/A,Glacial Shotel I,long-sword,Upgrade,Legiana Claw,3,Legiana Scale,4.0,Frost Sac,2.0,N/A,N/A,long-sword,False,90,70,30,110,0,0,0
330,149,Glacial Shotel II,long-sword,Glacial Shotel I,N/A,5,462,0,N/A,False,Ice,240.0,N/A,N/A,N/A,0,0,0,N/A,N/A,N/A,N/A,N/A,N/A,N/A,N/A,Glacial Shotel II,long-sword,Upgrade,Paolumu Wing,4,Legiana Claw,4.0,Legiana Tail Webbing,3.0,Legiana Plate,1.0,long-sword,False,90,100,40,40,80,0,0
331,150,Stealer,long-sword,Glacial Shotel II,N/A,6,495,0,N/A,False,Ice,300.0,N/A,N/A,N/A,0,0,0,N/A,N/A,N/A,N/A,N/A,N/A,N/A,N/A,Stealer,long-sword,Upgrade,Legiana Claw+,3,Legiana Scale+,5.0,Legiana Wing,3.0,Freezer Sac,2.0,long-sword,False,80,100,40,40,90,0,0
332,151,Legia Stealer,long-sword,Stealer,N/A,8,528,0,N/A,False,Ice,360.0,N/A,N/A,N/A,0,0,0,N/A,N/A,N/A,N/A,N/A,N/A,N/A,N/A,Legia Stealer,long-sword,Upgrade,Daora Claw+,2,Legiana Claw+,5.0,Legiana Hide+,3.0,Legiana Gem,1.0,long-sword,False,240,20,20,20,30,70,0
333,2142,Legia Stealer+,long-sword,Legia Stealer,N/A,10,693,0,N/A,False,Ice,420.0,N/A,N/A,N/A,0,0,0,N/A,N/A,N/A,N/A,N/A,N/A,N/A,N/A,Legia Stealer+,long-sword,Upgrade,Legiana Hardclaw,2,Legiana Shard,3.0,Legiana Tail Webbing+,2.0,Frozen Bone,4.0,long-sword,False,100,30,30,110,40,90,0
334,2143,Hoarcry Stealer,long-sword,Legia Stealer+,N/A,10,726,0,N/A,False,Ice,510.0,N/A,N/A,N/A,0,0,0,N/A,N/A,N/A,N/A,N/A,N/A,N/A,N/A,Hoarcry Stealer,long-sword,Upgrade,Obsidian Icetalon,2,Rimed Hide,5.0,Stark Wing,2.0,Cryo Sac,4.0,long-sword,False,90,30,30,110,40,100,0
335,2144,Apsara Glacia,long-sword,Hoarcry Stealer,N/A,11,792,0,N/A,False,Ice,540.0,N/A,N/A,N/A,0,0,0,N/A,N/A,N/A,N/A,N/A,N/A,N/A,N/A,Apsara Glacia,long-sword,Upgrade,Velkhana Hardclaw,2,Obsidian Icetalon,4.0,Stark Wing,2.0,Legiana Mantle,1.0,long-sword,False,60,20,30,90,90,70,40
336,152,Dark Shotel I,long-sword,Pulsar Shotel I,N/A,3,396,0,N/A,False,N/A,N/A,N/A,N/A,N/A,0,0,0,N/A,N/A,N/A,N/A,N/A,N/A,N/A,N/A,Dark Shotel I,long-sword,Upgrade,Hornetaur Shell,3,Hornetaur Wing,2.0,Monster Fluid,2.0,N/A,N/A,long-sword,False,80,70,30,120,0,0,0
337,153,Dark Shotel II,long-sword,Dark Shotel I,N/A,4,429,0,N/A,False,N/A,N/A,N/A,N/A,N/A,0,0,0,N/A,N/A,N/A,N/A,N/A,N/A,N/A,N/A,Dark Shotel II,long-sword,Upgrade,Odogaron Fang,2,Hornetaur Shell,5.0,Hornetaur Wing,4.0,Hornetaur Head,2.0,long-sword,False,70,70,30,130,0,0,0
338,154,Dark Scimitar I,long-sword,Dark Shotel II,N/A,5,462,0,N/A,True,Paralysis,180.0,N/A,N/A,N/A,2,0,0,N/A,N/A,N/A,N/A,N/A,N/A,N/A,N/A,Dark Scimitar I,long-sword,Create,Hornetaur Razorwing,2,Girros Shard,4.0,Monster Broth,3.0,Novacrystal,1.0,long-sword,False,100,100,40,40,70,0,0
339,154,Dark Scimitar I,long-sword,Dark Shotel II,N/A,5,462,0,N/A,True,Paralysis,180.0,N/A,N/A,N/A,2,0,0,N/A,N/A,N/A,N/A,N/A,N/A,N/A,N/A,Dark Scimitar I,long-sword,Upgrade,Hornetaur Carapace,5,Hornetaur Innerwing,4.0,Monster Broth,2.0,Dragonvein Crystal,3.0,long-sword,False,100,100,40,40,70,0,0
340,155,Dark Scimitar II,long-sword,Dark Scimitar I,N/A,6,495,0,N/A,True,Paralysis,210.0,N/A,N/A,N/A,2,0,0,N/A,N/A,N/A,N/A,N/A,N/A,N/A,N/A,Dark Scimitar II,long-sword,Upgrade,Azure Rathalos Wing,2,Hornetaur Carapace,5.0,Hornetaur Innerwing,4.0,Novacrystal,1.0,long-sword,False,80,100,40,40,90,0,0
341,156,Dark Scimitar III,long-sword,Dark Scimitar II,N/A,6,528,0,N/A,True,Paralysis,240.0,N/A,N/A,N/A,2,0,0,N/A,N/A,N/A,N/A,N/A,N/A,N/A,N/A,Dark Scimitar III,long-sword,Upgrade,Vaal Hazak Fang+,3,Hornetaur Carapace,8.0,Hornetaur Innerwing,6.0,Wyvern Gem,1.0,long-sword,False,110,30,60,80,40,80,0
342,2145,Abyss Piercer I,long-sword,Dark Scimitar III,N/A,9,660,0,N/A,True,Paralysis,270.0,N/A,N/A,N/A,2,0,0,N/A,N/A,N/A,N/A,N/A,N/A,N/A,N/A,Abyss Piercer I,long-sword,Upgrade,Hornetaur Razorwing,2,Tough Claw,1.0,Monster Essence,2.0,Spiritvein Crystal,3.0,long-sword,False,100,30,30,110,40,90,0
343,2146,Abyss Piercer II,long-sword,Abyss Piercer I,N/A,10,759,0,N/A,True,Paralysis,300.0,N/A,N/A,N/A,2,0,0,N/A,N/A,N/A,N/A,N/A,N/A,N/A,N/A,Abyss Piercer II,long-sword,Upgrade,Odogaron Hardclaw,2,Hornetaur Razorwing,3.0,Monster Essence,3.0,Dragonbone Artifact,1.0,long-sword,False,120,20,20,70,40,30,100
344,2147,Brachydios Scimitar I,long-sword,Abyss Piercer I,N/A,10,726,0,N/A,False,Blast,330.0,N/A,N/A,N/A,0,0,0,N/A,N/A,N/A,N/A,N/A,N/A,N/A,N/A,Brachydios Scimitar I,long-sword,Upgrade,Brachydios Crown,2,Brachydios Cortex,4.0,Glowing Slime,3.0,Meldspar Ore,3.0,long-sword,False,100,30,30,110,40,90,0
345,2148,Brachydios Scimitar II,long-sword,Brachydios Scimitar I,N/A,10,792,0,N/A,False,Blast,480.0,N/A,N/A,N/A,1,0,0,N/A,N/A,N/A,N/A,N/A,N/A,N/A,N/A,Brachydios Scimitar II,long-sword,Upgrade,Azure Rathalos Fellwing,2,Brachydios Pounder+,3.0,Brachydios Lash,2.0,Glowing Slime,5.0,long-sword,False,90,30,30,110,40,100,0
346,157,Dragonbone Stabber I,long-sword,N/A,N/A,3,330,0,N/A,False,Dragon,270.0,N/A,N/A,low,0,0,0,N/A,N/A,N/A,N/A,N/A,N/A,N/A,N/A,Dragonbone Stabber I,long-sword,Create,Warped Bone,5,Coral Bone,5.0,Boulder Bone,5.0,Ancient Bone,5.0,long-sword,False,110,70,30,90,0,0,0
347,158,Dragonbone Stabber II,long-sword,Dragonbone Stabber I,N/A,4,363,0,N/A,False,Dragon,330.0,N/A,N/A,low,0,0,0,N/A,N/A,N/A,N/A,N/A,N/A,N/A,N/A,Dragonbone Stabber II,long-sword,Upgrade,Monster Bone+,6,Monster Bone L,8.0,Sturdy Bone,8.0,N/A,N/A,long-sword,False,100,70,30,100,0,0,0
348,159,Dragonbone Stabber III,long-sword,Dragonbone Stabber II,N/A,6,528,0,N/A,False,Dragon,420.0,N/A,N/A,low,1,0,0,N/A,N/A,N/A,N/A,N/A,N/A,N/A,N/A,Dragonbone Stabber III,long-sword,Upgrade,Elder Dragon Bone,10,Brutal Bone,4.0,Dragonbone Relic,2.0,Wyvern Gem,1.0,long-sword,False,150,100,30,30,60,30,0
349,2149,Dragonseal Aldblade I,long-sword,Dragonbone Stabber III,N/A,10,693,0,N/A,False,Dragon,510.0,N/A,N/A,average,1,1,0,N/A,N/A,N/A,N/A,N/A,N/A,N/A,N/A,Dragonseal Aldblade I,long-sword,Upgrade,Monster Solidbone,3,Monster Slogbone,4.0,Thick Bone,6.0,Dragonbone Artifact,1.0,long-sword,False,130,100,30,30,80,30,0
350,2150,Dragonseal Aldblade II,long-sword,Dragonseal Aldblade I,N/A,11,792,0,N/A,False,Dragon,630.0,N/A,N/A,average,1,1,0,N/A,N/A,N/A,N/A,N/A,N/A,N/A,N/A,Dragonseal Aldblade II,long-sword,Upgrade,Large Elder Dragon Bone,6,Monster Solidbone,4.0,Lavasioth Grandfin,2.0,Large Wyvern Gem,1.0,long-sword,False,70,60,60,100,80,30,0
351,2151,Radiant Flow,long-sword,Dragonseal Aldblade I,N/A,12,924,0,30.0,True,Dragon,450.0,N/A,N/A,high,1,1,0,N/A,N/A,N/A,N/A,N/A,N/A,N/A,N/A,Radiant Flow,long-sword,Upgrade,Shara Ishvalda Tenderclaw,4,Shara Ishvalda Tenderscale,6.0,Shara Ishvalda Tenderplate,2.0,Shara Ishvalda Gem,1.0,long-sword,False,170,30,30,60,50,30,30
352,160,Magda Facultas I,long-sword,Dragonbone Stabber I,N/A,5,528,-20,20.0,False,Blast,300.0,N/A,N/A,N/A,2,0,0,N/A,N/A,N/A,N/A,N/A,N/A,N/A,N/A,Magda Facultas I,long-sword,Upgrade,Zorah Magdaros Heat Scale,4,Zorah Magdaros Carapace,8.0,Zorah Magdaros Magma,4.0,Zorah Magdaros Gem,1.0,long-sword,False,110,50,80,100,10,0,0
353,161,Magda Facultas II,long-sword,Magda Facultas I,N/A,7,726,-20,20.0,False,Blast,360.0,N/A,N/A,N/A,2,0,0,N/A,N/A,N/A,N/A,N/A,N/A,N/A,N/A,Magda Facultas II,long-sword,Upgrade,Xeno'jiiva Shell,4,Zorah Magdaros Ridge,2.0,Zorah Magdaros Pleura,2.0,Firecell Stone,3.0,long-sword,False,210,30,40,90,30,0,0
354,2152,Magdaros Volcansword,long-sword,Magda Facultas II,N/A,11,924,-20,45.0,False,Blast,480.0,N/A,N/A,N/A,2,0,0,N/A,N/A,N/A,N/A,N/A,N/A,N/A,N/A,Magdaros Volcansword,long-sword,Upgrade,Elder Dragonvein Bone,3,Dragonvein Solidbone,5.0,Heavy Dragonvein Bone,6.0,Large Elder Dragon Gem,1.0,long-sword,False,140,40,40,70,70,20,20
355,2153,Hydra Tornaria,long-sword,Magda Facultas II,N/A,11,858,15,N/A,False,Water,210.0,N/A,N/A,N/A,0,0,0,N/A,N/A,N/A,N/A,N/A,N/A,N/A,N/A,Hydra Tornaria,long-sword,Upgrade,Namielle Hardclaw,4,Namielle Finehide,5.0,Namielle Whisker,2.0,Purecrystal,1.0,long-sword,False,90,80,30,30,80,90,0
356,2154,Black Tornaria,long-sword,Hydra Tornaria,N/A,12,924,15,N/A,False,Water,270.0,N/A,N/A,N/A,0,0,0,N/A,N/A,N/A,N/A,N/A,N/A,N/A,N/A,Black Tornaria,long-sword,Upgrade,Shara Ishvalda Tenderclaw,2,Namielle Whisker,4.0,Namielle Lash,2.0,Large Elder Dragon Gem,1.0,long-sword,False,70,80,30,30,80,110,0
357,162,Blacksteel Long Sword I,long-sword,N/A,N/A,5,330,0,N/A,False,Dragon,120.0,N/A,N/A,low,0,0,0,N/A,N/A,N/A,N/A,N/A,N/A,N/A,N/A,Blacksteel Long Sword I,long-sword,Create,Dragonvein Crystal,10,Earth Crystal,10.0,Coral Crystal,10.0,Lightcrystal,1.0,long-sword,False,150,110,40,40,10,0,0
358,163,Blacksteel Long Sword II,long-sword,Blacksteel Long Sword I,N/A,6,363,0,N/A,False,Dragon,150.0,N/A,N/A,low,0,0,0,N/A,N/A,N/A,N/A,N/A,N/A,N/A,N/A,Blacksteel Long Sword II,long-sword,Upgrade,Firecell Stone,1,Fucium Ore,5.0,Carbalite Ore,10.0,Wyvern Gem,1.0,long-sword,False,140,110,40,40,20,0,0
359,164,Imperial Saber,long-sword,Blacksteel Long Sword II,N/A,7,561,0,N/A,False,Blast,300.0,N/A,N/A,N/A,0,0,0,N/A,N/A,N/A,N/A,N/A,N/A,N/A,N/A,Imperial Saber,long-sword,Upgrade,Teostra Claw+,2,Teostra Mane,2.0,Teostra Carapace,5.0,Teostra Powder,4.0,long-sword,False,100,60,80,80,60,20,0
360,165,Imperial Shimmer,long-sword,Imperial Saber,N/A,8,627,0,N/A,False,Blast,300.0,N/A,N/A,N/A,0,0,0,N/A,N/A,N/A,N/A,N/A,N/A,N/A,N/A,Imperial Shimmer,long-sword,Upgrade,Xeno'jiiva Soulscale,5,Teostra Horn+,5.0,Teostra Claw+,2.0,Teostra Gem,1.0,long-sword,False,70,50,60,120,60,40,0
361,2155,Imperial Flickerflame,long-sword,Imperial Shimmer,N/A,11,858,10,N/A,False,Blast,360.0,N/A,N/A,N/A,0,0,0,N/A,N/A,N/A,N/A,N/A,N/A,N/A,N/A,Imperial Flickerflame,long-sword,Upgrade,Teostra Hardhorn,5,Fire Dragon Hardclaw,4.0,Teostra Mane+,4.0,Large Elder Dragon Gem,1.0,long-sword,False,110,30,30,110,40,80,0
362,166,Xeno Cypher,long-sword,Blacksteel Long Sword II,N/A,8,594,15,N/A,False,Dragon,180.0,N/A,N/A,low,3,3,0,N/A,N/A,N/A,N/A,N/A,N/A,N/A,N/A,Xeno Cypher,long-sword,Upgrade,Xeno'jiiva Claw,4,Xeno'jiiva Shell,6.0,Xeno'jiiva Tail,2.0,Xeno'jiiva Gem,1.0,long-sword,False,130,30,60,80,40,60,0
363,167,Supremacy Blade,long-sword,N/A,N/A,6,561,0,20.0,True,Dragon,120.0,N/A,N/A,high,3,0,0,N/A,N/A,N/A,N/A,N/A,N/A,N/A,N/A,Supremacy Blade,long-sword,Create,Hunter King Coin,5,Rathalos Coin,4.0,Gama Coin,4.0,Novacrystal,1.0,long-sword,False,100,50,50,80,70,0,0
364,168,Divine Slasher,long-sword,Supremacy Blade,N/A,8,693,0,20.0,True,Dragon,150.0,N/A,N/A,high,3,0,0,N/A,N/A,N/A,N/A,N/A,N/A,N/A,N/A,Divine Slasher,long-sword,Upgrade,Ace Hunter Coin,5,Brute Coin,4.0,Flying Coin,4.0,Wyvern Gem,2.0,long-sword,False,100,60,60,100,50,30,0
365,2156,Hellish Slasher,long-sword,Divine Slasher,N/A,11,924,0,40.0,True,Dragon,180.0,N/A,N/A,high,4,0,0,N/A,N/A,N/A,N/A,N/A,N/A,N/A,N/A,Hellish Slasher,long-sword,Upgrade,Hero King Coin,1,Glavenus Coin,2.0,Nargacuga Coin,2.0,Banbaro Coin,2.0,long-sword,False,60,30,30,110,40,130,0
366,1152,"Reaver ""Cruelty""",long-sword,N/A,N/A,6,693,-25,N/A,False,Dragon,150.0,N/A,N/A,high,0,0,0,N/A,N/A,N/A,N/A,N/A,N/A,N/A,N/A,"Reaver ""Cruelty""",long-sword,Create,Deviljho Scale,6,Deviljho Talon,2.0,Deviljho Tallfang,3.0,Deviljho Saliva,2.0,long-sword,False,60,120,80,60,30,50,0
367,1153,"Reaver ""Calamity""",long-sword,"Reaver ""Cruelty""",N/A,7,759,-25,N/A,False,Dragon,210.0,N/A,N/A,high,0,0,0,N/A,N/A,N/A,N/A,N/A,N/A,N/A,N/A,"Reaver ""Calamity""",long-sword,Upgrade,Elder Dragon Blood,5,Deviljho Scalp,2.0,Deviljho Tallfang,5.0,Deviljho Gem,1.0,long-sword,False,50,120,80,60,40,50,0
368,2157,Consummate Katana,long-sword,"Reaver ""Calamity""",N/A,12,924,-30,N/A,False,Dragon,330.0,N/A,N/A,high,0,0,0,N/A,N/A,N/A,N/A,N/A,N/A,N/A,N/A,Consummate Katana,long-sword,Upgrade,Vile Fang,3,Deviljho Ripper,2.0,Black Blood,3.0,Deviljho Crook,1.0,long-sword,False,160,30,30,60,50,40,30
369,169,Azure Star Blade,long-sword,N/A,N/A,3,363,20,N/A,False,Water,120.0,N/A,N/A,N/A,0,0,0,N/A,N/A,N/A,N/A,N/A,N/A,N/A,N/A,Azure Star Blade,long-sword,Create,Azure Star Shard,3,Great Jagras Claw,4.0,Monster Bone M,4.0,Lightcrystal,1.0,long-sword,False,100,70,30,100,0,0,0
370,1187,"Azure Star ""Dragon Dance""",long-sword,Azure Star Blade,N/A,7,495,30,N/A,False,Water,180.0,N/A,N/A,N/A,3,0,0,N/A,N/A,N/A,N/A,N/A,N/A,N/A,N/A,"Azure Star ""Dragon Dance""",long-sword,Upgrade,Azure Stargem,2,Dodogama Talon,4.0,Rathalos Ruby,1.0,Novacrystal,1.0,long-sword,False,120,30,60,80,40,70,0
371,1194,Empress Sword,long-sword,N/A,N/A,7,594,0,N/A,False,Blast,150.0,N/A,N/A,N/A,2,1,0,N/A,N/A,N/A,N/A,N/A,N/A,N/A,N/A,Empress Sword,long-sword,Create,Lunastra Scale+,4,Lunastra Horn,3.0,Lunastra Mane,3.0,Lunastra Gem,1.0,long-sword,False,110,30,60,80,40,80,0
372,1195,"Empress Sword ""Blaze""",long-sword,Empress Sword,N/A,8,594,20,N/A,False,Blast,180.0,N/A,N/A,N/A,2,1,0,N/A,N/A,N/A,N/A,N/A,N/A,N/A,Guts,"Empress Sword ""Blaze""",long-sword,Upgrade,Research Commission Ticket,1,Lunastra Horn,2.0,Teostra Horn+,3.0,Bazelgeuse Gem,1.0,long-sword,False,110,30,60,80,40,80,0
373,2158,"Soulfire Lash ""Blaze""",long-sword,"Empress Sword ""Blaze""",N/A,12,825,20,N/A,False,Blast,270.0,N/A,N/A,N/A,2,1,0,N/A,N/A,N/A,N/A,N/A,N/A,N/A,Guts,"Soulfire Lash ""Blaze""",long-sword,Upgrade,Lunastra Shard,4,Lunastra Hardhorn,4.0,Lunastra Mane+,4.0,Large Elder Dragon Gem,1.0,long-sword,False,120,30,90,30,30,80,20
374,1196,"Empress Sword ""Ruin""",long-sword,Empress Sword,N/A,8,627,0,N/A,False,Blast,150.0,N/A,N/A,N/A,2,2,0,N/A,N/A,N/A,N/A,N/A,N/A,N/A,Hasten Recovery,"Empress Sword ""Ruin""",long-sword,Upgrade,Research Commission Ticket,1,Lunastra Wing,3.0,Nergigante Horn+,3.0,Nergigante Gem,1.0,long-sword,False,110,30,60,80,40,80,0
375,2159,"Soulfire Lash ""Ruin""",long-sword,"Empress Sword ""Ruin""",N/A,12,891,0,N/A,False,Blast,210.0,N/A,N/A,N/A,2,2,0,N/A,N/A,N/A,N/A,N/A,N/A,N/A,Hasten Recovery,"Soulfire Lash ""Ruin""",long-sword,Upgrade,Lunastra Shard,4,Annihilating Greathorn,3.0,Eternal Regrowth Plate,3.0,Large Elder Dragon Gem,1.0,long-sword,False,120,30,90,30,30,80,20
376,1197,"Empress Sword ""Styx""",long-sword,Empress Sword,N/A,8,594,10,N/A,False,Blast,240.0,N/A,N/A,N/A,3,3,0,N/A,N/A,N/A,N/A,N/A,N/A,N/A,Razor Sharp/Spare Shot,"Empress Sword ""Styx""",long-sword,Upgrade,Research Commission Ticket,1,Lunastra Tail,2.0,Xeno'jiiva Horn,3.0,Xeno'jiiva Gem,1.0,long-sword,False,110,30,60,80,40,80,0
377,2160,"Soulfire Lash ""Styx""",long-sword,"Empress Sword ""Styx""",N/A,12,825,10,N/A,False,Blast,330.0,N/A,N/A,N/A,3,3,0,N/A,N/A,N/A,N/A,N/A,N/A,N/A,Razor Sharp/Spare Shot,"Soulfire Lash ""Styx""",long-sword,Upgrade,Lunastra Shard,4,Lunastra Lash,2.0,Elder Spiritvein Bone,5.0,Large Elder Dragon Gem,1.0,long-sword,False,120,30,90,30,30,80,20
378,3116,Demon Halberd,long-sword,N/A,N/A,11,957,-15,N/A,False,Thunder,90.0,N/A,N/A,N/A,4,0,0,N/A,N/A,N/A,N/A,N/A,N/A,N/A,N/A,Demon Halberd,long-sword,Create,Rajang Hardhorn,1,Rajang Hardclaw,1.0,Rajang Hardfang,2.0,Rajang Wildpelt,2.0,long-sword,False,110,100,40,50,50,50,0
379,3117,Great Demon Halberd,long-sword,Demon Halberd,N/A,12,1023,-15,N/A,False,Thunder,120.0,N/A,N/A,N/A,4,0,0,N/A,N/A,N/A,N/A,N/A,N/A,N/A,N/A,Great Demon Halberd,long-sword,Upgrade,Tempered Glimmerpelt,3,Rajang Hardhorn,3.0,Rajang Hardfang,7.0,Gold Rajang Pelt+,3.0,long-sword,False,100,100,40,50,60,50,0
380,3118,Demonlord Halberd,long-sword,N/A,N/A,12,957,15,N/A,False,Thunder,270.0,N/A,N/A,N/A,0,0,0,N/A,N/A,N/A,N/A,N/A,N/A,N/A,N/A,Demonlord Halberd,long-sword,Create,Ghoulish Gold Gorer,3,Rajang Apoplexy,2.0,Gold Rajang Pelt+,5.0,Rajang Heart,1.0,long-sword,False,120,20,20,70,40,30,100
381,3119,Brimstren Drakebone,long-sword,N/A,N/A,11,825,0,N/A,False,Dragon,240.0,N/A,N/A,average,2,0,0,N/A,N/A,N/A,N/A,N/A,N/A,N/A,N/A,Brimstren Drakebone,long-sword,Create,Stygian Zinogre Hardhorn,1,Stygian Zinogre Hardclaw,1.0,Stygian Zinogre Dragonlocks,2.0,Stygian Zinogre Dragonhold,2.0,long-sword,False,150,20,20,70,40,30,70
382,3120,Stygian Gula,long-sword,Brimstren Drakebone,N/A,12,891,0,N/A,False,Dragon,300.0,N/A,N/A,average,2,0,0,N/A,N/A,N/A,N/A,N/A,N/A,N/A,N/A,Stygian Gula,long-sword,Upgrade,Tempered Dragonhold,3,Stygian Zinogre Hardhorn,2.0,Stygian Zinogre Hardclaw,5.0,Stygian Zinogre Skymerald,1.0,long-sword,False,130,20,20,70,40,30,90
383,3121,Lightbreak Edge,long-sword,N/A,N/A,12,990,0,N/A,False,Blast,270.0,N/A,N/A,N/A,4,3,0,N/A,N/A,N/A,N/A,N/A,N/A,N/A,N/A,Lightbreak Edge,long-sword,Create,Brach Obliterator,3,Brach Warhead,1.0,Indestructible Ebonshell,4.0,Immortal Reactor,1.0,long-sword,True,150,30,90,30,30,50,20
384,3238,Dark Claw,long-sword,N/A,N/A,11,825,0,N/A,False,Dragon,510.0,N/A,N/A,low,2,0,0,N/A,N/A,N/A,N/A,N/A,N/A,N/A,N/A,Dark Claw,long-sword,Create,Large Elder Dragon Gem,1,Alatreon Mantle,3.0,Alatreon Riptalon,3.0,Skyswayer,1.0,long-sword,False,120,20,20,70,40,30,100
385,3239,"Dark Claw ""Demise""",long-sword,Dark Claw,N/A,12,924,0,N/A,False,Dragon,660.0,N/A,N/A,low,2,2,0,N/A,N/A,N/A,N/A,N/A,N/A,N/A,N/A,"Dark Claw ""Demise""",long-sword,Upgrade,Alatreon Riptalon,2,Alatreon Direwing,1.0,Skyswayer,2.0,Azure Dragonsphire,1.0,long-sword,False,100,20,20,70,40,30,140
386,3240,Fatalis Sickle,long-sword,N/A,N/A,11,1023,-40,N/A,False,Dragon,90.0,N/A,N/A,high,4,4,0,N/A,N/A,N/A,N/A,N/A,N/A,N/A,N/A,Fatalis Sickle,long-sword,Create,Fatalis Shard,3,Fatalis Pectus,1.0,Fatalis Hardhorn,1.0,Fatalis Evil Eye,1.0,long-sword,False,150,20,20,70,40,30,70
387,3241,Fatalis Zaggespanon,long-sword,Fatalis Sickle,N/A,12,1155,-30,N/A,False,Dragon,150.0,N/A,N/A,high,4,4,0,N/A,N/A,N/A,N/A,N/A,N/A,N/A,N/A,Fatalis Zaggespanon,long-sword,Upgrade,Large Elder Dragon Gem,1,Fatalis Pectus,2.0,Fatalis Hardhorn,2.0,Fatalis Evil Eye,1.0,long-sword,False,150,20,20,70,40,30,70
388,2161,Mad Scavenger Pickaxe,long-sword,N/A,N/A,10,825,20,30.0,True,Blast,510.0,N/A,N/A,N/A,0,0,0,N/A,N/A,N/A,N/A,N/A,N/A,N/A,N/A,Mad Scavenger Pickaxe,long-sword,Create,Pickaxe Ticket,2,Fine Brachydios Ebonshell,5.0,Eltalite Ore,15.0,Meldspar Ore,5.0,long-sword,False,110,30,30,110,40,80,0
389,2162,Demon Scavenger Pickaxe,long-sword,Mad Scavenger Pickaxe,N/A,11,858,30,30.0,True,Blast,540.0,N/A,N/A,N/A,0,0,0,N/A,N/A,N/A,N/A,N/A,N/A,N/A,N/A,Demon Scavenger Pickaxe,long-sword,Upgrade,Pickaxe Ticket,1,Wasteland Crystal,5.0,Twilight Crystal,3.0,Guiding Forest Dragonbone,1.0,long-sword,False,90,30,30,110,40,100,0
390,2163,Guild Palace Rapier,long-sword,N/A,N/A,10,825,10,30.0,True,Water,420.0,N/A,N/A,N/A,3,0,0,N/A,N/A,N/A,N/A,N/A,N/A,N/A,N/A,Guild Palace Rapier,long-sword,Create,Fest Ticket,2,Amber Hardfang,2.0,Gracium,5.0,Purecrystal,1.0,long-sword,False,150,30,30,60,50,50,30
391,2164,Royal Captain Rapier,long-sword,Guild Palace Rapier,N/A,12,891,15,30.0,True,Water,510.0,N/A,N/A,N/A,3,0,0,N/A,N/A,N/A,N/A,N/A,N/A,N/A,N/A,Royal Captain Rapier,long-sword,Upgrade,Hero King Coin,1,Namielle Hardclaw,3.0,Large Elder Dragon Bone,5.0,Pure Dragon Blood,3.0,long-sword,False,150,30,30,60,50,30,50
392,2165,Defender Warhatchet I,sword-and-shield,N/A,N/A,1,182,0,N/A,False,Blast,150.0,N/A,N/A,N/A,0,0,0,N/A,N/A,N/A,N/A,N/A,N/A,N/A,N/A,Defender Warhatchet I,sword-and-shield,Create,Iron Ore,1,N/A,N/A,N/A,N/A,N/A,N/A,sword-and-shield,False,30,60,20,140,0,0,0
393,2166,Defender Warhatchet II,sword-and-shield,Defender Warhatchet I,N/A,3,238,0,N/A,False,Blast,180.0,N/A,N/A,N/A,0,0,0,N/A,N/A,N/A,N/A,N/A,N/A,N/A,N/A,Defender Warhatchet II,sword-and-shield,Upgrade,Anjanath Scale,1,N/A,N/A,N/A,N/A,N/A,N/A,sword-and-shield,False,30,60,20,150,40,0,0
394,2167,Defender Warhatchet III,sword-and-shield,Defender Warhatchet II,N/A,5,266,0,N/A,False,Blast,210.0,N/A,N/A,N/A,0,0,0,N/A,N/A,N/A,N/A,N/A,N/A,N/A,N/A,Defender Warhatchet III,sword-and-shield,Upgrade,Commendation,1,N/A,N/A,N/A,N/A,N/A,N/A,sword-and-shield,False,50,50,50,80,120,0,0
395,2168,Defender Warhatchet IV,sword-and-shield,Defender Warhatchet III,N/A,6,294,0,N/A,False,Blast,240.0,N/A,N/A,N/A,0,0,0,N/A,N/A,N/A,N/A,N/A,N/A,N/A,N/A,Defender Warhatchet IV,sword-and-shield,Upgrade,Pink Rathian Scale+,1,N/A,N/A,N/A,N/A,N/A,N/A,sword-and-shield,False,30,50,50,80,140,0,0
396,2169,Defender Warhatchet V,sword-and-shield,Defender Warhatchet IV,N/A,7,308,0,N/A,False,Blast,270.0,N/A,N/A,N/A,0,0,0,N/A,N/A,N/A,N/A,N/A,N/A,N/A,N/A,Defender Warhatchet V,sword-and-shield,Upgrade,Immortal Dragonscale,1,N/A,N/A,N/A,N/A,N/A,N/A,sword-and-shield,False,90,30,30,110,40,100,0
397,170,Hunter's Knife I,sword-and-shield,N/A,N/A,1,112,0,N/A,False,N/A,N/A,N/A,N/A,N/A,0,0,0,N/A,N/A,N/A,N/A,N/A,N/A,N/A,N/A,Hunter's Knife I,sword-and-shield,Create,Iron Ore,1,N/A,N/A,N/A,N/A,N/A,N/A,sword-and-shield,False,90,50,80,30,0,0,0
398,171,Hunter's Knife II,sword-and-shield,Hunter's Knife I,N/A,1,126,0,N/A,False,N/A,N/A,N/A,N/A,N/A,0,0,0,N/A,N/A,N/A,N/A,N/A,N/A,N/A,N/A,Hunter's Knife II,sword-and-shield,Upgrade,Iron Ore,2,N/A,N/A,N/A,N/A,N/A,N/A,sword-and-shield,False,70,70,30,80,0,0,0
399,172,Hunter's Knife III,sword-and-shield,Hunter's Knife II,N/A,2,140,0,N/A,False,N/A,N/A,N/A,N/A,N/A,0,0,0,N/A,N/A,N/A,N/A,N/A,N/A,N/A,N/A,Hunter's Knife III,sword-and-shield,Upgrade,Earth Crystal,2,Machalite Ore,2.0,Iron Ore,5.0,N/A,N/A,sword-and-shield,False,50,70,30,100,0,0,0
400,173,Steel Knife I,sword-and-shield,Hunter's Knife III,N/A,3,168,0,N/A,False,N/A,N/A,N/A,N/A,N/A,0,0,0,N/A,N/A,N/A,N/A,N/A,N/A,N/A,N/A,Steel Knife I,sword-and-shield,Upgrade,Dragonite Ore,2,Machalite Ore,5.0,Monster Bone M,2.0,N/A,N/A,sword-and-shield,False,70,50,80,100,0,0,0
401,174,Steel Knife II,sword-and-shield,Steel Knife I,N/A,4,182,0,N/A,False,N/A,N/A,N/A,N/A,N/A,0,0,0,N/A,N/A,N/A,N/A,N/A,N/A,N/A,N/A,Steel Knife II,sword-and-shield,Upgrade,Monster Bone+,2,Dragonite Ore,5.0,Coral Crystal,2.0,Machalite Ore,10.0,sword-and-shield,False,50,50,80,120,0,0,0
402,175,Steel Knife III,sword-and-shield,Steel Knife II,N/A,5,196,0,N/A,True,Sleep,120.0,N/A,N/A,N/A,1,0,0,N/A,N/A,N/A,N/A,N/A,N/A,N/A,N/A,Steel Knife III,sword-and-shield,Upgrade,Carbalite Ore,8,Dragonite Ore,5.0,Dragonvein Crystal,2.0,N/A,N/A,sword-and-shield,False,100,50,50,80,70,0,0
403,176,Chrome Slicer I,sword-and-shield,Steel Knife III,N/A,6,224,0,N/A,True,Sleep,150.0,N/A,N/A,N/A,1,0,0,N/A,N/A,N/A,N/A,N/A,N/A,N/A,N/A,Chrome Slicer I,sword-and-shield,Upgrade,Fucium Ore,8,Carbalite Ore,5.0,Dragonite Ore,10.0,Dragonvein Crystal,3.0,sword-and-shield,False,80,50,50,80,90,0,0
404,177,Chrome Slicer II,sword-and-shield,Chrome Slicer I,N/A,6,252,0,N/A,True,Sleep,240.0,N/A,N/A,N/A,1,1,0,N/A,N/A,N/A,N/A,N/A,N/A,N/A,N/A,Chrome Slicer II,sword-and-shield,Upgrade,Elder Dragon Blood,2,Fucium Ore,13.0,Carbalite Ore,20.0,Firecell Stone,1.0,sword-and-shield,False,50,60,20,150,90,30,0
405,2170,Chrome Knight Sword I,sword-and-shield,Chrome Slicer II,N/A,9,308,0,N/A,True,Sleep,270.0,N/A,N/A,N/A,1,1,0,N/A,N/A,N/A,N/A,N/A,N/A,N/A,N/A,Chrome Knight Sword I,sword-and-shield,Create,Eltalite Ore,6,Carbalite Ore,10.0,Firecell Stone,2.0,Purecrystal,1.0,sword-and-shield,False,80,80,30,30,80,100,0
406,2170,Chrome Knight Sword I,sword-and-shield,Chrome Slicer II,N/A,9,308,0,N/A,True,Sleep,270.0,N/A,N/A,N/A,1,1,0,N/A,N/A,N/A,N/A,N/A,N/A,N/A,N/A,Chrome Knight Sword I,sword-and-shield,Upgrade,Eltalite Ore,2,Carbalite Ore,4.0,Spiritvein Crystal,2.0,Gracium,1.0,sword-and-shield,False,80,80,30,30,80,100,0
407,2171,Chrome Knight Sword II,sword-and-shield,Chrome Knight Sword I,N/A,10,336,0,N/A,True,Sleep,300.0,N/A,N/A,N/A,1,1,0,N/A,N/A,N/A,N/A,N/A,N/A,N/A,N/A,Chrome Knight Sword II,sword-and-shield,Upgrade,Monster Slogbone,3,Eltalite Ore,4.0,Meldspar Ore,2.0,Bathycite Ore,2.0,sword-and-shield,False,70,80,30,30,80,110,0
408,2172,Chrome Knight Sword III,sword-and-shield,Chrome Knight Sword II,N/A,11,364,0,N/A,True,Sleep,330.0,N/A,N/A,N/A,1,1,0,N/A,N/A,N/A,N/A,N/A,N/A,N/A,N/A,Chrome Knight Sword III,sword-and-shield,Upgrade,Pure Dragon Blood,3,Eltalite Ore,6.0,Meldspar Ore,3.0,Purecrystal,1.0,sword-and-shield,False,110,30,30,60,50,90,30
409,178,Nergal Jack,sword-and-shield,Chrome Slicer I,N/A,7,280,0,N/A,False,Dragon,120.0,N/A,N/A,high,1,0,0,N/A,N/A,N/A,N/A,N/A,N/A,N/A,N/A,Nergal Jack,sword-and-shield,Upgrade,Nergigante Talon,3,Nergigante Regrowth Plate,4.0,Nergigante Tail,2.0,Nergigante Carapace,2.0,sword-and-shield,True,110,120,40,50,80,0,0
410,179,Eradication Vanguard,sword-and-shield,Nergal Jack,N/A,8,294,0,N/A,False,Dragon,150.0,N/A,N/A,high,1,0,0,N/A,N/A,N/A,N/A,N/A,N/A,N/A,N/A,Eradication Vanguard,sword-and-shield,Upgrade,Xeno'jiiva Horn,2,Nergigante Horn+,5.0,Nergigante Talon,5.0,Nergigante Gem,1.0,sword-and-shield,True,90,120,40,50,100,0,0
411,2173,Ruinous Madness,sword-and-shield,Eradication Vanguard,N/A,12,406,0,N/A,False,Dragon,180.0,N/A,N/A,high,1,0,0,N/A,N/A,N/A,N/A,N/A,N/A,N/A,N/A,Ruinous Madness,sword-and-shield,Upgrade,Annihilating Greathorn,3,Nergigante Hardclaw,4.0,Eternal Regrowth Plate,5.0,Large Elder Dragon Gem,1.0,sword-and-shield,True,70,30,30,110,40,120,0
412,180,Flame Knife I,sword-and-shield,Steel Knife I,N/A,4,182,10,N/A,False,Fire,120.0,N/A,N/A,N/A,0,0,0,N/A,N/A,N/A,N/A,N/A,N/A,N/A,N/A,Flame Knife I,sword-and-shield,Upgrade,Rathalos Scale,1,Rathalos Webbing,2.0,Flame Sac,2.0,Rathalos Marrow,1.0,sword-and-shield,False,60,50,80,110,0,0,0
413,181,Flame Knife II,sword-and-shield,Flame Knife I,N/A,5,196,10,N/A,False,Fire,120.0,N/A,N/A,N/A,1,0,0,N/A,N/A,N/A,N/A,N/A,N/A,N/A,N/A,Flame Knife II,sword-and-shield,Upgrade,Rathalos Scale,6,Rathalos Tail,2.0,Rathalos Plate,1.0,Inferno Sac,3.0,sword-and-shield,False,100,50,80,100,20,0,0
414,182,Heat Edge,sword-and-shield,Flame Knife II,N/A,6,224,20,N/A,False,Fire,150.0,N/A,N/A,N/A,1,0,0,N/A,N/A,N/A,N/A,N/A,N/A,N/A,N/A,Heat Edge,sword-and-shield,Upgrade,Rathalos Scale+,6,Rathalos Carapace,4.0,Rathalos Wing,2.0,Rathalos Medulla,1.0,sword-and-shield,False,90,50,50,80,80,0,0
415,183,Corona,sword-and-shield,Heat Edge,N/A,7,266,20,N/A,False,Fire,180.0,N/A,N/A,N/A,1,0,0,N/A,N/A,N/A,N/A,N/A,N/A,N/A,N/A,Corona,sword-and-shield,Upgrade,Azure Rathalos Scale+,6,Azure Rathalos Carapace,4.0,Azure Rathalos Wing,3.0,Rathalos Ruby,1.0,sword-and-shield,False,90,60,60,100,60,30,0
416,2174,Corona+,sword-and-shield,Corona,N/A,10,308,20,N/A,False,Fire,210.0,N/A,N/A,N/A,1,0,0,N/A,N/A,N/A,N/A,N/A,N/A,N/A,N/A,Corona+,sword-and-shield,Upgrade,Rathalos Shard,6,Rathalos Cortex,4.0,Rathalos Fellwing,2.0,Rath Wingtalon+,4.0,sword-and-shield,False,100,100,40,50,60,50,0
417,2175,Blue Corona,sword-and-shield,Corona+,N/A,10,336,20,N/A,False,Fire,240.0,N/A,N/A,N/A,1,0,0,N/A,N/A,N/A,N/A,N/A,N/A,N/A,N/A,Blue Corona,sword-and-shield,Upgrade,Azure Rathalos Shard,6,Azure Rathalos Cortex,4.0,Azure Rathalos Fellwing,3.0,Rathalos Mantle,1.0,sword-and-shield,False,100,30,30,110,40,90,0
418,2176,Platinum Dawn,sword-and-shield,Blue Corona,N/A,12,378,20,N/A,False,Fire,390.0,N/A,N/A,N/A,2,0,0,N/A,N/A,N/A,N/A,N/A,N/A,N/A,N/A,Platinum Dawn,sword-and-shield,Upgrade,Silver Rathalos Shard,8,Silver Rathalos Cortex,4.0,Silver Rathalos Lash,3.0,Rath Gleam,2.0,sword-and-shield,False,120,30,30,60,50,80,30
419,184,Heavy Bang,sword-and-shield,Steel Knife I,N/A,4,210,0,20.0,False,N/A,N/A,N/A,N/A,N/A,0,0,0,N/A,N/A,N/A,N/A,N/A,N/A,N/A,N/A,Heavy Bang,sword-and-shield,Upgrade,Commendation,1,Rathalos Tail,1.0,Diablos Fang,2.0,Odogaron Claw,2.0,sword-and-shield,False,40,50,80,130,0,0,0
420,185,Heavy Bang+,sword-and-shield,Heavy Bang,N/A,6,252,0,20.0,True,Thunder,270.0,N/A,N/A,N/A,2,0,0,N/A,N/A,N/A,N/A,N/A,N/A,N/A,N/A,Heavy Bang+,sword-and-shield,Upgrade,Carbalite Ore,10,Odogaron Claw+,3.0,Odogaron Tail,2.0,Bird Wyvern Gem,1.0,sword-and-shield,False,80,50,50,80,90,0,0
421,186,Master Bang,sword-and-shield,Heavy Bang+,N/A,7,280,0,20.0,True,Thunder,330.0,N/A,N/A,N/A,3,0,0,N/A,N/A,N/A,N/A,N/A,N/A,N/A,N/A,Master Bang,sword-and-shield,Upgrade,High Commendation,1,Daora Claw+,3.0,Bazelgeuse Talon,3.0,Wyvern Gem,1.0,sword-and-shield,False,90,120,40,50,100,0,0
422,2177,Legacy Bang,sword-and-shield,Master Bang,N/A,10,336,0,35.0,True,Thunder,390.0,N/A,N/A,N/A,3,0,0,N/A,N/A,N/A,N/A,N/A,N/A,N/A,N/A,Legacy Bang,sword-and-shield,Upgrade,Uragaan Scute+,3,Eltalite Ore,8.0,Monster Slogbone,5.0,N/A,N/A,sword-and-shield,False,80,80,30,30,80,100,0
423,2178,Legendary Bang,sword-and-shield,Legacy Bang,N/A,11,364,0,35.0,True,Thunder,450.0,N/A,N/A,N/A,3,0,0,N/A,N/A,N/A,N/A,N/A,N/A,N/A,N/A,Legendary Bang,sword-and-shield,Upgrade,Conqueror's Seal,1,Daora Hardclaw,3.0,Bazelgeuse Hardclaw,3.0,Large Wyvern Gem,1.0,sword-and-shield,False,130,30,30,60,50,50,50
424,187,Aqua Messer I,sword-and-shield,Hunter's Knife II,N/A,2,140,0,N/A,False,Water,90.0,N/A,N/A,N/A,0,0,0,N/A,N/A,N/A,N/A,N/A,N/A,N/A,N/A,Aqua Messer I,sword-and-shield,Upgrade,Earth Crystal,3,Jyuratodus Shell,1.0,Jyuratodus Scale,3.0,Aqua Sac,1.0,sword-and-shield,False,70,70,30,80,0,0,0
425,188,Aqua Messer II,sword-and-shield,Aqua Messer I,N/A,3,168,0,N/A,False,Water,120.0,N/A,N/A,N/A,0,0,0,N/A,N/A,N/A,N/A,N/A,N/A,N/A,N/A,Aqua Messer II,sword-and-shield,Upgrade,Dragonite Ore,5,Jyuratodus Fin,3.0,Jyuratodus Fang,2.0,Gajau Skin,3.0,sword-and-shield,False,80,50,80,90,0,0,0
426,189,Aqua Messer III,sword-and-shield,Aqua Messer II,N/A,4,196,0,N/A,False,Water,150.0,N/A,N/A,N/A,0,0,0,N/A,N/A,N/A,N/A,N/A,N/A,N/A,N/A,Aqua Messer III,sword-and-shield,Upgrade,Monster Bone+,2,Jyuratodus Fang,4.0,Coral Crystal,3.0,Gajau Whisker,3.0,sword-and-shield,False,70,50,80,100,0,0,0
427,190,Rogue Wave I,sword-and-shield,Aqua Messer III,N/A,5,210,0,N/A,False,Water,180.0,N/A,N/A,N/A,2,0,0,N/A,N/A,N/A,N/A,N/A,N/A,N/A,N/A,Rogue Wave I,sword-and-shield,Upgrade,Carbalite Ore,5,Jyuratodus Carapace,2.0,Jyuratodus Scale+,3.0,Gajau Scale,5.0,sword-and-shield,False,100,50,80,100,20,0,0
428,191,Rogue Wave II,sword-and-shield,Rogue Wave I,N/A,6,224,0,N/A,False,Water,210.0,N/A,N/A,N/A,2,0,0,N/A,N/A,N/A,N/A,N/A,N/A,N/A,N/A,Rogue Wave II,sword-and-shield,Upgrade,Fucium Ore,5,Jyuratodus Fin+,4.0,Torrent Sac,3.0,Grand Gajau Whisker,3.0,sword-and-shield,False,100,50,50,80,70,0,0
429,192,Rogue Wave III,sword-and-shield,Rogue Wave II,N/A,6,252,0,N/A,False,Water,240.0,N/A,N/A,N/A,2,0,0,N/A,N/A,N/A,N/A,N/A,N/A,N/A,N/A,Rogue Wave III,sword-and-shield,Upgrade,Elder Dragon Blood,3,Jyuratodus Fin+,6.0,Jyuratodus Fang+,5.0,Wyvern Gem,1.0,sword-and-shield,False,100,60,60,100,50,30,0
430,2179,Rogue Wave IV,sword-and-shield,Rogue Wave III,N/A,9,294,0,N/A,False,Water,330.0,N/A,N/A,N/A,2,0,0,N/A,N/A,N/A,N/A,N/A,N/A,N/A,N/A,Rogue Wave IV,sword-and-shield,Create,Jyuratodus Grandfin,2,Jyuratodus Hardfang,2.0,Jyuratodus Shard,6.0,Large Wyvern Gem,1.0,sword-and-shield,False,100,80,30,30,80,80,0
431,2179,Rogue Wave IV,sword-and-shield,Rogue Wave III,N/A,9,294,0,N/A,False,Water,330.0,N/A,N/A,N/A,2,0,0,N/A,N/A,N/A,N/A,N/A,N/A,N/A,N/A,Rogue Wave IV,sword-and-shield,Upgrade,Jyuratodus Grandfin,1,Jyuratodus Hardfang,1.0,Jyuratodus Shard,3.0,Gajau Thickhide,2.0,sword-and-shield,False,100,80,30,30,80,80,0
432,2180,Laguna Blossom I,sword-and-shield,Rogue Wave IV,N/A,9,308,0,N/A,False,Water,360.0,N/A,N/A,N/A,2,1,0,N/A,N/A,N/A,N/A,N/A,N/A,N/A,N/A,Laguna Blossom I,sword-and-shield,Upgrade,Coral Pukei-Pukei Shard,3,Coral Pukei-Pukei Fellwing,2.0,Flood Sac,2.0,Bathycite Ore,2.0,sword-and-shield,False,70,80,30,30,80,110,0
433,2181,Laguna Blossom II,sword-and-shield,Laguna Blossom I,N/A,10,336,0,N/A,False,Water,420.0,N/A,N/A,N/A,2,1,0,N/A,N/A,N/A,N/A,N/A,N/A,N/A,N/A,Laguna Blossom II,sword-and-shield,Upgrade,Acidic Glavenus Hardfang,2,Monster Solidbone,3.0,Large Coral Pukei-Pukei Sac,1.0,Coral Pukei-Pukei Lash,1.0,sword-and-shield,False,110,30,30,60,50,70,50
434,2182,Icicle Spike,sword-and-shield,Rogue Wave IV,N/A,10,294,20,N/A,False,Ice,210.0,N/A,N/A,N/A,0,0,0,N/A,N/A,N/A,N/A,N/A,N/A,N/A,N/A,Icicle Spike,sword-and-shield,Upgrade,Barioth Hardclaw,3,Barioth Cortex,4.0,Cryo Sac,4.0,Frozen Bone,3.0,sword-and-shield,False,100,30,30,110,40,90,0
435,2183,Icicle Spike+,sword-and-shield,Icicle Spike,N/A,10,308,20,N/A,False,Ice,270.0,N/A,N/A,N/A,0,0,0,N/A,N/A,N/A,N/A,N/A,N/A,N/A,N/A,Icicle Spike+,sword-and-shield,Upgrade,Obsidian Icetalon,2,Amber Hardfang,3.0,Barioth Greatspike,3.0,Large Wyvern Gem,1.0,sword-and-shield,False,100,30,30,110,40,90,0
436,2184,Nardebosche,sword-and-shield,Icicle Spike+,N/A,11,350,30,N/A,False,Ice,330.0,N/A,N/A,N/A,0,0,0,N/A,N/A,N/A,N/A,N/A,N/A,N/A,N/A,Nardebosche,sword-and-shield,Upgrade,Velkhana Hardclaw,2,Barioth Hardclaw,4.0,Amber Hardfang,2.0,Large Elder Dragon Bone,5.0,sword-and-shield,False,100,30,30,110,40,90,0
437,3224,Silverbosche,sword-and-shield,Icicle Spike,N/A,11,378,15,N/A,False,Ice,420.0,N/A,N/A,N/A,0,0,0,N/A,N/A,N/A,N/A,N/A,N/A,N/A,N/A,Silverbosche,sword-and-shield,Create,Frostfang Ticket,3,Silverwhite Frostfang,3.0,Bergcrusher Claw,2.0,Large Wyvern Gem,1.0,sword-and-shield,False,10,30,50,50,60,120,80
438,3224,Silverbosche,sword-and-shield,Icicle Spike,N/A,11,378,15,N/A,False,Ice,420.0,N/A,N/A,N/A,0,0,0,N/A,N/A,N/A,N/A,N/A,N/A,N/A,N/A,Silverbosche,sword-and-shield,Upgrade,Frostfang Ticket,2,Silverwhite Frostfang,3.0,Bergcrusher Claw,1.0,Gracium,5.0,sword-and-shield,False,10,30,50,50,60,120,80
439,193,Glacial Grace I,sword-and-shield,Aqua Messer II,N/A,4,182,0,N/A,False,Ice,210.0,N/A,N/A,N/A,0,0,0,N/A,N/A,N/A,N/A,N/A,N/A,N/A,N/A,Glacial Grace I,sword-and-shield,Upgrade,Legiana Claw,3,Legiana Scale,4.0,Frost Sac,2.0,N/A,N/A,sword-and-shield,False,60,50,80,110,0,0,0
440,194,Glacial Grace II,sword-and-shield,Glacial Grace I,N/A,5,196,0,N/A,False,Ice,240.0,N/A,N/A,N/A,1,0,0,N/A,N/A,N/A,N/A,N/A,N/A,N/A,N/A,Glacial Grace II,sword-and-shield,Upgrade,Paolumu Wing,4,Legiana Claw,4.0,Legiana Tail Webbing,3.0,Legiana Plate,1.0,sword-and-shield,False,100,50,50,80,70,0,0
441,195,Rimespire,sword-and-shield,Glacial Grace II,N/A,6,210,0,N/A,False,Ice,300.0,N/A,N/A,N/A,1,0,0,N/A,N/A,N/A,N/A,N/A,N/A,N/A,N/A,Rimespire,sword-and-shield,Upgrade,Legiana Claw+,3,Legiana Scale+,5.0,Legiana Wing,3.0,Freezer Sac,2.0,sword-and-shield,False,80,50,50,80,90,0,0
442,196,Legia Rimespire,sword-and-shield,Rimespire,N/A,8,224,0,N/A,False,Ice,330.0,N/A,N/A,N/A,1,0,0,N/A,N/A,N/A,N/A,N/A,N/A,N/A,N/A,Legia Rimespire,sword-and-shield,Upgrade,Daora Claw+,2,Legiana Claw+,5.0,Legiana Hide+,3.0,Legiana Gem,1.0,sword-and-shield,False,120,30,60,80,40,70,0
443,2185,Legia Rimespire+,sword-and-shield,Legia Rimespire,N/A,10,294,0,N/A,False,Ice,360.0,N/A,N/A,N/A,1,0,0,N/A,N/A,N/A,N/A,N/A,N/A,N/A,N/A,Legia Rimespire+,sword-and-shield,Upgrade,Legiana Hardclaw,2,Legiana Shard,3.0,Legiana Tail Webbing+,2.0,Frozen Bone,4.0,sword-and-shield,False,80,80,30,30,80,100,0
444,2186,Hoarcry Rimespire,sword-and-shield,Legia Rimespire+,N/A,10,308,0,N/A,False,Ice,450.0,N/A,N/A,N/A,1,0,0,N/A,N/A,N/A,N/A,N/A,N/A,N/A,N/A,Hoarcry Rimespire,sword-and-shield,Upgrade,Obsidian Icetalon,2,Rimed Hide,5.0,Stark Wing,2.0,Cryo Sac,4.0,sword-and-shield,False,70,80,30,30,80,110,0
445,2187,Nephilim Glacia,sword-and-shield,Hoarcry Rimespire,N/A,11,336,0,N/A,False,Ice,480.0,N/A,N/A,N/A,1,0,0,N/A,N/A,N/A,N/A,N/A,N/A,N/A,N/A,Nephilim Glacia,sword-and-shield,Upgrade,Velkhana Hardclaw,2,Obsidian Icetalon,4.0,Stark Wing,2.0,Legiana Mantle,1.0,sword-and-shield,False,50,20,30,90,90,80,40
446,197,Princess Rapier,sword-and-shield,Aqua Messer I,N/A,3,168,10,N/A,False,Poison,150.0,N/A,N/A,N/A,0,0,0,N/A,N/A,N/A,N/A,N/A,N/A,N/A,N/A,Princess Rapier,sword-and-shield,Create,Rathian Shell,5,Machalite Ore,10.0,Poison Sac,3.0,Rathian Plate,1.0,sword-and-shield,False,60,50,80,110,0,0,0
447,197,Princess Rapier,sword-and-shield,Aqua Messer I,N/A,3,168,10,N/A,False,Poison,150.0,N/A,N/A,N/A,0,0,0,N/A,N/A,N/A,N/A,N/A,N/A,N/A,N/A,Princess Rapier,sword-and-shield,Upgrade,Rathian Spike,3,Rathian Scale,5.0,Rathian Shell,4.0,N/A,N/A,sword-and-shield,False,60,50,80,110,0,0,0
448,198,Queen Rapier,sword-and-shield,Princess Rapier,N/A,5,210,10,N/A,False,Poison,180.0,N/A,N/A,N/A,1,0,0,N/A,N/A,N/A,N/A,N/A,N/A,N/A,N/A,Queen Rapier,sword-and-shield,Upgrade,Rathian Spike+,3,Rathian Scale+,5.0,Rathian Carapace,4.0,Rathian Plate,1.0,sword-and-shield,False,110,50,50,80,60,0,0
449,199,Queen Rose,sword-and-shield,Queen Rapier,N/A,6,238,10,N/A,False,Poison,210.0,N/A,N/A,N/A,1,0,0,N/A,N/A,N/A,N/A,N/A,N/A,N/A,N/A,Queen Rose,sword-and-shield,Upgrade,Rathian Spike+,4,Pink Rathian Scale+,5.0,Pink Rathian Carapace,4.0,Wyvern Gem,1.0,sword-and-shield,False,100,50,50,80,70,0,0
450,200,Royal Rose,sword-and-shield,Queen Rose,N/A,7,266,10,N/A,False,Poison,240.0,N/A,N/A,N/A,1,0,0,N/A,N/A,N/A,N/A,N/A,N/A,N/A,N/A,Royal Rose,sword-and-shield,Upgrade,Elder Dragon Blood,3,Rathian Spike+,5.0,Pink Rathian Scale+,6.0,Rathian Ruby,1.0,sword-and-shield,False,90,60,60,100,60,30,0
451,2188,Royal Rose+,sword-and-shield,Royal Rose,N/A,9,308,10,N/A,False,Poison,270.0,N/A,N/A,N/A,1,0,0,N/A,N/A,N/A,N/A,N/A,N/A,N/A,N/A,Royal Rose+,sword-and-shield,Upgrade,Rathian Surspike,3,Rathian Shard,5.0,Rathian Cortex,4.0,N/A,N/A,sword-and-shield,False,100,100,40,50,60,50,0
452,2189,Rose Highness,sword-and-shield,Royal Rose+,N/A,10,364,10,N/A,False,Poison,300.0,N/A,N/A,N/A,1,0,0,N/A,N/A,N/A,N/A,N/A,N/A,N/A,N/A,Rose Highness,sword-and-shield,Upgrade,Monster Solidbone,5,Pink Rathian Shard,4.0,Pink Rathian Cortex,3.0,Rathian Mantle,1.0,sword-and-shield,False,100,30,30,110,40,90,0
453,2190,Lunatic Rose,sword-and-shield,Rose Highness,N/A,12,406,10,N/A,False,Poison,360.0,N/A,N/A,N/A,1,0,0,N/A,N/A,N/A,N/A,N/A,N/A,N/A,N/A,Lunatic Rose,sword-and-shield,Upgrade,Gold Rathian Surspike,3,Gold Rathian Shard,5.0,Gold Rathian Cortex,4.0,Rath Gleam,1.0,sword-and-shield,False,60,80,30,30,80,120,0
454,201,Lumu Knife I,sword-and-shield,Aqua Messer I,N/A,3,168,0,N/A,False,N/A,N/A,N/A,N/A,N/A,0,0,0,N/A,N/A,N/A,N/A,N/A,N/A,N/A,N/A,Lumu Knife I,sword-and-shield,Upgrade,Paolumu Shell,1,Paolumu Scale,3.0,Paolumu Pelt,2.0,N/A,N/A,sword-and-shield,False,70,50,80,100,0,0,0
455,202,Lumu Knife II,sword-and-shield,Lumu Knife I,N/A,4,182,0,N/A,False,N/A,N/A,N/A,N/A,N/A,0,0,0,N/A,N/A,N/A,N/A,N/A,N/A,N/A,N/A,Lumu Knife II,sword-and-shield,Upgrade,Diablos Shell,3,Paolumu Shell,3.0,Paolumu Webbing,2.0,Shamos Scale,5.0,sword-and-shield,False,60,50,80,110,0,0,0
456,203,Lumu Tabar I,sword-and-shield,Lumu Knife II,N/A,5,210,0,N/A,True,Blast,270.0,N/A,N/A,N/A,1,1,0,N/A,N/A,N/A,N/A,N/A,N/A,N/A,N/A,Lumu Tabar I,sword-and-shield,Create,Paolumu Carapace+,5,Paolumu Wing,4.0,Paolumu Pelt+,6.0,Wyvern Gem,1.0,sword-and-shield,False,100,50,50,80,70,0,0
457,203,Lumu Tabar I,sword-and-shield,Lumu Knife II,N/A,5,210,0,N/A,True,Blast,270.0,N/A,N/A,N/A,1,1,0,N/A,N/A,N/A,N/A,N/A,N/A,N/A,N/A,Lumu Tabar I,sword-and-shield,Upgrade,Paolumu Carapace+,3,Paolumu Scale+,5.0,Paolumu Pelt+,4.0,Shamos Scale+,5.0,sword-and-shield,False,100,50,50,80,70,0,0
458,204,Lumu Tabar II,sword-and-shield,Lumu Tabar I,N/A,6,224,0,N/A,True,Blast,300.0,N/A,N/A,N/A,2,1,0,N/A,N/A,N/A,N/A,N/A,N/A,N/A,N/A,Lumu Tabar II,sword-and-shield,Upgrade,Blos Medulla,2,Paolumu Carapace+,4.0,Paolumu Wing,3.0,Novacrystal,1.0,sword-and-shield,False,90,50,50,80,80,0,0
459,205,Lumu Tabar III,sword-and-shield,Lumu Tabar II,N/A,6,238,0,N/A,True,Blast,330.0,N/A,N/A,N/A,3,1,0,N/A,N/A,N/A,N/A,N/A,N/A,N/A,N/A,Lumu Tabar III,sword-and-shield,Upgrade,Elder Dragon Bone,3,Paolumu Carapace+,5.0,Paolumu Scale+,7.0,Wyvern Gem,1.0,sword-and-shield,False,80,50,60,120,50,40,0
460,2191,Lumu Nightmare I,sword-and-shield,Lumu Tabar III,N/A,9,336,0,N/A,True,Blast,360.0,N/A,N/A,N/A,3,1,0,N/A,N/A,N/A,N/A,N/A,N/A,N/A,N/A,Lumu Nightmare I,sword-and-shield,Upgrade,Paolumu Fellwing,1,Paolumu Cortex,1.0,Paolumu Thickfur,3.0,Shamos Shard,2.0,sword-and-shield,False,100,30,30,110,40,90,0
461,2192,Lumu Nightmare II,sword-and-shield,Lumu Nightmare I,N/A,10,350,0,N/A,True,Blast,480.0,N/A,N/A,N/A,3,1,0,N/A,N/A,N/A,N/A,N/A,N/A,N/A,N/A,Lumu Nightmare II,sword-and-shield,Upgrade,Rimed Hide,2,Paolumu Shard,3.0,Paolumu Cortex,2.0,Meldspar Ore,5.0,sword-and-shield,False,140,30,30,60,50,60,30
462,2193,Nyx Tabar I,sword-and-shield,Lumu Tabar III,N/A,9,308,0,N/A,False,Sleep,270.0,N/A,N/A,N/A,2,0,0,N/A,N/A,N/A,N/A,N/A,N/A,N/A,N/A,Nyx Tabar I,sword-and-shield,Upgrade,Nightshade Paolumu Thickfur,3,Paolumu Cortex,2.0,Nightshade Paolumu Fellwing,2.0,Torpor Sac,1.0,sword-and-shield,False,60,80,30,30,80,120,0
463,2194,Nyx Tabar II,sword-and-shield,Nyx Tabar I,N/A,10,336,0,N/A,False,Sleep,330.0,N/A,N/A,N/A,2,0,0,N/A,N/A,N/A,N/A,N/A,N/A,N/A,N/A,Nyx Tabar II,sword-and-shield,Upgrade,Black Diablos Chine,2,Nightshade Paolumu Shard,5.0,Nightshade Paolumu Fellwing,3.0,Large Wyvern Gem,1.0,sword-and-shield,False,60,80,30,30,80,120,0
464,206,Blooming Knife I,sword-and-shield,Hunter's Knife II,N/A,2,154,0,N/A,False,Poison,210.0,N/A,N/A,N/A,0,0,0,N/A,N/A,N/A,N/A,N/A,N/A,N/A,N/A,Blooming Knife I,sword-and-shield,Upgrade,Pukei-Pukei Quill,2,Pukei-Pukei Scale,3.0,Poison Sac,1.0,N/A,N/A,sword-and-shield,False,60,70,30,90,0,0,0
465,207,Blooming Knife II,sword-and-shield,Blooming Knife I,N/A,3,182,0,N/A,False,Poison,240.0,N/A,N/A,N/A,0,0,0,N/A,N/A,N/A,N/A,N/A,N/A,N/A,N/A,Blooming Knife II,sword-and-shield,Upgrade,Coral Crystal,3,Pukei-Pukei Sac,2.0,Pukei-Pukei Shell,3.0,Pukei-Pukei Tail,1.0,sword-and-shield,False,60,50,80,110,0,0,0
466,208,Blooming Knife III,sword-and-shield,Blooming Knife II,N/A,4,196,0,N/A,False,Poison,270.0,N/A,N/A,N/A,0,0,0,N/A,N/A,N/A,N/A,N/A,N/A,N/A,N/A,Blooming Knife III,sword-and-shield,Upgrade,Monster Bone+,2,Pukei-Pukei Quill,4.0,Pukei-Pukei Sac,2.0,Poison Sac,2.0,sword-and-shield,False,40,50,80,130,0,0,0
467,209,Datura Blossom I,sword-and-shield,Blooming Knife III,N/A,5,210,0,N/A,False,Poison,330.0,N/A,N/A,N/A,2,1,0,N/A,N/A,N/A,N/A,N/A,N/A,N/A,N/A,Datura Blossom I,sword-and-shield,Create,Pukei-Pukei Shard,3,Deadly Poison Sac,2.0,Pukei-Pukei Scale+,3.0,Novacrystal,1.0,sword-and-shield,False,90,50,50,80,80,0,0
468,209,Datura Blossom I,sword-and-shield,Blooming Knife III,N/A,5,210,0,N/A,False,Poison,330.0,N/A,N/A,N/A,2,1,0,N/A,N/A,N/A,N/A,N/A,N/A,N/A,N/A,Datura Blossom I,sword-and-shield,Upgrade,Pukei-Pukei Scale+,3,Pukei-Pukei Wing,2.0,Toxin Sac,2.0,Quality Bone,3.0,sword-and-shield,False,90,50,50,80,80,0,0
469,210,Datura Blossom II,sword-and-shield,Datura Blossom I,N/A,6,224,0,N/A,False,Poison,360.0,N/A,N/A,N/A,2,1,0,N/A,N/A,N/A,N/A,N/A,N/A,N/A,N/A,Datura Blossom II,sword-and-shield,Upgrade,Monster Hardbone,3,Pukei-Pukei Wing,3.0,Pukei-Pukei Carapace,5.0,Toxin Sac,2.0,sword-and-shield,False,80,50,50,80,90,0,0
470,211,Datura Blossom III,sword-and-shield,Datura Blossom II,N/A,6,238,0,N/A,False,Poison,390.0,N/A,N/A,N/A,2,1,0,N/A,N/A,N/A,N/A,N/A,N/A,N/A,N/A,Datura Blossom III,sword-and-shield,Upgrade,Vaal Hazak Wing,2,Pukei-Pukei Sac+,4.0,Pukei-Pukei Wing,6.0,Bird Wyvern Gem,1.0,sword-and-shield,False,90,120,40,50,100,0,0
471,2195,Datura Florescence I,sword-and-shield,Datura Blossom III,N/A,9,280,0,N/A,False,Poison,420.0,N/A,N/A,N/A,2,1,0,N/A,N/A,N/A,N/A,N/A,N/A,N/A,N/A,Datura Florescence I,sword-and-shield,Upgrade,Pukei-Pukei Shard,3,Pukei-Pukei Fellwing,2.0,Deadly Poison Sac,2.0,Monster Toughbone,2.0,sword-and-shield,False,60,80,30,30,80,120,0
472,2196,Datura Florescence II,sword-and-shield,Datura Florescence I,N/A,10,336,0,N/A,False,Poison,450.0,N/A,N/A,N/A,2,1,0,N/A,N/A,N/A,N/A,N/A,N/A,N/A,N/A,Datura Florescence II,sword-and-shield,Upgrade,Monster Slogbone,3,Rathian Surspike,2.0,Large Pukei-Pukei Sac,1.0,Pukei-Pukei Lash,1.0,sword-and-shield,False,110,30,30,60,50,70,50
473,2197,Dios Edge,sword-and-shield,Datura Florescence I,N/A,10,322,0,N/A,False,Blast,300.0,N/A,N/A,N/A,0,0,0,N/A,N/A,N/A,N/A,N/A,N/A,N/A,N/A,Dios Edge,sword-and-shield,Upgrade,Brachydios Crown,2,Brachydios Cortex,4.0,Glowing Slime,3.0,Meldspar Ore,3.0,sword-and-shield,False,90,100,40,50,70,50,0
474,2198,Booming Barrage,sword-and-shield,Dios Edge,N/A,11,350,0,N/A,False,Blast,360.0,N/A,N/A,N/A,1,0,0,N/A,N/A,N/A,N/A,N/A,N/A,N/A,N/A,Booming Barrage,sword-and-shield,Upgrade,Distilled Blast Fluid,3,Brachydios Crown,3.0,Fine Brachydios Ebonshell,4.0,Brachydios Pallium,1.0,sword-and-shield,False,80,30,30,110,40,110,0
475,212,Girros Knife I,sword-and-shield,Blooming Knife I,N/A,3,168,10,N/A,False,Paralysis,120.0,N/A,N/A,N/A,0,0,0,N/A,N/A,N/A,N/A,N/A,N/A,N/A,N/A,Girros Knife I,sword-and-shield,Upgrade,Great Girros Fang,1,Great Girros Scale,3.0,Girros Fang,3.0,N/A,N/A,sword-and-shield,False,70,50,80,100,0,0,0
476,213,Girros Knife II,sword-and-shield,Girros Knife I,N/A,4,182,10,N/A,False,Paralysis,150.0,N/A,N/A,N/A,0,0,0,N/A,N/A,N/A,N/A,N/A,N/A,N/A,N/A,Girros Knife II,sword-and-shield,Upgrade,Diablos Fang,2,Great Girros Fang,3.0,Great Girros Hood,2.0,Paralysis Sac,2.0,sword-and-shield,False,50,50,80,120,0,0,0
477,214,Malady's Tabar I,sword-and-shield,Girros Knife II,N/A,5,196,20,N/A,False,Paralysis,180.0,N/A,N/A,N/A,0,0,0,N/A,N/A,N/A,N/A,N/A,N/A,N/A,N/A,Malady's Tabar I,sword-and-shield,Create,Great Girros Shard,3,Ultraplegia Sac,2.0,Great Girros Scale+,5.0,Dragonbone Relic,1.0,sword-and-shield,False,100,50,50,80,70,0,0
478,214,Malady's Tabar I,sword-and-shield,Girros Knife II,N/A,5,196,20,N/A,False,Paralysis,180.0,N/A,N/A,N/A,0,0,0,N/A,N/A,N/A,N/A,N/A,N/A,N/A,N/A,Malady's Tabar I,sword-and-shield,Upgrade,Great Girros Fang+,3,Great Girros Scale+,5.0,Great Girros Tail,2.0,Girros Scale+,6.0,sword-and-shield,False,100,50,50,80,70,0,0
479,215,Malady's Tabar II,sword-and-shield,Malady's Tabar I,N/A,6,210,20,N/A,False,Paralysis,210.0,N/A,N/A,N/A,0,0,0,N/A,N/A,N/A,N/A,N/A,N/A,N/A,N/A,Malady's Tabar II,sword-and-shield,Upgrade,Blos Medulla,1,Great Girros Fang+,4.0,Great Girros Hood+,2.0,Omniplegia Sac,4.0,sword-and-shield,False,90,50,50,80,80,0,0
480,216,Malady's Tabar III,sword-and-shield,Malady's Tabar II,N/A,6,224,20,N/A,False,Paralysis,240.0,N/A,N/A,N/A,0,0,0,N/A,N/A,N/A,N/A,N/A,N/A,N/A,N/A,Malady's Tabar III,sword-and-shield,Upgrade,Vaal Hazak Fang+,2,Great Girros Fang+,5.0,Great Girros Hood+,3.0,Bird Wyvern Gem,1.0,sword-and-shield,False,80,50,60,120,50,40,0
481,2199,Naaga Seax I,sword-and-shield,Malady's Tabar III,N/A,9,280,20,N/A,False,Paralysis,270.0,N/A,N/A,N/A,0,0,0,N/A,N/A,N/A,N/A,N/A,N/A,N/A,N/A,Naaga Seax I,sword-and-shield,Upgrade,Great Girros Hardfang,2,Great Girros Lash,1.0,Ultraplegia Sac,2.0,Tough Claw,2.0,sword-and-shield,False,90,100,40,50,80,40,0
482,2200,Naaga Seax II,sword-and-shield,Naaga Seax I,N/A,10,336,20,N/A,False,Paralysis,300.0,N/A,N/A,N/A,0,0,0,N/A,N/A,N/A,N/A,N/A,N/A,N/A,N/A,Naaga Seax II,sword-and-shield,Upgrade,Odogaron Hardfang,2,Great Girros Shard,4.0,Great Girros Hardhood,2.0,Fey Wyvern Gem,1.0,sword-and-shield,False,90,100,40,50,80,40,0
483,2201,Hidden Edge,sword-and-shield,Naaga Seax I,N/A,10,294,10,N/A,True,Poison,270.0,N/A,N/A,N/A,0,0,0,N/A,N/A,N/A,N/A,N/A,N/A,N/A,N/A,Hidden Edge,sword-and-shield,Upgrade,Nargacuga Hardfang,2,Nargacuga Shard,3.0,Nargacuga Tailspear,2.0,Meldspar Ore,1.0,sword-and-shield,False,70,80,30,30,80,110,0
484,2202,Hidden Edge+,sword-and-shield,Hidden Edge,N/A,10,308,15,N/A,True,Poison,330.0,N/A,N/A,N/A,0,0,0,N/A,N/A,N/A,N/A,N/A,N/A,N/A,N/A,Hidden Edge+,sword-and-shield,Upgrade,Fulgur Anjanath Hardfang,2,Nargacuga Cutwing+,3.0,Nargacuga Lash,2.0,Nargacuga Mantle,1.0,sword-and-shield,False,140,20,20,70,40,30,80
485,2203,Flash in the Night,sword-and-shield,Hidden Edge+,N/A,11,336,20,N/A,True,Poison,390.0,N/A,N/A,N/A,0,0,0,N/A,N/A,N/A,N/A,N/A,N/A,N/A,N/A,Flash in the Night,sword-and-shield,Upgrade,Shadowpierce Fang,2,Nargacuga Cutwing+,4.0,Nargacuga Hardfang,4.0,Purecrystal,1.0,sword-and-shield,False,130,20,20,70,40,30,90
486,217,Bone Kukri I,sword-and-shield,N/A,N/A,1,140,0,N/A,False,N/A,N/A,N/A,N/A,N/A,0,0,0,N/A,N/A,N/A,N/A,N/A,N/A,N/A,N/A,Bone Kukri I,sword-and-shield,Create,Monster Bone S,1,N/A,N/A,N/A,N/A,N/A,N/A,sword-and-shield,False,90,60,80,20,0,0,0
487,218,Bone Kukri II,sword-and-shield,Bone Kukri I,N/A,1,154,0,N/A,False,N/A,N/A,N/A,N/A,N/A,0,0,0,N/A,N/A,N/A,N/A,N/A,N/A,N/A,N/A,Bone Kukri II,sword-and-shield,Upgrade,Monster Bone S,2,N/A,N/A,N/A,N/A,N/A,N/A,sword-and-shield,False,80,50,80,40,0,0,0
488,219,Bone Kukri III,sword-and-shield,Bone Kukri II,N/A,2,168,0,N/A,False,N/A,N/A,N/A,N/A,N/A,0,0,0,N/A,N/A,N/A,N/A,N/A,N/A,N/A,N/A,Bone Kukri III,sword-and-shield,Upgrade,Monster Bone M,2,Ancient Bone,1.0,N/A,N/A,N/A,N/A,sword-and-shield,False,80,50,50,70,0,0,0
489,220,Chief Kukri I,sword-and-shield,Bone Kukri III,N/A,3,196,0,N/A,False,N/A,N/A,N/A,N/A,N/A,0,0,0,N/A,N/A,N/A,N/A,N/A,N/A,N/A,N/A,Chief Kukri I,sword-and-shield,Upgrade,Monster Bone L,1,Monster Bone M,5.0,Boulder Bone,2.0,N/A,N/A,sword-and-shield,False,110,70,30,90,0,0,0
490,221,Chief Kukri II,sword-and-shield,Chief Kukri I,N/A,4,210,0,N/A,False,N/A,N/A,N/A,N/A,N/A,0,0,0,N/A,N/A,N/A,N/A,N/A,N/A,N/A,N/A,Chief Kukri II,sword-and-shield,Upgrade,Monster Bone+,2,Monster Bone L,1.0,Sturdy Bone,4.0,N/A,N/A,sword-and-shield,False,100,70,30,100,0,0,0
491,222,Chief Kukri III,sword-and-shield,Chief Kukri II,N/A,5,224,0,N/A,True,Paralysis,180.0,N/A,N/A,N/A,2,0,0,N/A,N/A,N/A,N/A,N/A,N/A,N/A,N/A,Chief Kukri III,sword-and-shield,Upgrade,Monster Keenbone,2,Monster Bone+,2.0,Quality Bone,2.0,N/A,N/A,sword-and-shield,False,130,70,30,100,20,0,0
492,223,Grand Barong I,sword-and-shield,Chief Kukri III,N/A,6,238,0,10.0,True,Paralysis,240.0,N/A,N/A,N/A,2,0,0,N/A,N/A,N/A,N/A,N/A,N/A,N/A,N/A,Grand Barong I,sword-and-shield,Upgrade,Monster Hardbone,4,Monster Keenbone,6.0,Quality Bone,10.0,N/A,N/A,sword-and-shield,False,100,100,40,40,70,0,0
493,224,Grand Barong II,sword-and-shield,Grand Barong I,N/A,6,266,0,10.0,True,Paralysis,300.0,N/A,N/A,N/A,3,0,0,N/A,N/A,N/A,N/A,N/A,N/A,N/A,N/A,Grand Barong II,sword-and-shield,Upgrade,Elder Dragon Bone,4,Monster Hardbone,6.0,Quality Bone,20.0,Dragonbone Relic,1.0,sword-and-shield,False,90,120,40,50,100,0,0
494,2204,Radobaan Os I,sword-and-shield,Grand Barong II,N/A,9,322,0,35.0,True,Paralysis,330.0,N/A,N/A,N/A,3,0,0,N/A,N/A,N/A,N/A,N/A,N/A,N/A,N/A,Radobaan Os I,sword-and-shield,Create,Thick Bone,6,Quality Bone,8.0,Monster Toughbone,4.0,Dragonbone Artifact,1.0,sword-and-shield,False,90,100,40,50,70,50,0
495,2204,Radobaan Os I,sword-and-shield,Grand Barong II,N/A,9,322,0,35.0,True,Paralysis,330.0,N/A,N/A,N/A,3,0,0,N/A,N/A,N/A,N/A,N/A,N/A,N/A,N/A,Radobaan Os I,sword-and-shield,Upgrade,Thick Bone,2,Quality Bone,4.0,Monster Hardbone,4.0,Frozen Bone,1.0,sword-and-shield,False,90,100,40,50,70,50,0
496,2205,Radobaan Os II,sword-and-shield,Radobaan Os I,N/A,10,350,0,35.0,True,Paralysis,330.0,N/A,N/A,N/A,3,0,0,N/A,N/A,N/A,N/A,N/A,N/A,N/A,N/A,Radobaan Os II,sword-and-shield,Upgrade,Monster Solidbone,2,Monster Slogbone,3.0,Thick Bone,4.0,Monster Essence,2.0,sword-and-shield,False,80,100,40,50,80,50,0
497,2206,Radobaan Os III,sword-and-shield,Radobaan Os II,N/A,11,392,0,35.0,True,Paralysis,360.0,N/A,N/A,N/A,3,0,0,N/A,N/A,N/A,N/A,N/A,N/A,N/A,N/A,Radobaan Os III,sword-and-shield,Upgrade,Large Elder Dragon Bone,3,Monster Solidbone,4.0,Thick Bone,6.0,Dragonbone Artifact,1.0,sword-and-shield,False,70,100,40,50,90,50,0
498,2207,Icegale,sword-and-shield,Radobaan Os II,N/A,11,364,0,N/A,False,Ice,210.0,N/A,N/A,N/A,4,0,0,N/A,N/A,N/A,N/A,N/A,N/A,N/A,N/A,Icegale,sword-and-shield,Upgrade,Crystal Shard,4,Velkhana Hardclaw,2.0,Velkhana Lash,2.0,Purecrystal,1.0,sword-and-shield,False,140,30,30,60,50,40,50
499,2208,Noble Ana Palas,sword-and-shield,Icegale,N/A,12,378,0,N/A,False,Ice,270.0,N/A,N/A,N/A,4,0,0,N/A,N/A,N/A,N/A,N/A,N/A,N/A,N/A,Noble Ana Palas,sword-and-shield,Upgrade,Shara Ishvalda Tenderclaw,3,Velkhana Crownhorn,4.0,Velkhana Hardclaw,4.0,Velkhana Crystal,1.0,sword-and-shield,False,130,30,30,60,50,50,50
500,225,Spiked Edge I,sword-and-shield,Bone Kukri III,N/A,3,182,0,15.0,False,Sleep,120.0,N/A,N/A,N/A,0,0,0,N/A,N/A,N/A,N/A,N/A,N/A,N/A,N/A,Spiked Edge I,sword-and-shield,Upgrade,Wyvern Bonemass,2,Radobaan Scale,4.0,Sleep Sac,2.0,N/A,N/A,sword-and-shield,False,120,70,30,80,0,0,0
501,226,Spiked Edge II,sword-and-shield,Spiked Edge I,N/A,4,196,0,15.0,False,Sleep,120.0,N/A,N/A,N/A,0,0,0,N/A,N/A,N/A,N/A,N/A,N/A,N/A,N/A,Spiked Edge II,sword-and-shield,Upgrade,Monster Bone+,3,Wyvern Bonemass,3.0,Radobaan Oilshell,2.0,Radobaan Marrow,1.0,sword-and-shield,False,110,70,30,90,0,0,0
502,227,Baan Claw I,sword-and-shield,Spiked Edge II,N/A,5,238,0,20.0,False,Sleep,150.0,N/A,N/A,N/A,0,0,0,N/A,N/A,N/A,N/A,N/A,N/A,N/A,N/A,Baan Claw I,sword-and-shield,Upgrade,Radobaan Carapace,4,Radobaan Oilshell,3.0,Coma Sac,2.0,Monster Keenbone,3.0,sword-and-shield,False,140,70,30,100,10,0,0
503,228,Baan Claw II,sword-and-shield,Baan Claw I,N/A,6,252,0,20.0,False,Sleep,180.0,N/A,N/A,N/A,0,0,0,N/A,N/A,N/A,N/A,N/A,N/A,N/A,N/A,Baan Claw II,sword-and-shield,Upgrade,Monster Hardbone,5,Radobaan Scale+,8.0,Coma Sac,3.0,Radobaan Medulla,1.0,sword-and-shield,False,100,100,40,40,70,0,0
504,229,Baan Claw III,sword-and-shield,Baan Claw II,N/A,6,266,0,20.0,False,Sleep,210.0,N/A,N/A,N/A,0,0,0,N/A,N/A,N/A,N/A,N/A,N/A,N/A,N/A,Baan Claw III,sword-and-shield,Upgrade,Elder Dragon Bone,5,Radobaan Carapace,6.0,Coma Sac,4.0,Wyvern Gem,1.0,sword-and-shield,False,100,120,40,50,90,0,0
505,2209,Radobaan Osseus I,sword-and-shield,Baan Claw III,N/A,9,322,0,35.0,False,Sleep,240.0,N/A,N/A,N/A,0,0,0,N/A,N/A,N/A,N/A,N/A,N/A,N/A,N/A,Radobaan Osseus I,sword-and-shield,Create,Radobaan Oilshell+,2,Radobaan Shard,4.0,Torpor Sac,3.0,Large Wyvern Gem,1.0,sword-and-shield,False,110,100,40,50,50,50,0
506,2209,Radobaan Osseus I,sword-and-shield,Baan Claw III,N/A,9,322,0,35.0,False,Sleep,240.0,N/A,N/A,N/A,0,0,0,N/A,N/A,N/A,N/A,N/A,N/A,N/A,N/A,Radobaan Osseus I,sword-and-shield,Upgrade,Radobaan Cortex,2,Radobaan Shard,2.0,Torpor Sac,1.0,Monster Toughbone,3.0,sword-and-shield,False,110,100,40,50,50,50,0
507,2210,Radobaan Osseus II,sword-and-shield,Radobaan Osseus I,N/A,10,350,0,35.0,False,Sleep,270.0,N/A,N/A,N/A,0,0,0,N/A,N/A,N/A,N/A,N/A,N/A,N/A,N/A,Radobaan Osseus II,sword-and-shield,Upgrade,Monster Solidbone,3,Large Wyvern Bonemass,3.0,Radobaan Oilshell+,2.0,Thick Bone,5.0,sword-and-shield,False,100,30,30,110,40,90,0
508,2211,Acid Razor I,sword-and-shield,Radobaan Osseus I,N/A,10,378,0,N/A,True,Paralysis,180.0,N/A,N/A,N/A,4,0,0,N/A,N/A,N/A,N/A,N/A,N/A,N/A,N/A,Acid Razor I,sword-and-shield,Upgrade,Acidic Glavenus Hardfang,2,Acidic Glavenus Spineshell,2.0,Acidic Glavenus Tailedge,2.0,Honed Acidcryst,4.0,sword-and-shield,False,160,100,30,30,50,30,0
509,2212,Acid Razor II,sword-and-shield,Acid Razor I,N/A,11,406,0,N/A,True,Paralysis,210.0,N/A,N/A,N/A,4,0,0,N/A,N/A,N/A,N/A,N/A,N/A,N/A,N/A,Acid Razor II,sword-and-shield,Upgrade,Vaal Hazak Hardclaw,2,Acidic Glavenus Hardfang,4.0,Acidic Glavenus Spineshell,3.0,Glavenus Mantle,1.0,sword-and-shield,False,60,50,110,90,60,20,10
510,230,Jagras Edge I,sword-and-shield,Bone Kukri II,N/A,2,168,0,N/A,False,N/A,N/A,N/A,N/A,N/A,0,0,0,N/A,N/A,N/A,N/A,N/A,N/A,N/A,N/A,Jagras Edge I,sword-and-shield,Upgrade,Great Jagras Claw,1,Great Jagras Hide,1.0,Great Jagras Scale,3.0,Sharp Claw,1.0,sword-and-shield,False,70,50,50,80,0,0,0
511,231,Jagras Edge II,sword-and-shield,Jagras Edge I,N/A,3,196,0,N/A,False,N/A,N/A,N/A,N/A,N/A,0,0,0,N/A,N/A,N/A,N/A,N/A,N/A,N/A,N/A,Jagras Edge II,sword-and-shield,Upgrade,Great Jagras Claw,2,Great Jagras Mane,2.0,Coral Bone,2.0,Tzitzi-Ya-Ku Claw,3.0,sword-and-shield,False,100,70,30,100,0,0,0
512,232,Jagras Edge III,sword-and-shield,Jagras Edge II,N/A,4,210,0,N/A,False,N/A,N/A,N/A,N/A,N/A,0,0,0,N/A,N/A,N/A,N/A,N/A,N/A,N/A,N/A,Jagras Edge III,sword-and-shield,Upgrade,Monster Bone+,3,Great Jagras Scale,5.0,Great Jagras Claw,3.0,Great Jagras Mane,3.0,sword-and-shield,False,80,70,30,120,0,0,0
513,233,Jagras Garotte I,sword-and-shield,Jagras Edge III,N/A,5,238,0,N/A,True,Water,300.0,N/A,N/A,N/A,2,1,0,N/A,N/A,N/A,N/A,N/A,N/A,N/A,N/A,Jagras Garotte I,sword-and-shield,Upgrade,Great Jagras Scale+,6,Great Jagras Claw+,4.0,Great Jagras Mane,6.0,Piercing Claw,5.0,sword-and-shield,False,100,100,40,40,70,0,0
514,234,Jagras Garotte II,sword-and-shield,Jagras Garotte I,N/A,6,252,0,N/A,True,Water,330.0,N/A,N/A,N/A,2,2,0,N/A,N/A,N/A,N/A,N/A,N/A,N/A,N/A,Jagras Garotte II,sword-and-shield,Upgrade,Monster Hardbone,4,Great Jagras Claw+,6.0,Jagras Hide+,6.0,Tzitzi-Ya-Ku Claw+,5.0,sword-and-shield,False,90,100,40,40,80,0,0
515,235,Jagras Garotte III,sword-and-shield,Jagras Garotte II,N/A,6,266,0,N/A,True,Water,360.0,N/A,N/A,N/A,3,2,0,N/A,N/A,N/A,N/A,N/A,N/A,N/A,N/A,Jagras Garotte III,sword-and-shield,Upgrade,Vaal Hazak Talon,2,Great Jagras Claw+,8.0,Great Jagras Hide+,6.0,Novacrystal,1.0,sword-and-shield,False,90,120,40,50,100,0,0
516,2213,Saber's Gullet I,sword-and-shield,Jagras Garotte III,N/A,9,322,0,N/A,True,Water,390.0,N/A,N/A,N/A,3,3,0,N/A,N/A,N/A,N/A,N/A,N/A,N/A,N/A,Saber's Gullet I,sword-and-shield,Create,Great Jagras Shard,4,Great Jagras Hardclaw,2.0,Great Jagras Mane+,3.0,Fey Wyvern Gem,1.0,sword-and-shield,False,80,100,40,40,140,0,0
517,2213,Saber's Gullet I,sword-and-shield,Jagras Garotte III,N/A,9,322,0,N/A,True,Water,390.0,N/A,N/A,N/A,3,3,0,N/A,N/A,N/A,N/A,N/A,N/A,N/A,N/A,Saber's Gullet I,sword-and-shield,Upgrade,Great Jagras Shard,2,Great Jagras Hardclaw,1.0,Great Jagras Mane+,2.0,Jagras Shard,2.0,sword-and-shield,False,80,100,40,40,140,0,0
518,2214,Saber's Gullet II,sword-and-shield,Saber's Gullet I,N/A,10,364,0,N/A,True,Water,450.0,N/A,N/A,N/A,3,3,0,N/A,N/A,N/A,N/A,N/A,N/A,N/A,N/A,Saber's Gullet II,sword-and-shield,Upgrade,Monster Slogbone,3,Great Jagras Hardclaw,3.0,Great Jagras Thickhide,3.0,Tough Claw,3.0,sword-and-shield,False,100,80,30,30,80,80,0
519,2215,Rex Talon,sword-and-shield,Saber's Gullet I,N/A,10,350,-20,N/A,True,Blast,180.0,N/A,N/A,N/A,0,0,0,N/A,N/A,N/A,N/A,N/A,N/A,N/A,N/A,Rex Talon,sword-and-shield,Upgrade,Tigrex Hardclaw,3,Tigrex Shard,4.0,Monster Slogbone,3.0,Thick Bone,5.0,sword-and-shield,False,70,30,30,110,40,120,0
520,2216,Rex Talon+,sword-and-shield,Rex Talon,N/A,10,378,-20,N/A,True,Blast,210.0,N/A,N/A,N/A,0,0,0,N/A,N/A,N/A,N/A,N/A,N/A,N/A,N/A,Rex Talon+,sword-and-shield,Upgrade,Blackcurl Stouthorn,1,Tigrex Hardfang,3.0,Tigrex Lash,2.0,Tigrex Mantle,1.0,sword-and-shield,False,60,30,30,110,40,130,0
521,2217,Tigrex Sword,sword-and-shield,Rex Talon+,N/A,11,392,-20,N/A,True,Blast,300.0,N/A,N/A,N/A,0,0,0,N/A,N/A,N/A,N/A,N/A,N/A,N/A,N/A,Tigrex Sword,sword-and-shield,Upgrade,Daora Hardclaw,2,Tigrex Hardfang,2.0,Tigrex Cortex,4.0,Pure Dragon Blood,5.0,sword-and-shield,False,50,30,30,110,40,140,0
522,2218,Accursed Claw,sword-and-shield,Rex Talon,N/A,11,392,-30,N/A,True,Sleep,180.0,N/A,N/A,N/A,0,0,0,N/A,N/A,N/A,N/A,N/A,N/A,N/A,N/A,Accursed Claw,sword-and-shield,Upgrade,Brute Tigrex Hardclaw,3,Brute Tigrex Shard,5.0,Brute Tigrex Hardfang,2.0,Large Wyvern Gem,1.0,sword-and-shield,False,100,20,30,90,90,30,40
523,2219,Stonebite,sword-and-shield,Accursed Claw,N/A,12,406,-30,N/A,True,Sleep,210.0,N/A,N/A,N/A,0,0,0,N/A,N/A,N/A,N/A,N/A,N/A,N/A,N/A,Stonebite,sword-and-shield,Upgrade,Tempered Ebonjaw,5,Brute Tigrex Hardclaw,4.0,Brute Tigrex Hardfang,3.0,Tigrex Mantle,1.0,sword-and-shield,False,90,20,30,90,90,40,40
524,236,Thunder Edge I,sword-and-shield,Jagras Edge I,N/A,3,182,0,N/A,False,Thunder,90.0,N/A,N/A,N/A,0,0,0,N/A,N/A,N/A,N/A,N/A,N/A,N/A,N/A,Thunder Edge I,sword-and-shield,Upgrade,Sturdy Bone,5,Tobi-Kadachi Electrode,1.0,Tobi-Kadachi Claw,2.0,Electro Sac,1.0,sword-and-shield,False,110,70,30,90,0,0,0
525,237,Thunder Edge II,sword-and-shield,Thunder Edge I,N/A,4,210,0,N/A,False,Thunder,120.0,N/A,N/A,N/A,0,0,0,N/A,N/A,N/A,N/A,N/A,N/A,N/A,N/A,Thunder Edge II,sword-and-shield,Upgrade,Monster Bone+,2,Tobi-Kadachi Electrode,2.0,Tobi-Kadachi Membrane,2.0,Warped Bone,2.0,sword-and-shield,False,100,70,30,100,0,0,0
526,238,Lightning Nemesis I,sword-and-shield,Thunder Edge II,N/A,5,224,0,N/A,False,Thunder,150.0,N/A,N/A,N/A,2,0,0,N/A,N/A,N/A,N/A,N/A,N/A,N/A,N/A,Lightning Nemesis I,sword-and-shield,Upgrade,Quality Bone,5,Tobi-Kadachi Scale+,4.0,Tobi-Kadachi Pelt+,3.0,Vespoid Innerwing,3.0,sword-and-shield,False,140,70,30,100,10,0,0
527,239,Lightning Nemesis II,sword-and-shield,Lightning Nemesis I,N/A,6,252,0,N/A,False,Thunder,180.0,N/A,N/A,N/A,2,0,0,N/A,N/A,N/A,N/A,N/A,N/A,N/A,N/A,Lightning Nemesis II,sword-and-shield,Upgrade,Monster Hardbone,3,Tobi-Kadachi Electrode+,2.0,Tobi-Kadachi Membrane,4.0,Thunder Sac,3.0,sword-and-shield,False,100,100,40,40,70,0,0
528,240,Lightning Nemesis III,sword-and-shield,Lightning Nemesis II,N/A,6,266,0,N/A,False,Thunder,210.0,N/A,N/A,N/A,2,0,0,N/A,N/A,N/A,N/A,N/A,N/A,N/A,N/A,Lightning Nemesis III,sword-and-shield,Upgrade,Elder Dragon Bone,4,Tobi-Kadachi Electrode+,4.0,Tobi-Kadachi Claw+,6.0,Wyvern Gem,1.0,sword-and-shield,False,100,120,40,50,90,0,0
529,2220,Lightning Nemesis IV,sword-and-shield,Lightning Nemesis III,N/A,9,308,0,N/A,False,Thunder,240.0,N/A,N/A,N/A,2,0,0,N/A,N/A,N/A,N/A,N/A,N/A,N/A,N/A,Lightning Nemesis IV,sword-and-shield,Upgrade,Tobi-Kadachi Hardclaw,1,Tobi-Kadachi Shard,2.0,Tobi-Kadachi Thickfur,2.0,Lightning Sac,1.0,sword-and-shield,False,100,100,40,50,60,50,0
530,2221,Usurper's Firebolt,sword-and-shield,Lightning Nemesis IV,N/A,10,336,0,N/A,False,Thunder,300.0,N/A,N/A,N/A,2,0,0,N/A,N/A,N/A,N/A,N/A,N/A,N/A,N/A,Usurper's Firebolt,sword-and-shield,Upgrade,Zinogre Hardclaw,3,Zinogre Deathly Shocker,2.0,Zinogre Cortex,5.0,Lightning Sac,3.0,sword-and-shield,False,110,30,30,110,40,80,0
531,2222,Usurper's Firebolt+,sword-and-shield,Usurper's Firebolt,N/A,11,350,0,N/A,False,Thunder,330.0,N/A,N/A,N/A,2,0,0,N/A,N/A,N/A,N/A,N/A,N/A,N/A,N/A,Usurper's Firebolt+,sword-and-shield,Upgrade,Zinogre Hardhorn,3,Zinogre Electrofur+,4.0,Fulgurbug,5.0,Zinogre Skymerald,1.0,sword-and-shield,False,130,30,90,30,30,70,20
532,2223,Despot's Crookbolt,sword-and-shield,Usurper's Firebolt+,N/A,12,364,0,N/A,False,Thunder,360.0,N/A,N/A,N/A,2,0,0,N/A,N/A,N/A,N/A,N/A,N/A,N/A,N/A,Despot's Crookbolt,sword-and-shield,Upgrade,Spiritvein Solidbone,5,Zinogre Hardhorn,2.0,Zinogre Deathly Shocker,5.0,Large Elder Dragon Gem,1.0,sword-and-shield,False,120,30,90,30,30,80,20
533,241,Carapace Edge I,sword-and-shield,Bone Kukri II,N/A,2,182,-10,10.0,False,N/A,N/A,N/A,N/A,N/A,0,0,0,N/A,N/A,N/A,N/A,N/A,N/A,N/A,N/A,Carapace Edge I,sword-and-shield,Upgrade,Barroth Claw,1,Barroth Shell,3.0,Barroth Ridge,2.0,N/A,N/A,sword-and-shield,False,80,50,50,70,0,0,0
534,242,Carapace Edge II,sword-and-shield,Carapace Edge I,N/A,3,196,-10,10.0,False,N/A,N/A,N/A,N/A,N/A,0,0,0,N/A,N/A,N/A,N/A,N/A,N/A,N/A,N/A,Carapace Edge II,sword-and-shield,Upgrade,Dragonite Ore,3,Barroth Claw,2.0,Barroth Tail,1.0,Kestodon Shell,3.0,sword-and-shield,False,120,70,30,80,0,0,0
535,243,Carapace Edge III,sword-and-shield,Carapace Edge II,N/A,4,224,-10,10.0,False,N/A,N/A,N/A,N/A,N/A,0,0,0,N/A,N/A,N/A,N/A,N/A,N/A,N/A,N/A,Carapace Edge III,sword-and-shield,Upgrade,Diablos Shell,3,Barroth Claw,4.0,Barroth Scalp,2.0,Monster Bone+,3.0,sword-and-shield,False,110,70,30,90,0,0,0
536,244,Barroth Club I,sword-and-shield,Carapace Edge III,N/A,5,252,-10,15.0,True,Paralysis,120.0,N/A,N/A,N/A,1,0,0,N/A,N/A,N/A,N/A,N/A,N/A,N/A,N/A,Barroth Club I,sword-and-shield,Upgrade,Barroth Claw+,2,Barroth Carapace,3.0,Barroth Ridge+,2.0,Kestodon Carapace,5.0,sword-and-shield,False,140,70,30,100,10,0,0
537,245,Barroth Club II,sword-and-shield,Barroth Club I,N/A,6,266,-10,15.0,True,Paralysis,150.0,N/A,N/A,N/A,1,1,0,N/A,N/A,N/A,N/A,N/A,N/A,N/A,N/A,Barroth Club II,sword-and-shield,Upgrade,Diablos Carapace,3,Barroth Claw+,4.0,Barroth Carapace,3.0,Gastodon Carapace,5.0,sword-and-shield,False,110,100,40,40,60,0,0
538,246,Barroth Club III,sword-and-shield,Barroth Club II,N/A,6,294,-10,15.0,True,Paralysis,180.0,N/A,N/A,N/A,2,1,0,N/A,N/A,N/A,N/A,N/A,N/A,N/A,N/A,Barroth Club III,sword-and-shield,Upgrade,Nergigante Horn+,1,Barroth Claw+,5.0,Barroth Ridge+,5.0,Wyvern Gem,1.0,sword-and-shield,False,100,120,40,50,90,0,0
539,2224,Barroth Slicer I,sword-and-shield,Barroth Club III,N/A,9,336,-10,25.0,True,Paralysis,240.0,N/A,N/A,N/A,2,2,0,N/A,N/A,N/A,N/A,N/A,N/A,N/A,N/A,Barroth Slicer I,sword-and-shield,Create,Barroth Hardclaw,2,Barroth Crown,2.0,Barroth Chine,4.0,Large Wyvern Gem,1.0,sword-and-shield,False,90,100,40,50,70,50,0
540,2224,Barroth Slicer I,sword-and-shield,Barroth Club III,N/A,9,336,-10,25.0,True,Paralysis,240.0,N/A,N/A,N/A,2,2,0,N/A,N/A,N/A,N/A,N/A,N/A,N/A,N/A,Barroth Slicer I,sword-and-shield,Upgrade,Barroth Hardclaw,1,Barroth Cortex,2.0,Barroth Chine,2.0,Kestodon Husk,2.0,sword-and-shield,False,90,100,40,50,70,50,0
541,2225,Barroth Slicer II,sword-and-shield,Barroth Slicer I,N/A,10,378,-10,25.0,True,Paralysis,270.0,N/A,N/A,N/A,2,2,0,N/A,N/A,N/A,N/A,N/A,N/A,N/A,N/A,Barroth Slicer II,sword-and-shield,Upgrade,Diablos Cortex,2,Barroth Hardclaw,2.0,Barroth Crown,1.0,Monster Slogbone,3.0,sword-and-shield,False,90,100,40,50,70,50,0
542,2226,Glavenus Razor I,sword-and-shield,Barroth Slicer I,N/A,10,336,0,N/A,False,Fire,150.0,N/A,N/A,N/A,1,0,0,N/A,N/A,N/A,N/A,N/A,N/A,N/A,N/A,Glavenus Razor I,sword-and-shield,Upgrade,Glavenus Hardfang,2,Glavenus Shard,4.0,Molten Bursa,2.0,Eltalite Ore,6.0,sword-and-shield,False,100,30,30,110,40,90,0
543,2227,Glavenus Razor II,sword-and-shield,Glavenus Razor I,N/A,10,350,0,N/A,False,Fire,240.0,N/A,N/A,N/A,1,1,0,N/A,N/A,N/A,N/A,N/A,N/A,N/A,N/A,Glavenus Razor II,sword-and-shield,Upgrade,Ebony Odogaron Hardfang,2,Glavenus Hellshell,3.0,Glavenus Tailedge,2.0,Glavenus Mantle,1.0,sword-and-shield,False,120,30,30,60,50,80,30
544,247,Blazing Edge I,sword-and-shield,Carapace Edge I,N/A,3,196,-20,N/A,False,Fire,150.0,N/A,N/A,N/A,0,0,0,N/A,N/A,N/A,N/A,N/A,N/A,N/A,N/A,Blazing Edge I,sword-and-shield,Upgrade,Anjanath Fang,2,Anjanath Scale,3.0,Flame Sac,1.0,N/A,N/A,sword-and-shield,False,120,70,30,80,0,0,0
545,248,Blazing Edge II,sword-and-shield,Blazing Edge I,N/A,4,224,-20,N/A,False,Fire,180.0,N/A,N/A,N/A,0,0,0,N/A,N/A,N/A,N/A,N/A,N/A,N/A,N/A,Blazing Edge II,sword-and-shield,Upgrade,Rathalos Marrow,1,Anjanath Fang,4.0,Anjanath Nosebone,1.0,Anjanath Tail,1.0,sword-and-shield,False,100,70,30,100,0,0,0
546,249,Flammensucher,sword-and-shield,Blazing Edge II,N/A,5,266,-20,N/A,False,Fire,210.0,N/A,N/A,N/A,0,0,0,N/A,N/A,N/A,N/A,N/A,N/A,N/A,N/A,Flammensucher,sword-and-shield,Create,Anjanath Fang+,5,Anjanath Pelt+,6.0,Anjanath Scale+,6.0,Anjanath Plate,1.0,sword-and-shield,False,100,100,40,40,70,0,0
547,249,Flammensucher,sword-and-shield,Blazing Edge II,N/A,5,266,-20,N/A,False,Fire,210.0,N/A,N/A,N/A,0,0,0,N/A,N/A,N/A,N/A,N/A,N/A,N/A,N/A,Flammensucher,sword-and-shield,Upgrade,Anjanath Fang+,4,Anjanath Scale+,5.0,Inferno Sac,3.0,Anjanath Plate,1.0,sword-and-shield,False,100,100,40,40,70,0,0
548,250,Gnashing Flammensucher,sword-and-shield,Flammensucher,N/A,7,294,-20,N/A,False,Fire,240.0,N/A,N/A,N/A,0,0,0,N/A,N/A,N/A,N/A,N/A,N/A,N/A,N/A,Gnashing Flammensucher,sword-and-shield,Upgrade,Teostra Mane,2,Anjanath Fang+,6.0,Anjanath Nosebone+,2.0,Anjanath Gem,1.0,sword-and-shield,False,100,120,40,50,90,0,0
549,2228,Gnashing Flammensucher+,sword-and-shield,Gnashing Flammensucher,N/A,9,322,-20,N/A,False,Fire,330.0,N/A,N/A,N/A,0,0,0,N/A,N/A,N/A,N/A,N/A,N/A,N/A,N/A,Gnashing Flammensucher+,sword-and-shield,Upgrade,Anjanath Hardfang,1,Anjanath Shard,2.0,Conflagrant Sac,1.0,Eltalite Ore,3.0,sword-and-shield,False,70,100,40,50,90,50,0
550,2229,Lohensieger,sword-and-shield,Gnashing Flammensucher+,N/A,10,378,-20,N/A,False,Fire,450.0,N/A,N/A,N/A,0,0,0,N/A,N/A,N/A,N/A,N/A,N/A,N/A,N/A,Lohensieger,sword-and-shield,Upgrade,Azure Rathalos Cortex,2,Anjanath Fur,3.0,Heavy Anjanath Nosebone,2.0,Anjanath Lash,1.0,sword-and-shield,False,70,100,40,50,90,50,0
551,2230,Donnersieger,sword-and-shield,Gnashing Flammensucher+,N/A,10,336,5,N/A,False,Thunder,210.0,N/A,N/A,N/A,0,0,0,N/A,N/A,N/A,N/A,N/A,N/A,N/A,N/A,Donnersieger,sword-and-shield,Upgrade,Fulgur Anjanath Hardfang,1,Fulgur Anjanath Shard,2.0,Monster Solidbone,3.0,Meldspar Ore,2.0,sword-and-shield,False,70,100,40,50,90,50,0
552,2231,Donnersieger+,sword-and-shield,Donnersieger,N/A,10,350,10,N/A,False,Thunder,240.0,N/A,N/A,N/A,0,0,0,N/A,N/A,N/A,N/A,N/A,N/A,N/A,N/A,Donnersieger+,sword-and-shield,Upgrade,Fulgur Anjanath Thickfur,3,Heavy Fulgur Anjanath Nosebone,2.0,Fulgur Anjanath Lash,1.0,Lightning Sac,3.0,sword-and-shield,False,70,100,40,50,90,50,0
553,2232,Fulguration's Talon,sword-and-shield,Donnersieger+,N/A,11,364,15,N/A,False,Thunder,270.0,N/A,N/A,N/A,0,0,0,N/A,N/A,N/A,N/A,N/A,N/A,N/A,N/A,Fulguration's Talon,sword-and-shield,Upgrade,Kirin Silvermane,2,Fulgur Anjanath Hardfang,3.0,Fulgur Anjanath Thickfur,5.0,Fulgur Anjanath Mantle,1.0,sword-and-shield,False,70,100,40,50,90,50,0
554,251,Dragonbone Sword I,sword-and-shield,N/A,N/A,3,140,0,N/A,False,Dragon,270.0,N/A,N/A,low,0,0,0,N/A,N/A,N/A,N/A,N/A,N/A,N/A,N/A,Dragonbone Sword I,sword-and-shield,Create,Warped Bone,5,Coral Bone,5.0,Boulder Bone,5.0,Ancient Bone,5.0,sword-and-shield,False,110,70,30,90,0,0,0
555,252,Dragonbone Sword II,sword-and-shield,Dragonbone Sword I,N/A,4,154,0,N/A,False,Dragon,330.0,N/A,N/A,low,0,0,0,N/A,N/A,N/A,N/A,N/A,N/A,N/A,N/A,Dragonbone Sword II,sword-and-shield,Upgrade,Monster Bone+,6,Monster Bone L,8.0,Sturdy Bone,8.0,N/A,N/A,sword-and-shield,False,70,70,30,130,0,0,0
556,253,Dragonbone Sword III,sword-and-shield,Dragonbone Sword II,N/A,6,196,0,N/A,False,Dragon,450.0,N/A,N/A,low,1,0,0,N/A,N/A,N/A,N/A,N/A,N/A,N/A,N/A,Dragonbone Sword III,sword-and-shield,Upgrade,Elder Dragon Bone,10,Brutal Bone,4.0,Dragonbone Relic,2.0,Wyvern Gem,1.0,sword-and-shield,False,150,100,30,30,60,30,0
557,2233,Dragonseal Aldsword I,sword-and-shield,Dragonbone Sword III,N/A,10,294,0,N/A,False,Dragon,480.0,N/A,N/A,average,1,1,0,N/A,N/A,N/A,N/A,N/A,N/A,N/A,N/A,Dragonseal Aldsword I,sword-and-shield,Upgrade,Monster Solidbone,3,Monster Slogbone,4.0,Thick Bone,6.0,Dragonbone Artifact,1.0,sword-and-shield,False,170,70,20,20,80,40,0
558,2234,Dragonseal Aldsword II,sword-and-shield,Dragonseal Aldsword I,N/A,11,336,0,N/A,False,Dragon,540.0,N/A,N/A,average,1,1,0,N/A,N/A,N/A,N/A,N/A,N/A,N/A,N/A,Dragonseal Aldsword II,sword-and-shield,Upgrade,Large Elder Dragon Bone,6,Monster Solidbone,4.0,Lavasioth Grandfin,2.0,Large Wyvern Gem,1.0,sword-and-shield,False,170,70,20,20,80,40,0
559,2235,Manifested Lotus,sword-and-shield,Dragonseal Aldsword I,N/A,12,392,0,30.0,True,Dragon,450.0,N/A,N/A,high,1,1,0,N/A,N/A,N/A,N/A,N/A,N/A,N/A,N/A,Manifested Lotus,sword-and-shield,Upgrade,Shara Ishvalda Tenderclaw,4,Shara Ishvalda Tenderscale,6.0,Shara Ishvalda Tenderplate,2.0,Shara Ishvalda Gem,1.0,sword-and-shield,False,160,30,30,60,50,40,30
560,254,Fulminator,sword-and-shield,Dragonbone Sword I,N/A,4,154,0,N/A,False,Thunder,270.0,N/A,N/A,N/A,0,0,0,N/A,N/A,N/A,N/A,N/A,N/A,N/A,N/A,Fulminator,sword-and-shield,Upgrade,Kirin Thunderhorn,3,Kirin Hide,3.0,Kirin Tail,1.0,Lightcrystal,1.0,sword-and-shield,False,40,50,80,130,0,0,0
561,255,Thunderbolt Sword I,sword-and-shield,Fulminator,N/A,6,210,0,N/A,False,Thunder,300.0,N/A,N/A,N/A,0,0,0,N/A,N/A,N/A,N/A,N/A,N/A,N/A,N/A,Thunderbolt Sword I,sword-and-shield,Upgrade,Kirin Azure Horn,4,Kirin Hide+,5.0,Kirin Mane,4.0,Dragonvein Crystal,5.0,sword-and-shield,False,110,20,20,150,100,0,0
562,256,Thunderbolt Sword II,sword-and-shield,Thunderbolt Sword I,N/A,7,224,0,N/A,False,Thunder,360.0,N/A,N/A,N/A,0,0,0,N/A,N/A,N/A,N/A,N/A,N/A,N/A,N/A,Thunderbolt Sword II,sword-and-shield,Upgrade,Xeno'jiiva Shell,4,Kirin Azure Horn,6.0,Kirin Thundertail,3.0,Novacrystal,2.0,sword-and-shield,False,110,20,20,130,120,0,0
563,2236,Ephemeral Fulminator,sword-and-shield,Thunderbolt Sword II,N/A,11,336,0,N/A,False,Thunder,510.0,N/A,N/A,N/A,0,0,0,N/A,N/A,N/A,N/A,N/A,N/A,N/A,N/A,Ephemeral Fulminator,sword-and-shield,Upgrade,Kirin Azure Horn+,3,Kirin Finehide,4.0,Kirin Silvermane,3.0,Purecrystal,1.0,sword-and-shield,False,50,80,30,30,80,130,0
564,2237,Hydros Discus,sword-and-shield,Thunderbolt Sword II,N/A,11,378,10,N/A,False,Water,360.0,N/A,N/A,N/A,1,0,0,N/A,N/A,N/A,N/A,N/A,N/A,N/A,N/A,Hydros Discus,sword-and-shield,Upgrade,Namielle Hardclaw,4,Namielle Finehide,5.0,Namielle Whisker,2.0,Purecrystal,1.0,sword-and-shield,False,60,80,30,30,80,120,0
565,257,Blacksteel Sword I,sword-and-shield,N/A,N/A,5,140,0,N/A,False,Dragon,120.0,N/A,N/A,low,0,0,0,N/A,N/A,N/A,N/A,N/A,N/A,N/A,N/A,Blacksteel Sword I,sword-and-shield,Create,Dragonvein Crystal,10,Earth Crystal,10.0,Coral Crystal,10.0,Lightcrystal,1.0,sword-and-shield,False,150,110,40,40,10,0,0
566,258,Blacksteel Sword II,sword-and-shield,Blacksteel Sword I,N/A,6,154,0,N/A,False,Dragon,150.0,N/A,N/A,low,0,0,0,N/A,N/A,N/A,N/A,N/A,N/A,N/A,N/A,Blacksteel Sword II,sword-and-shield,Upgrade,Firecell Stone,1,Fucium Ore,5.0,Carbalite Ore,10.0,Wyvern Gem,1.0,sword-and-shield,False,140,110,40,40,20,0,0
567,259,Teostra's Spada,sword-and-shield,Blacksteel Sword II,N/A,7,252,0,N/A,False,Blast,210.0,N/A,N/A,N/A,0,0,0,N/A,N/A,N/A,N/A,N/A,N/A,N/A,N/A,Teostra's Spada,sword-and-shield,Upgrade,Teostra Claw+,2,Teostra Mane,2.0,Teostra Carapace,5.0,Teostra Powder,4.0,sword-and-shield,False,100,60,60,100,50,30,0
568,260,Teostra's Emblem,sword-and-shield,Teostra's Spada,N/A,8,266,0,N/A,False,Blast,240.0,N/A,N/A,N/A,0,0,0,N/A,N/A,N/A,N/A,N/A,N/A,N/A,N/A,Teostra's Emblem,sword-and-shield,Upgrade,Xeno'jiiva Soulscale,5,Teostra Horn+,5.0,Teostra Claw+,2.0,Teostra Gem,1.0,sword-and-shield,False,70,50,60,120,60,40,0
569,2238,Teostra's Medal,sword-and-shield,Teostra's Emblem,N/A,11,364,15,N/A,False,Blast,270.0,N/A,N/A,N/A,0,0,0,N/A,N/A,N/A,N/A,N/A,N/A,N/A,N/A,Teostra's Medal,sword-and-shield,Upgrade,Teostra Hardhorn,5,Fire Dragon Hardclaw,4.0,Teostra Mane+,4.0,Large Elder Dragon Gem,1.0,sword-and-shield,False,100,30,30,110,40,90,0
570,261,Xeno Mabura,sword-and-shield,Blacksteel Sword II,N/A,8,238,15,N/A,False,Dragon,270.0,N/A,N/A,low,3,3,0,N/A,N/A,N/A,N/A,N/A,N/A,N/A,N/A,Xeno Mabura,sword-and-shield,Upgrade,Xeno'jiiva Claw,4,Xeno'jiiva Shell,6.0,Xeno'jiiva Tail,2.0,Xeno'jiiva Gem,1.0,sword-and-shield,False,130,30,60,80,40,60,0
571,1154,Fatal Jho,sword-and-shield,N/A,N/A,6,280,-20,N/A,False,Dragon,150.0,N/A,N/A,high,0,0,0,N/A,N/A,N/A,N/A,N/A,N/A,N/A,N/A,Fatal Jho,sword-and-shield,Create,Deviljho Scale,6,Deviljho Talon,2.0,Deviljho Tallfang,3.0,Deviljho Saliva,2.0,sword-and-shield,False,60,120,80,60,30,50,0
572,1155,Fatal Bite,sword-and-shield,Fatal Jho,N/A,7,308,-20,N/A,False,Dragon,210.0,N/A,N/A,high,0,0,0,N/A,N/A,N/A,N/A,N/A,N/A,N/A,N/A,Fatal Bite,sword-and-shield,Upgrade,Elder Dragon Blood,5,Deviljho Scalp,2.0,Deviljho Tallfang,5.0,Deviljho Gem,1.0,sword-and-shield,False,50,120,80,60,40,50,0
573,2239,Fate's Shear,sword-and-shield,Fatal Bite,N/A,12,392,-20,N/A,False,Dragon,240.0,N/A,N/A,high,0,0,0,N/A,N/A,N/A,N/A,N/A,N/A,N/A,N/A,Fate's Shear,sword-and-shield,Upgrade,Vile Fang,3,Deviljho Ripper,2.0,Black Blood,3.0,Deviljho Crook,1.0,sword-and-shield,False,150,30,30,60,50,50,30
574,1198,Empress Edge,sword-and-shield,N/A,N/A,7,266,0,N/A,False,Blast,120.0,N/A,N/A,N/A,1,0,0,N/A,N/A,N/A,N/A,N/A,N/A,N/A,N/A,Empress Edge,sword-and-shield,Create,Lunastra Scale+,4,Lunastra Horn,3.0,Lunastra Mane,3.0,Lunastra Gem,1.0,sword-and-shield,False,90,30,60,80,40,100,0
575,1199,"Empress Edge ""Blaze""",sword-and-shield,Empress Edge,N/A,8,266,20,N/A,False,Blast,150.0,N/A,N/A,N/A,1,0,0,N/A,N/A,N/A,N/A,N/A,N/A,N/A,Guts,"Empress Edge ""Blaze""",sword-and-shield,Upgrade,Research Commission Ticket,1,Lunastra Horn,2.0,Teostra Horn+,3.0,Bazelgeuse Gem,1.0,sword-and-shield,False,90,30,60,80,40,100,0
576,2240,"Soulfire Barb ""Blaze""",sword-and-shield,"Empress Edge ""Blaze""",N/A,12,350,20,N/A,False,Blast,180.0,N/A,N/A,N/A,2,1,0,N/A,N/A,N/A,N/A,N/A,N/A,N/A,Guts,"Soulfire Barb ""Blaze""",sword-and-shield,Upgrade,Lunastra Shard,4,Lunastra Hardhorn,4.0,Lunastra Mane+,4.0,Large Elder Dragon Gem,1.0,sword-and-shield,False,120,30,30,60,50,80,30
577,1200,"Empress Edge ""Ruin""",sword-and-shield,Empress Edge,N/A,8,280,0,N/A,False,Blast,120.0,N/A,N/A,N/A,2,0,0,N/A,N/A,N/A,N/A,N/A,N/A,N/A,Hasten Recovery,"Empress Edge ""Ruin""",sword-and-shield,Upgrade,Research Commission Ticket,1,Lunastra Wing,3.0,Nergigante Horn+,3.0,Nergigante Gem,1.0,sword-and-shield,False,90,30,60,80,40,100,0
578,2241,"Soulfire Barb ""Ruin""",sword-and-shield,"Empress Edge ""Ruin""",N/A,12,378,0,N/A,False,Blast,150.0,N/A,N/A,N/A,2,2,0,N/A,N/A,N/A,N/A,N/A,N/A,N/A,Hasten Recovery,"Soulfire Barb ""Ruin""",sword-and-shield,Upgrade,Lunastra Shard,4,Annihilating Greathorn,3.0,Eternal Regrowth Plate,3.0,Large Elder Dragon Gem,1.0,sword-and-shield,False,120,30,30,60,50,80,30
579,1201,"Empress Edge ""Styx""",sword-and-shield,Empress Edge,N/A,8,266,10,N/A,False,Blast,210.0,N/A,N/A,N/A,3,1,0,N/A,N/A,N/A,N/A,N/A,N/A,N/A,Razor Sharp/Spare Shot,"Empress Edge ""Styx""",sword-and-shield,Upgrade,Research Commission Ticket,1,Lunastra Tail,2.0,Xeno'jiiva Horn,3.0,Xeno'jiiva Gem,1.0,sword-and-shield,False,90,30,60,80,40,100,0
580,2242,"Soulfire Barb ""Styx""",sword-and-shield,"Empress Edge ""Styx""",N/A,12,350,10,N/A,False,Blast,240.0,N/A,N/A,N/A,3,3,0,N/A,N/A,N/A,N/A,N/A,N/A,N/A,Razor Sharp/Spare Shot,"Soulfire Barb ""Styx""",sword-and-shield,Upgrade,Lunastra Shard,4,Lunastra Lash,2.0,Elder Spiritvein Bone,5.0,Large Elder Dragon Gem,1.0,sword-and-shield,False,120,30,30,60,50,80,30
581,1258,Witcher's Silver Sword,sword-and-shield,N/A,N/A,7,252,0,N/A,False,Dragon,300.0,N/A,N/A,high,1,0,0,N/A,N/A,N/A,N/A,N/A,N/A,N/A,N/A,Witcher's Silver Sword,sword-and-shield,Create,Leshen Skull,1,Cursed Bone,4.0,Leshen Antlers,2.0,Carbalite Ore,2.0,sword-and-shield,True,250,20,20,20,30,60,0
582,1259,Witcher's Silver Sword+,sword-and-shield,Witcher's Silver Sword,N/A,8,266,0,N/A,False,Dragon,330.0,N/A,N/A,high,1,0,0,N/A,N/A,N/A,N/A,N/A,N/A,N/A,N/A,Witcher's Silver Sword+,sword-and-shield,Upgrade,Ancient Leshen Skull,1,Ancient Cursed Bone,4.0,Ancient Leshen Antlers,2.0,Leshen Resin,5.0,sword-and-shield,True,240,20,20,20,30,70,0
583,2243,Witcher's Silver Sword++,sword-and-shield,Witcher's Silver Sword+,N/A,12,364,0,N/A,False,Dragon,480.0,N/A,N/A,high,2,1,0,N/A,N/A,N/A,N/A,N/A,N/A,N/A,N/A,Witcher's Silver Sword++,sword-and-shield,Upgrade,Unity Symbol,1,Leshen Skull,1.0,Zinogre Hardhorn,2.0,Large Elder Dragon Bone,5.0,sword-and-shield,True,50,30,30,110,40,140,0
584,3122,Rajang Club,sword-and-shield,N/A,N/A,11,406,-15,N/A,False,Thunder,60.0,N/A,N/A,N/A,4,0,0,N/A,N/A,N/A,N/A,N/A,N/A,N/A,N/A,Rajang Club,sword-and-shield,Create,Rajang Hardhorn,1,Rajang Hardclaw,1.0,Rajang Hardfang,2.0,Rajang Wildpelt,2.0,sword-and-shield,False,100,100,40,50,60,50,0
585,3123,Banned Rajang Club,sword-and-shield,Rajang Club,N/A,12,434,-15,N/A,False,Thunder,90.0,N/A,N/A,N/A,4,0,0,N/A,N/A,N/A,N/A,N/A,N/A,N/A,N/A,Banned Rajang Club,sword-and-shield,Upgrade,Tempered Glimmerpelt,3,Rajang Hardhorn,3.0,Rajang Hardfang,7.0,Gold Rajang Pelt+,3.0,sword-and-shield,False,90,100,40,50,70,50,0
586,3124,Demonlord Mace,sword-and-shield,N/A,N/A,12,406,15,N/A,False,Thunder,300.0,N/A,N/A,N/A,0,0,0,N/A,N/A,N/A,N/A,N/A,N/A,N/A,N/A,Demonlord Mace,sword-and-shield,Create,Ghoulish Gold Gorer,3,Rajang Apoplexy,2.0,Gold Rajang Pelt+,5.0,Rajang Heart,1.0,sword-and-shield,False,110,20,20,70,40,30,110
587,3125,Brimstren Drakescale,sword-and-shield,N/A,N/A,11,350,0,N/A,False,Dragon,180.0,N/A,N/A,average,2,0,0,N/A,N/A,N/A,N/A,N/A,N/A,N/A,N/A,Brimstren Drakescale,sword-and-shield,Create,Stygian Zinogre Hardhorn,1,Stygian Zinogre Hardclaw,1.0,Stygian Zinogre Dragonlocks,2.0,Stygian Zinogre Dragonhold,2.0,sword-and-shield,False,130,20,20,70,40,30,90
588,3126,Stygian Luxuria,sword-and-shield,Brimstren Drakescale,N/A,12,378,0,N/A,False,Dragon,240.0,N/A,N/A,average,2,0,0,N/A,N/A,N/A,N/A,N/A,N/A,N/A,N/A,Stygian Luxuria,sword-and-shield,Upgrade,Tempered Dragonhold,3,Stygian Zinogre Hardhorn,2.0,Stygian Zinogre Hardclaw,5.0,Stygian Zinogre Skymerald,1.0,sword-and-shield,False,100,20,20,70,40,30,120
589,3127,Lightbreak Sword,sword-and-shield,N/A,N/A,12,420,0,N/A,False,Blast,180.0,N/A,N/A,N/A,4,3,0,N/A,N/A,N/A,N/A,N/A,N/A,N/A,N/A,Lightbreak Sword,sword-and-shield,Create,Brach Obliterator,3,Brach Warhead,1.0,Indestructible Ebonshell,4.0,Immortal Reactor,1.0,sword-and-shield,True,140,30,30,60,50,60,30
590,3198,Alatreon Sword,sword-and-shield,N/A,N/A,11,350,0,N/A,False,Dragon,450.0,N/A,N/A,low,2,0,0,N/A,N/A,N/A,N/A,N/A,N/A,N/A,N/A,Alatreon Sword,sword-and-shield,Create,Alatreon Mantle,3,Skyswayer,1.0,Alatreon Riptalon,3.0,Large Elder Dragon Gem,1.0,sword-and-shield,False,120,20,20,70,40,30,100
591,3199,Alatreon Star,sword-and-shield,Alatreon Sword,N/A,12,392,0,N/A,False,Dragon,570.0,N/A,N/A,low,2,2,0,N/A,N/A,N/A,N/A,N/A,N/A,N/A,N/A,Alatreon Star,sword-and-shield,Upgrade,Alatreon Direwing,1,Skyswayer,2.0,Alatreon Riptalon,2.0,Azure Dragonsphire,1.0,sword-and-shield,False,80,20,20,70,40,30,140
592,3242,Fatalis Sword,sword-and-shield,N/A,N/A,11,434,-40,N/A,False,Dragon,60.0,N/A,N/A,high,4,4,0,N/A,N/A,N/A,N/A,N/A,N/A,N/A,N/A,Fatalis Sword,sword-and-shield,Create,Fatalis Shard,3,Fatalis Pectus,1.0,Fatalis Hardhorn,1.0,Fatalis Evil Eye,1.0,sword-and-shield,False,140,20,20,70,40,30,80
593,3243,True Fatalis Sword,sword-and-shield,Fatalis Sword,N/A,12,490,-30,N/A,False,Dragon,120.0,N/A,N/A,high,4,4,0,N/A,N/A,N/A,N/A,N/A,N/A,N/A,N/A,True Fatalis Sword,sword-and-shield,Upgrade,Large Elder Dragon Gem,1,Fatalis Pectus,2.0,Fatalis Hardhorn,2.0,Fatalis Evil Eye,1.0,sword-and-shield,False,140,20,20,70,40,30,80
594,2244,Guild Palace Sword,sword-and-shield,N/A,N/A,10,350,10,30.0,True,Water,330.0,N/A,N/A,N/A,3,0,0,N/A,N/A,N/A,N/A,N/A,N/A,N/A,N/A,Guild Palace Sword,sword-and-shield,Create,Fest Ticket,2,Amber Hardfang,2.0,Gracium,5.0,Purecrystal,1.0,sword-and-shield,False,140,30,30,60,50,60,30
595,2245,Royal Nova Sword,sword-and-shield,Guild Palace Sword,N/A,12,378,15,30.0,True,Water,420.0,N/A,N/A,N/A,3,0,0,N/A,N/A,N/A,N/A,N/A,N/A,N/A,N/A,Royal Nova Sword,sword-and-shield,Upgrade,Hero King Coin,1,Namielle Hardclaw,3.0,Large Elder Dragon Bone,5.0,Pure Dragon Blood,3.0,sword-and-shield,False,140,30,30,60,50,40,50
596,2246,Defender Chainsaws I,dual-blades,N/A,N/A,1,182,0,N/A,False,Blast,120.0,N/A,N/A,N/A,0,0,0,N/A,N/A,N/A,N/A,N/A,N/A,N/A,N/A,Defender Chainsaws I,dual-blades,Create,Iron Ore,1,N/A,N/A,N/A,N/A,N/A,N/A,dual-blades,False,30,60,20,140,0,0,0
597,2247,Defender Chainsaws II,dual-blades,Defender Chainsaws I,N/A,3,238,0,N/A,False,Blast,150.0,N/A,N/A,N/A,0,0,0,N/A,N/A,N/A,N/A,N/A,N/A,N/A,N/A,Defender Chainsaws II,dual-blades,Upgrade,Anjanath Scale,1,N/A,N/A,N/A,N/A,N/A,N/A,dual-blades,False,30,60,20,150,40,0,0
598,2248,Defender Chainsaws III,dual-blades,Defender Chainsaws II,N/A,5,266,0,N/A,False,Blast,180.0,N/A,N/A,N/A,0,0,0,N/A,N/A,N/A,N/A,N/A,N/A,N/A,N/A,Defender Chainsaws III,dual-blades,Upgrade,Commendation,1,N/A,N/A,N/A,N/A,N/A,N/A,dual-blades,False,50,50,50,80,120,0,0
599,2249,Defender Chainsaws IV,dual-blades,Defender Chainsaws III,N/A,6,294,0,N/A,False,Blast,210.0,N/A,N/A,N/A,0,0,0,N/A,N/A,N/A,N/A,N/A,N/A,N/A,N/A,Defender Chainsaws IV,dual-blades,Upgrade,Pink Rathian Scale+,1,N/A,N/A,N/A,N/A,N/A,N/A,dual-blades,False,30,50,50,80,140,0,0
600,2250,Defender Chainsaws V,dual-blades,Defender Chainsaws IV,N/A,7,308,0,N/A,False,Blast,240.0,N/A,N/A,N/A,0,0,0,N/A,N/A,N/A,N/A,N/A,N/A,N/A,N/A,Defender Chainsaws V,dual-blades,Upgrade,Immortal Dragonscale,1,N/A,N/A,N/A,N/A,N/A,N/A,dual-blades,False,90,30,30,110,40,100,0
601,262,Matched Slicers I,dual-blades,N/A,N/A,1,112,0,N/A,False,N/A,N/A,N/A,N/A,N/A,0,0,0,N/A,N/A,N/A,N/A,N/A,N/A,N/A,N/A,Matched Slicers I,dual-blades,Create,Iron Ore,1,N/A,N/A,N/A,N/A,N/A,N/A,dual-blades,False,90,50,80,30,0,0,0
602,263,Matched Slicers II,dual-blades,Matched Slicers I,N/A,1,126,0,N/A,False,N/A,N/A,N/A,N/A,N/A,0,0,0,N/A,N/A,N/A,N/A,N/A,N/A,N/A,N/A,Matched Slicers II,dual-blades,Upgrade,Iron Ore,2,N/A,N/A,N/A,N/A,N/A,N/A,dual-blades,False,70,70,30,80,0,0,0
603,264,Matched Slicers III,dual-blades,Matched Slicers II,N/A,2,140,0,N/A,False,N/A,N/A,N/A,N/A,N/A,0,0,0,N/A,N/A,N/A,N/A,N/A,N/A,N/A,N/A,Matched Slicers III,dual-blades,Upgrade,Earth Crystal,2,Machalite Ore,2.0,Iron Ore,5.0,N/A,N/A,dual-blades,False,50,70,30,100,0,0,0
604,265,Dual Slicers I,dual-blades,Matched Slicers III,N/A,3,154,0,N/A,False,N/A,N/A,N/A,N/A,N/A,0,0,0,N/A,N/A,N/A,N/A,N/A,N/A,N/A,N/A,Dual Slicers I,dual-blades,Upgrade,Dragonite Ore,2,Machalite Ore,5.0,Monster Bone M,2.0,N/A,N/A,dual-blades,False,60,50,80,110,0,0,0
605,266,Dual Slicers II,dual-blades,Dual Slicers I,N/A,4,182,0,N/A,False,N/A,N/A,N/A,N/A,N/A,0,0,0,N/A,N/A,N/A,N/A,N/A,N/A,N/A,N/A,Dual Slicers II,dual-blades,Upgrade,Monster Bone+,2,Dragonite Ore,5.0,Coral Crystal,2.0,Machalite Ore,10.0,dual-blades,False,50,50,80,120,0,0,0
606,267,Dual Slicers III,dual-blades,Dual Slicers II,N/A,5,196,0,N/A,True,Poison,210.0,N/A,N/A,N/A,1,0,0,N/A,N/A,N/A,N/A,N/A,N/A,N/A,N/A,Dual Slicers III,dual-blades,Upgrade,Carbalite Ore,8,Dragonite Ore,5.0,Dragonvein Crystal,2.0,N/A,N/A,dual-blades,False,90,50,50,80,80,0,0
607,268,Chrome Slicers I,dual-blades,Dual Slicers III,N/A,6,224,0,N/A,True,Poison,240.0,N/A,N/A,N/A,1,0,0,N/A,N/A,N/A,N/A,N/A,N/A,N/A,N/A,Chrome Slicers I,dual-blades,Upgrade,Fucium Ore,8,Carbalite Ore,5.0,Dragonite Ore,10.0,Dragonvein Crystal,3.0,dual-blades,False,80,50,50,80,90,0,0
608,269,Chrome Slicers II,dual-blades,Chrome Slicers I,N/A,6,252,0,N/A,True,Poison,270.0,N/A,N/A,N/A,1,1,0,N/A,N/A,N/A,N/A,N/A,N/A,N/A,N/A,Chrome Slicers II,dual-blades,Upgrade,Elder Dragon Blood,2,Fucium Ore,13.0,Carbalite Ore,20.0,Firecell Stone,1.0,dual-blades,False,60,60,20,150,90,20,0
609,2251,Chrome Cross I,dual-blades,Chrome Slicers II,N/A,9,308,0,N/A,True,Poison,300.0,N/A,N/A,N/A,1,1,0,N/A,N/A,N/A,N/A,N/A,N/A,N/A,N/A,Chrome Cross I,dual-blades,Create,Eltalite Ore,6,Carbalite Ore,10.0,Firecell Stone,2.0,Purecrystal,1.0,dual-blades,False,70,80,30,30,80,110,0
610,2251,Chrome Cross I,dual-blades,Chrome Slicers II,N/A,9,308,0,N/A,True,Poison,300.0,N/A,N/A,N/A,1,1,0,N/A,N/A,N/A,N/A,N/A,N/A,N/A,N/A,Chrome Cross I,dual-blades,Upgrade,Eltalite Ore,2,Carbalite Ore,4.0,Spiritvein Crystal,2.0,Gracium,1.0,dual-blades,False,70,80,30,30,80,110,0
611,2252,Chrome Cross II,dual-blades,Chrome Cross I,N/A,10,336,0,N/A,True,Poison,330.0,N/A,N/A,N/A,1,1,0,N/A,N/A,N/A,N/A,N/A,N/A,N/A,N/A,Chrome Cross II,dual-blades,Upgrade,Monster Slogbone,3,Eltalite Ore,4.0,Meldspar Ore,2.0,Bathycite Ore,2.0,dual-blades,False,60,80,30,30,80,120,0
612,2253,Chrome Cross III,dual-blades,Chrome Cross II,N/A,11,364,0,N/A,True,Poison,360.0,N/A,N/A,N/A,1,1,0,N/A,N/A,N/A,N/A,N/A,N/A,N/A,N/A,Chrome Cross III,dual-blades,Upgrade,Pure Dragon Blood,3,Eltalite Ore,6.0,Meldspar Ore,3.0,Purecrystal,1.0,dual-blades,False,100,30,30,60,50,100,30
613,2254,Usurper's Fulgur,dual-blades,Chrome Cross I,N/A,10,336,0,N/A,False,Thunder,180.0,N/A,N/A,N/A,2,0,0,N/A,N/A,N/A,N/A,N/A,N/A,N/A,N/A,Usurper's Fulgur,dual-blades,Upgrade,Zinogre Hardclaw,3,Zinogre Deathly Shocker,2.0,Zinogre Cortex,5.0,Lightning Sac,3.0,dual-blades,False,90,80,30,30,80,90,0
614,2255,Usurper's Fulgur+,dual-blades,Usurper's Fulgur,N/A,11,350,0,N/A,False,Thunder,210.0,N/A,N/A,N/A,2,0,0,N/A,N/A,N/A,N/A,N/A,N/A,N/A,N/A,Usurper's Fulgur+,dual-blades,Upgrade,Zinogre Hardhorn,3,Zinogre Electrofur+,4.0,Fulgurbug,5.0,Zinogre Skymerald,1.0,dual-blades,False,120,30,90,30,30,80,20
615,2256,Despot's Blitz,dual-blades,Usurper's Fulgur+,N/A,12,364,0,N/A,False,Thunder,240.0,N/A,N/A,N/A,2,0,0,N/A,N/A,N/A,N/A,N/A,N/A,N/A,N/A,Despot's Blitz,dual-blades,Upgrade,Spiritvein Solidbone,5,Zinogre Hardhorn,2.0,Zinogre Deathly Shocker,5.0,Large Elder Dragon Gem,1.0,dual-blades,False,110,30,90,30,30,90,20
616,270,Nergal Gouge,dual-blades,Chrome Slicers I,N/A,7,280,0,N/A,False,Dragon,90.0,N/A,N/A,high,1,0,0,N/A,N/A,N/A,N/A,N/A,N/A,N/A,N/A,Nergal Gouge,dual-blades,Upgrade,Nergigante Talon,3,Nergigante Regrowth Plate,4.0,Nergigante Tail,2.0,Nergigante Carapace,2.0,dual-blades,True,110,120,40,50,80,0,0
617,271,Decimation Claws,dual-blades,Nergal Gouge,N/A,8,294,0,N/A,False,Dragon,120.0,N/A,N/A,high,1,0,0,N/A,N/A,N/A,N/A,N/A,N/A,N/A,N/A,Decimation Claws,dual-blades,Upgrade,Xeno'jiiva Horn,2,Nergigante Horn+,5.0,Nergigante Talon,5.0,Nergigante Gem,1.0,dual-blades,True,90,120,40,50,100,0,0
618,2257,Ruinous Decimation,dual-blades,Decimation Claws,N/A,12,406,0,N/A,False,Dragon,180.0,N/A,N/A,high,1,0,0,N/A,N/A,N/A,N/A,N/A,N/A,N/A,N/A,Ruinous Decimation,dual-blades,Upgrade,Annihilating Greathorn,3,Nergigante Hardclaw,4.0,Eternal Regrowth Plate,5.0,Large Elder Dragon Gem,1.0,dual-blades,True,70,30,30,110,40,120,0
619,272,Luminous Daggers I,dual-blades,Matched Slicers III,N/A,3,168,0,N/A,False,N/A,N/A,N/A,N/A,N/A,0,0,0,N/A,N/A,N/A,N/A,N/A,N/A,N/A,N/A,Luminous Daggers I,dual-blades,Upgrade,Tzitzi-Ya-Ku Claw,2,Tzitzi-Ya-Ku Photophore,1.0,Tzitzi-Ya-Ku Scale,3.0,N/A,N/A,dual-blades,False,70,50,80,100,0,0,0
620,273,Luminous Daggers II,dual-blades,Luminous Daggers I,N/A,4,196,0,N/A,False,N/A,N/A,N/A,N/A,N/A,0,0,0,N/A,N/A,N/A,N/A,N/A,N/A,N/A,N/A,Luminous Daggers II,dual-blades,Upgrade,Legiana Tail Webbing,2,Tzitzi-Ya-Ku Claw,3.0,Tzitzi-Ya-Ku Photophore,2.0,Sharp Claw,3.0,dual-blades,False,60,50,80,110,0,0,0
621,274,Dual Destroyers I,dual-blades,Luminous Daggers II,N/A,5,224,0,N/A,True,Thunder,120.0,N/A,N/A,N/A,1,0,0,N/A,N/A,N/A,N/A,N/A,N/A,N/A,N/A,Dual Destroyers I,dual-blades,Create,Tzitzi-Ya-Ku Photophore+,3,Tzitzi-Ya-Ku Scale+,6.0,Tzitzi-Ya-Ku Claw+,5.0,Novacrystal,1.0,dual-blades,False,100,50,50,80,70,0,0
622,274,Dual Destroyers I,dual-blades,Luminous Daggers II,N/A,5,224,0,N/A,True,Thunder,120.0,N/A,N/A,N/A,1,0,0,N/A,N/A,N/A,N/A,N/A,N/A,N/A,N/A,Dual Destroyers I,dual-blades,Upgrade,Tzitzi-Ya-Ku Claw+,3,Tzitzi-Ya-Ku Photophore+,1.0,Tzitzi-Ya-Ku Scale+,5.0,Lightcrystal,1.0,dual-blades,False,100,50,50,80,70,0,0
623,275,Dual Destroyers II,dual-blades,Dual Destroyers I,N/A,6,238,0,N/A,True,Thunder,150.0,N/A,N/A,N/A,2,0,0,N/A,N/A,N/A,N/A,N/A,N/A,N/A,N/A,Dual Destroyers II,dual-blades,Upgrade,Legiana Wing,2,Tzitzi-Ya-Ku Claw+,4.0,Tzitzi-Ya-Ku Photophore+,2.0,Piercing Claw,5.0,dual-blades,False,90,50,50,80,80,0,0
624,276,Dual Destroyers III,dual-blades,Dual Destroyers II,N/A,6,252,0,N/A,True,Thunder,210.0,N/A,N/A,N/A,3,0,0,N/A,N/A,N/A,N/A,N/A,N/A,N/A,N/A,Dual Destroyers III,dual-blades,Upgrade,Daora Webbing,2,Tzitzi-Ya-Ku Claw+,5.0,Tzitzi-Ya-Ku Photophore+,3.0,Bird Wyvern Gem,1.0,dual-blades,False,80,50,60,120,50,40,0
625,2258,Cross Destroyers I,dual-blades,Dual Destroyers III,N/A,9,294,0,N/A,True,Thunder,300.0,N/A,N/A,N/A,3,0,0,N/A,N/A,N/A,N/A,N/A,N/A,N/A,N/A,Cross Destroyers I,dual-blades,Upgrade,Tzitzi-Ya-Ku Hardclaw,1,Tzitzi-Ya-Ku Photomembrane,1.0,Tzitzi-Ya-Ku Shard,2.0,Tough Claw,2.0,dual-blades,False,110,30,30,110,40,80,0
626,2259,Cross Destroyers II,dual-blades,Cross Destroyers I,N/A,10,364,0,N/A,True,Thunder,330.0,N/A,N/A,N/A,3,0,0,N/A,N/A,N/A,N/A,N/A,N/A,N/A,N/A,Cross Destroyers II,dual-blades,Upgrade,Legiana Hardclaw,2,Tzitzi-Ya-Ku Hardclaw,2.0,Tzitzi-Ya-Ku Photomembrane,1.0,Purecrystal,1.0,dual-blades,False,80,30,30,110,40,110,0
627,2260,Hidden Tomahawk I,dual-blades,Cross Destroyers I,N/A,10,308,10,N/A,True,Poison,210.0,N/A,N/A,N/A,0,0,0,N/A,N/A,N/A,N/A,N/A,N/A,N/A,N/A,Hidden Tomahawk I,dual-blades,Upgrade,Nargacuga Hardfang,2,Nargacuga Shard,3.0,Nargacuga Tailspear,2.0,Meldspar Ore,1.0,dual-blades,False,90,80,30,30,80,90,0
628,2261,Hidden Tomahawk II,dual-blades,Hidden Tomahawk I,N/A,10,322,15,N/A,True,Poison,240.0,N/A,N/A,N/A,1,0,0,N/A,N/A,N/A,N/A,N/A,N/A,N/A,N/A,Hidden Tomahawk II,dual-blades,Upgrade,Fulgur Anjanath Hardfang,2,Nargacuga Cutwing+,3.0,Nargacuga Lash,2.0,Nargacuga Mantle,1.0,dual-blades,False,120,20,20,70,40,30,100
629,277,Rookslayer Handaxes,dual-blades,Dual Destroyers I,N/A,6,252,-10,N/A,False,Blast,120.0,N/A,N/A,N/A,1,0,0,N/A,N/A,N/A,N/A,N/A,N/A,N/A,N/A,Rookslayer Handaxes,dual-blades,Upgrade,Bazelgeuse Talon,3,Bazelgeuse Scale+,5.0,Bazelgeuse Fuse,4.0,Firecell Stone,1.0,dual-blades,False,100,50,50,80,70,0,0
630,278,Bazelhawk Rookslayer,dual-blades,Rookslayer Handaxes,N/A,8,280,-10,N/A,False,Blast,150.0,N/A,N/A,N/A,1,0,0,N/A,N/A,N/A,N/A,N/A,N/A,N/A,N/A,Bazelhawk Rookslayer,dual-blades,Upgrade,Xeno'jiiva Wing,3,Bazelgeuse Wing,4.0,Bazelgeuse Talon,4.0,Bazelgeuse Gem,1.0,dual-blades,False,60,120,80,60,30,50,0
631,2262,Blazing Warhawks,dual-blades,Bazelhawk Rookslayer,N/A,11,336,-10,N/A,False,Blast,180.0,N/A,N/A,N/A,1,0,0,N/A,N/A,N/A,N/A,N/A,N/A,N/A,N/A,Blazing Warhawks,dual-blades,Upgrade,Bazelgeuse Hardclaw,3,Bazelgeuse Shard,4.0,Distilled Blast Fluid,3.0,Meldspar Ore,5.0,dual-blades,False,150,30,30,60,50,30,50
632,2263,Bazel Bombers,dual-blades,Blazing Warhawks,N/A,12,364,-10,N/A,False,Blast,240.0,N/A,N/A,N/A,1,0,0,N/A,N/A,N/A,N/A,N/A,N/A,N/A,N/A,Bazel Bombers,dual-blades,Upgrade,Shara Ishvalda Petalstone,2,Scorching Silverwing,4.0,Bazelgeuse Hardclaw,4.0,Bazelgeuse Mantle,1.0,dual-blades,False,130,30,30,60,50,50,50
633,279,Freeze Daggers I,dual-blades,Luminous Daggers I,N/A,4,182,0,N/A,False,Ice,60.0,N/A,N/A,N/A,0,0,0,N/A,N/A,N/A,N/A,N/A,N/A,N/A,N/A,Freeze Daggers I,dual-blades,Upgrade,Legiana Claw,3,Legiana Scale,4.0,Frost Sac,2.0,Coral Crystal,3.0,dual-blades,False,50,50,80,120,0,0,0
634,280,Freeze Daggers II,dual-blades,Freeze Daggers I,N/A,5,210,0,N/A,False,Ice,90.0,N/A,N/A,N/A,2,0,0,N/A,N/A,N/A,N/A,N/A,N/A,N/A,N/A,Freeze Daggers II,dual-blades,Upgrade,Carbalite Ore,5,Legiana Tail Webbing,2.0,Legiana Webbing,3.0,Shamos Scale+,5.0,dual-blades,False,100,50,50,80,70,0,0
635,281,Freeze Chain I,dual-blades,Freeze Daggers II,N/A,6,238,0,N/A,False,Ice,120.0,N/A,N/A,N/A,2,0,0,N/A,N/A,N/A,N/A,N/A,N/A,N/A,N/A,Freeze Chain I,dual-blades,Upgrade,Fucium Ore,5,Legiana Scale+,5.0,Legiana Wing,3.0,Freezer Sac,3.0,dual-blades,False,90,50,50,80,80,0,0
636,282,Freeze Chain II,dual-blades,Freeze Chain I,N/A,6,252,0,N/A,False,Ice,150.0,N/A,N/A,N/A,2,0,0,N/A,N/A,N/A,N/A,N/A,N/A,N/A,N/A,Freeze Chain II,dual-blades,Upgrade,Elder Dragon Blood,3,Legiana Claw+,5.0,Legiana Hide+,3.0,Wyvern Gem,1.0,dual-blades,False,80,50,60,120,50,40,0
637,2264,Blizzarioths,dual-blades,Freeze Chain II,N/A,10,308,15,N/A,False,Ice,180.0,N/A,N/A,N/A,0,0,0,N/A,N/A,N/A,N/A,N/A,N/A,N/A,N/A,Blizzarioths,dual-blades,Upgrade,Barioth Hardclaw,3,Barioth Cortex,4.0,Cryo Sac,4.0,Frozen Bone,3.0,dual-blades,False,90,30,30,110,40,100,0
638,2265,Blizzarioths+,dual-blades,Blizzarioths,N/A,10,322,20,N/A,False,Ice,210.0,N/A,N/A,N/A,0,0,0,N/A,N/A,N/A,N/A,N/A,N/A,N/A,N/A,Blizzarioths+,dual-blades,Upgrade,Obsidian Icetalon,2,Amber Hardfang,3.0,Barioth Greatspike,3.0,Large Wyvern Gem,1.0,dual-blades,False,90,30,30,110,40,100,0
639,2266,Mountain Blizzarioths,dual-blades,Blizzarioths+,N/A,11,350,25,N/A,False,Ice,270.0,N/A,N/A,N/A,0,0,0,N/A,N/A,N/A,N/A,N/A,N/A,N/A,N/A,Mountain Blizzarioths,dual-blades,Upgrade,Velkhana Hardclaw,2,Barioth Hardclaw,4.0,Amber Hardfang,2.0,Large Elder Dragon Bone,5.0,dual-blades,False,90,30,30,110,40,100,0
640,3225,Bergel Vetra,dual-blades,Blizzarioths,N/A,11,378,15,N/A,False,Ice,360.0,N/A,N/A,N/A,0,0,0,N/A,N/A,N/A,N/A,N/A,N/A,N/A,N/A,Bergel Vetra,dual-blades,Create,Frostfang Ticket,3,Silverwhite Frostfang,3.0,Bergcrusher Claw,2.0,Large Wyvern Gem,1.0,dual-blades,False,10,30,50,50,60,120,80
641,3225,Bergel Vetra,dual-blades,Blizzarioths,N/A,11,378,15,N/A,False,Ice,360.0,N/A,N/A,N/A,0,0,0,N/A,N/A,N/A,N/A,N/A,N/A,N/A,N/A,Bergel Vetra,dual-blades,Upgrade,Frostfang Ticket,2,Silverwhite Frostfang,3.0,Bergcrusher Claw,1.0,Gracium,5.0,dual-blades,False,10,30,50,50,60,120,80
642,283,Rending Beaks I,dual-blades,Matched Slicers II,N/A,2,154,15,N/A,False,N/A,N/A,N/A,N/A,N/A,0,0,0,N/A,N/A,N/A,N/A,N/A,N/A,N/A,N/A,Rending Beaks I,dual-blades,Upgrade,Kulu-Ya-Ku Beak,1,Kulu-Ya-Ku Hide,2.0,Kulu-Ya-Ku Scale,3.0,N/A,N/A,dual-blades,False,60,70,30,90,0,0,0
643,284,Rending Beaks II,dual-blades,Rending Beaks I,N/A,3,168,15,N/A,False,N/A,N/A,N/A,N/A,N/A,0,0,0,N/A,N/A,N/A,N/A,N/A,N/A,N/A,N/A,Rending Beaks II,dual-blades,Upgrade,Radobaan Scale,3,Kulu-Ya-Ku Beak,2.0,Kulu-Ya-Ku Plume,2.0,Boulder Bone,3.0,dual-blades,False,60,50,80,110,0,0,0
644,285,Rending Beaks III,dual-blades,Rending Beaks II,N/A,4,182,15,N/A,False,N/A,N/A,N/A,N/A,N/A,0,0,0,N/A,N/A,N/A,N/A,N/A,N/A,N/A,N/A,Rending Beaks III,dual-blades,Upgrade,Odogaron Claw,2,Kulu-Ya-Ku Beak,2.0,Kulu-Ya-Ku Plume,4.0,Warped Bone,3.0,dual-blades,False,50,50,80,120,0,0,0
645,286,Arcanaria I,dual-blades,Rending Beaks III,N/A,5,210,20,N/A,True,Sleep,90.0,N/A,N/A,N/A,0,0,0,N/A,N/A,N/A,N/A,N/A,N/A,N/A,N/A,Arcanaria I,dual-blades,Upgrade,Kulu-Ya-Ku Beak+,3,Kulu-Ya-Ku Hide+,4.0,Kulu-Ya-Ku Scale+,6.0,N/A,N/A,dual-blades,False,90,50,50,80,80,0,0
646,287,Arcanaria II,dual-blades,Arcanaria I,N/A,6,224,20,N/A,True,Sleep,90.0,N/A,N/A,N/A,0,0,0,N/A,N/A,N/A,N/A,N/A,N/A,N/A,N/A,Arcanaria II,dual-blades,Upgrade,Odogaron Claw+,2,Kulu-Ya-Ku Beak+,4.0,Kulu-Ya-Ku Plume+,3.0,Brutal Bone,3.0,dual-blades,False,80,50,50,80,90,0,0
647,288,Arcanaria III,dual-blades,Arcanaria II,N/A,6,238,20,N/A,True,Sleep,120.0,N/A,N/A,N/A,0,0,0,N/A,N/A,N/A,N/A,N/A,N/A,N/A,N/A,Arcanaria III,dual-blades,Upgrade,Nergigante Talon,2,Kulu-Ya-Ku Beak+,5.0,Kulu-Ya-Ku Plume+,4.0,Bird Wyvern Gem,1.0,dual-blades,False,80,60,60,100,70,30,0
648,2267,Asefar al-Nasr I,dual-blades,Arcanaria III,N/A,9,308,20,N/A,True,Sleep,180.0,N/A,N/A,N/A,0,0,0,N/A,N/A,N/A,N/A,N/A,N/A,N/A,N/A,Asefar al-Nasr I,dual-blades,Create,Large Kulu-Ya-Ku Beak,2,Kulu-Ya-Ku Thickhide,4.0,Kulu-Ya-Ku Shard,5.0,Fey Wyvern Gem,1.0,dual-blades,False,90,100,40,50,70,50,0
649,2267,Asefar al-Nasr I,dual-blades,Arcanaria III,N/A,9,308,20,N/A,True,Sleep,180.0,N/A,N/A,N/A,0,0,0,N/A,N/A,N/A,N/A,N/A,N/A,N/A,N/A,Asefar al-Nasr I,dual-blades,Upgrade,Large Kulu-Ya-Ku Beak,1,Kulu-Ya-Ku Thickhide,2.0,Kulu-Ya-Ku Shard,3.0,Thick Bone,2.0,dual-blades,False,90,100,40,50,70,50,0
650,2268,Asefar al-Nasr II,dual-blades,Asefar al-Nasr I,N/A,10,364,20,N/A,True,Sleep,210.0,N/A,N/A,N/A,0,0,0,N/A,N/A,N/A,N/A,N/A,N/A,N/A,N/A,Asefar al-Nasr II,dual-blades,Upgrade,Nargacuga Hardfang,2,Large Kulu-Ya-Ku Beak,2.0,Large Kulu-Ya-Ku Plume,3.0,Monster Slogbone,3.0,dual-blades,False,90,30,30,110,40,100,0
651,2269,Rex Chain I,dual-blades,Asefar al-Nasr I,N/A,10,350,-15,N/A,True,Blast,210.0,N/A,N/A,N/A,0,0,0,N/A,N/A,N/A,N/A,N/A,N/A,N/A,N/A,Rex Chain I,dual-blades,Upgrade,Tigrex Hardclaw,3,Tigrex Shard,4.0,Monster Slogbone,3.0,Thick Bone,5.0,dual-blades,False,70,30,30,110,40,120,0
652,2270,Rex Chain II,dual-blades,Rex Chain I,N/A,10,378,-15,N/A,True,Blast,240.0,N/A,N/A,N/A,1,0,0,N/A,N/A,N/A,N/A,N/A,N/A,N/A,N/A,Rex Chain II,dual-blades,Upgrade,Blackcurl Stouthorn,1,Tigrex Hardfang,3.0,Tigrex Lash,2.0,Tigrex Mantle,1.0,dual-blades,False,50,30,30,110,40,140,0
653,2271,Accursed Chain,dual-blades,Rex Chain I,N/A,11,406,-30,N/A,True,Sleep,210.0,N/A,N/A,N/A,1,0,0,N/A,N/A,N/A,N/A,N/A,N/A,N/A,N/A,Accursed Chain,dual-blades,Upgrade,Brute Tigrex Hardclaw,3,Brute Tigrex Shard,5.0,Brute Tigrex Hardfang,2.0,Large Wyvern Gem,1.0,dual-blades,False,90,20,30,90,90,40,40
654,2272,Twin Flames,dual-blades,Asefar al-Nasr I,N/A,10,322,10,N/A,False,N/A,N/A,N/A,N/A,N/A,1,0,0,N/A,N/A,N/A,N/A,N/A,N/A,N/A,N/A,Twin Flames,dual-blades,Upgrade,Rathalos Shard,4,Rathian Shard,4.0,Rath Wingtalon+,3.0,Conflagrant Sac,4.0,dual-blades,False,90,100,40,50,70,50,0
655,2273,Wyvern Lovers,dual-blades,Twin Flames,N/A,10,336,10,N/A,False,N/A,N/A,N/A,N/A,N/A,1,0,0,N/A,N/A,N/A,N/A,N/A,N/A,N/A,N/A,Wyvern Lovers,dual-blades,Upgrade,Azure Rathalos Shard,4,Pink Rathian Shard,4.0,Azure Rathalos Lash,2.0,Large Wyvern Gem,1.0,dual-blades,False,90,30,30,110,40,100,0
656,2274,Wyvern Strife,dual-blades,Wyvern Lovers,N/A,12,378,15,N/A,False,N/A,N/A,N/A,N/A,N/A,2,0,0,N/A,N/A,N/A,N/A,N/A,N/A,N/A,N/A,Wyvern Strife,dual-blades,Upgrade,Silver Rathalos Shard,4,Gold Rathian Shard,4.0,Silver Rathalos Lash,2.0,Rath Gleam,2.0,dual-blades,False,110,30,30,60,50,90,30
657,289,Sworn Rapiers,dual-blades,Rending Beaks I,N/A,3,182,0,N/A,False,Water,90.0,N/A,N/A,N/A,0,0,0,N/A,N/A,N/A,N/A,N/A,N/A,N/A,N/A,Sworn Rapiers,dual-blades,Upgrade,Dragonite Ore,3,Machalite Ore,5.0,Earth Crystal,6.0,Lightcrystal,1.0,dual-blades,False,50,50,80,120,0,0,0
658,290,Sworn Rapiers+,dual-blades,Sworn Rapiers,N/A,5,210,0,N/A,False,Water,90.0,N/A,N/A,N/A,2,0,0,N/A,N/A,N/A,N/A,N/A,N/A,N/A,N/A,Sworn Rapiers+,dual-blades,Upgrade,Carbalite Ore,5,Dragonvein Crystal,4.0,Coral Crystal,8.0,Commendation,2.0,dual-blades,False,90,50,50,80,80,0,0
659,291,Holy Sabers,dual-blades,Sworn Rapiers+,N/A,7,252,0,N/A,False,Water,120.0,N/A,N/A,N/A,3,0,0,N/A,N/A,N/A,N/A,N/A,N/A,N/A,N/A,Holy Sabers,dual-blades,Upgrade,High Commendation,3,Dragonvein Crystal,6.0,Wyvern Gem,2.0,Novacrystal,2.0,dual-blades,False,60,50,60,120,70,40,0
660,2275,Guild Knight Sabers,dual-blades,Holy Sabers,N/A,9,294,0,N/A,False,Water,150.0,N/A,N/A,N/A,3,0,0,N/A,N/A,N/A,N/A,N/A,N/A,N/A,N/A,Guild Knight Sabers,dual-blades,Upgrade,Banbaro Great Horn,2,Eltalite Ore,8.0,Spiritvein Crystal,6.0,Gracium,4.0,dual-blades,False,80,80,30,30,80,100,0
661,2276,Master Sabers,dual-blades,Guild Knight Sabers,N/A,10,308,0,N/A,False,Water,180.0,N/A,N/A,N/A,3,0,0,N/A,N/A,N/A,N/A,N/A,N/A,N/A,N/A,Master Sabers,dual-blades,Upgrade,Obsidian Icetalon,3,Meldspar Ore,6.0,Bathycite Ore,4.0,Purecrystal,1.0,dual-blades,False,130,30,30,60,50,50,50
662,2277,Holy Guild Knight,dual-blades,Master Sabers,N/A,11,350,0,N/A,False,Water,210.0,N/A,N/A,N/A,3,0,0,N/A,N/A,N/A,N/A,N/A,N/A,N/A,N/A,Holy Guild Knight,dual-blades,Upgrade,Conqueror's Seal,3,Large Elder Dragon Bone,3.0,Pure Dragon Blood,4.0,Large Wyvern Gem,1.0,dual-blades,False,140,20,20,70,40,30,80
663,292,Bone Hatchets I,dual-blades,N/A,N/A,1,140,0,N/A,False,N/A,N/A,N/A,N/A,N/A,0,0,0,N/A,N/A,N/A,N/A,N/A,N/A,N/A,N/A,Bone Hatchets I,dual-blades,Create,Monster Bone S,1,N/A,N/A,N/A,N/A,N/A,N/A,dual-blades,False,100,60,80,10,0,0,0
664,293,Bone Hatchets II,dual-blades,Bone Hatchets I,N/A,1,154,0,N/A,False,N/A,N/A,N/A,N/A,N/A,0,0,0,N/A,N/A,N/A,N/A,N/A,N/A,N/A,N/A,Bone Hatchets II,dual-blades,Upgrade,Monster Bone S,2,N/A,N/A,N/A,N/A,N/A,N/A,dual-blades,False,90,50,80,30,0,0,0
665,294,Bone Hatchets III,dual-blades,Bone Hatchets II,N/A,2,168,0,N/A,False,N/A,N/A,N/A,N/A,N/A,0,0,0,N/A,N/A,N/A,N/A,N/A,N/A,N/A,N/A,Bone Hatchets III,dual-blades,Upgrade,Monster Bone M,2,Ancient Bone,1.0,N/A,N/A,N/A,N/A,dual-blades,False,80,70,30,70,0,0,0
666,295,Wild Hatchets I,dual-blades,Bone Hatchets III,N/A,3,196,0,N/A,False,N/A,N/A,N/A,N/A,N/A,0,0,0,N/A,N/A,N/A,N/A,N/A,N/A,N/A,N/A,Wild Hatchets I,dual-blades,Upgrade,Monster Bone L,1,Monster Bone M,5.0,Boulder Bone,2.0,N/A,N/A,dual-blades,False,110,70,30,90,0,0,0
667,296,Wild Hatchets II,dual-blades,Wild Hatchets I,N/A,4,210,0,N/A,False,N/A,N/A,N/A,N/A,N/A,0,0,0,N/A,N/A,N/A,N/A,N/A,N/A,N/A,N/A,Wild Hatchets II,dual-blades,Upgrade,Monster Bone+,2,Monster Bone L,1.0,Sturdy Bone,4.0,N/A,N/A,dual-blades,False,90,70,30,110,0,0,0
668,297,Wild Hatchets III,dual-blades,Wild Hatchets II,N/A,5,224,0,N/A,True,Blast,120.0,N/A,N/A,N/A,2,0,0,N/A,N/A,N/A,N/A,N/A,N/A,N/A,N/A,Wild Hatchets III,dual-blades,Upgrade,Monster Keenbone,2,Monster Bone+,2.0,Quality Bone,2.0,N/A,N/A,dual-blades,False,120,70,30,100,30,0,0
669,298,Strong Hatchets I,dual-blades,Wild Hatchets III,N/A,6,238,0,10.0,True,Blast,150.0,N/A,N/A,N/A,2,0,0,N/A,N/A,N/A,N/A,N/A,N/A,N/A,N/A,Strong Hatchets I,dual-blades,Upgrade,Monster Hardbone,4,Monster Keenbone,6.0,Quality Bone,10.0,N/A,N/A,dual-blades,False,60,60,60,100,70,0,0
670,299,Strong Hatchets II,dual-blades,Strong Hatchets I,N/A,6,266,0,10.0,True,Blast,180.0,N/A,N/A,N/A,3,0,0,N/A,N/A,N/A,N/A,N/A,N/A,N/A,N/A,Strong Hatchets II,dual-blades,Upgrade,Elder Dragon Bone,4,Monster Hardbone,6.0,Quality Bone,20.0,Dragonbone Relic,1.0,dual-blades,False,110,50,50,80,110,0,0
671,2278,Hulking Choppers I,dual-blades,Strong Hatchets II,N/A,9,322,0,35.0,True,Blast,210.0,N/A,N/A,N/A,3,0,0,N/A,N/A,N/A,N/A,N/A,N/A,N/A,N/A,Hulking Choppers I,dual-blades,Create,Thick Bone,6,Quality Bone,8.0,Monster Toughbone,4.0,Dragonbone Artifact,1.0,dual-blades,False,80,100,40,50,80,50,0
672,2278,Hulking Choppers I,dual-blades,Strong Hatchets II,N/A,9,322,0,35.0,True,Blast,210.0,N/A,N/A,N/A,3,0,0,N/A,N/A,N/A,N/A,N/A,N/A,N/A,N/A,Hulking Choppers I,dual-blades,Upgrade,Thick Bone,2,Quality Bone,4.0,Monster Hardbone,4.0,Frozen Bone,1.0,dual-blades,False,80,100,40,50,80,50,0
673,2279,Hulking Choppers II,dual-blades,Hulking Choppers I,N/A,10,350,0,35.0,True,Blast,240.0,N/A,N/A,N/A,3,0,0,N/A,N/A,N/A,N/A,N/A,N/A,N/A,N/A,Hulking Choppers II,dual-blades,Upgrade,Monster Solidbone,2,Monster Slogbone,3.0,Thick Bone,4.0,Monster Essence,2.0,dual-blades,False,70,100,40,50,90,50,0
674,2280,Hulking Choppers III,dual-blades,Hulking Choppers II,N/A,11,392,0,35.0,True,Blast,270.0,N/A,N/A,N/A,3,0,0,N/A,N/A,N/A,N/A,N/A,N/A,N/A,N/A,Hulking Choppers III,dual-blades,Upgrade,Large Elder Dragon Bone,3,Monster Solidbone,4.0,Thick Bone,6.0,Dragonbone Artifact,1.0,dual-blades,False,60,100,40,50,100,50,0
675,2281,Icefeather,dual-blades,Hulking Choppers II,N/A,11,364,0,N/A,False,Ice,180.0,N/A,N/A,N/A,4,0,0,N/A,N/A,N/A,N/A,N/A,N/A,N/A,N/A,Icefeather,dual-blades,Upgrade,Crystal Shard,4,Velkhana Hardclaw,2.0,Velkhana Lash,2.0,Purecrystal,1.0,dual-blades,False,130,30,30,60,50,50,50
676,2282,Untouched Hel,dual-blades,Icefeather,N/A,12,378,0,N/A,False,Ice,210.0,N/A,N/A,N/A,4,0,0,N/A,N/A,N/A,N/A,N/A,N/A,N/A,N/A,Untouched Hel,dual-blades,Upgrade,Shara Ishvalda Tenderclaw,3,Velkhana Crownhorn,4.0,Velkhana Hardclaw,4.0,Velkhana Crystal,1.0,dual-blades,False,120,30,30,60,50,60,50
677,300,Blazing Hatchets I,dual-blades,Bone Hatchets III,N/A,3,196,-20,N/A,False,Fire,90.0,N/A,N/A,N/A,0,0,0,N/A,N/A,N/A,N/A,N/A,N/A,N/A,N/A,Blazing Hatchets I,dual-blades,Upgrade,Anjanath Fang,2,Anjanath Scale,3.0,Flame Sac,1.0,N/A,N/A,dual-blades,False,120,70,30,80,0,0,0
678,301,Blazing Hatchets II,dual-blades,Blazing Hatchets I,N/A,4,210,-20,N/A,False,Fire,120.0,N/A,N/A,N/A,0,0,0,N/A,N/A,N/A,N/A,N/A,N/A,N/A,N/A,Blazing Hatchets II,dual-blades,Upgrade,Rathalos Marrow,1,Anjanath Fang,4.0,Anjanath Nosebone,1.0,Anjanath Tail,1.0,dual-blades,False,100,70,30,100,0,0,0
679,302,Anja Cyclone I,dual-blades,Blazing Hatchets II,N/A,5,238,-20,N/A,False,Fire,150.0,N/A,N/A,N/A,0,0,0,N/A,N/A,N/A,N/A,N/A,N/A,N/A,N/A,Anja Cyclone I,dual-blades,Upgrade,Anjanath Fang+,4,Anjanath Scale+,5.0,Inferno Sac,3.0,Anjanath Plate,1.0,dual-blades,False,140,70,30,100,10,0,0
680,303,Anja Cyclone II,dual-blades,Anja Cyclone I,N/A,6,266,-20,N/A,False,Fire,180.0,N/A,N/A,N/A,0,0,0,N/A,N/A,N/A,N/A,N/A,N/A,N/A,N/A,Anja Cyclone II,dual-blades,Upgrade,Rathalos Medulla,2,Anjanath Fang+,5.0,Anjanath Pelt+,4.0,Firecell Stone,1.0,dual-blades,False,130,70,30,100,20,0,0
681,304,Anja Cyclone III,dual-blades,Anja Cyclone II,N/A,7,294,-20,N/A,False,Fire,210.0,N/A,N/A,N/A,0,0,0,N/A,N/A,N/A,N/A,N/A,N/A,N/A,N/A,Anja Cyclone III,dual-blades,Upgrade,Teostra Mane,2,Anjanath Fang+,6.0,Anjanath Nosebone+,2.0,Anjanath Gem,1.0,dual-blades,False,100,120,40,50,90,0,0
682,2283,Anja Twinrippers I,dual-blades,Anja Cyclone III,N/A,9,322,-20,N/A,False,Fire,210.0,N/A,N/A,N/A,0,0,0,N/A,N/A,N/A,N/A,N/A,N/A,N/A,N/A,Anja Twinrippers I,dual-blades,Create,Anjanath Hardfang,2,Anjanath Lash,2.0,Anjanath Shard,6.0,Anjanath Mantle,1.0,dual-blades,False,60,100,40,50,100,50,0
683,2283,Anja Twinrippers I,dual-blades,Anja Cyclone III,N/A,9,322,-20,N/A,False,Fire,210.0,N/A,N/A,N/A,0,0,0,N/A,N/A,N/A,N/A,N/A,N/A,N/A,N/A,Anja Twinrippers I,dual-blades,Upgrade,Anjanath Hardfang,1,Anjanath Shard,2.0,Conflagrant Sac,1.0,Eltalite Ore,3.0,dual-blades,False,60,100,40,50,100,50,0
684,2284,Anja Twinrippers II,dual-blades,Anja Twinrippers I,N/A,10,378,-20,N/A,False,Fire,360.0,N/A,N/A,N/A,0,0,0,N/A,N/A,N/A,N/A,N/A,N/A,N/A,N/A,Anja Twinrippers II,dual-blades,Upgrade,Azure Rathalos Cortex,2,Anjanath Fur,3.0,Heavy Anjanath Nosebone,2.0,Anjanath Lash,1.0,dual-blades,False,60,100,40,50,100,50,0
685,2285,Fulguring Tornado I,dual-blades,Anja Twinrippers I,N/A,10,336,10,N/A,False,Thunder,210.0,N/A,N/A,N/A,0,0,0,N/A,N/A,N/A,N/A,N/A,N/A,N/A,N/A,Fulguring Tornado I,dual-blades,Upgrade,Fulgur Anjanath Hardfang,1,Fulgur Anjanath Shard,2.0,Monster Solidbone,3.0,Meldspar Ore,2.0,dual-blades,False,60,100,40,50,100,50,0
686,2286,Fulguring Tornado II,dual-blades,Fulguring Tornado I,N/A,10,350,15,N/A,False,Thunder,240.0,N/A,N/A,N/A,1,0,0,N/A,N/A,N/A,N/A,N/A,N/A,N/A,N/A,Fulguring Tornado II,dual-blades,Upgrade,Fulgur Anjanath Thickfur,3,Heavy Fulgur Anjanath Nosebone,2.0,Fulgur Anjanath Lash,1.0,Lightning Sac,3.0,dual-blades,False,60,100,40,50,100,50,0
687,305,Diablos Hatchets I,dual-blades,Blazing Hatchets I,N/A,4,224,-10,10.0,False,N/A,N/A,N/A,N/A,N/A,0,0,0,N/A,N/A,N/A,N/A,N/A,N/A,N/A,N/A,Diablos Hatchets I,dual-blades,Upgrade,Twisted Horn,1,Diablos Fang,2.0,Diablos Shell,4.0,Monster Bone+,3.0,dual-blades,False,110,70,30,90,0,0,0
688,306,Diablos Hatchets II,dual-blades,Diablos Hatchets I,N/A,5,266,-10,10.0,True,Ice,90.0,N/A,N/A,N/A,2,0,0,N/A,N/A,N/A,N/A,N/A,N/A,N/A,N/A,Diablos Hatchets II,dual-blades,Upgrade,Monster Keenbone,4,Diablos Ridge,4.0,Diablos Tailcase,2.0,Diablos Marrow,1.0,dual-blades,False,140,70,30,100,10,0,0
689,307,Diablos Clubs I,dual-blades,Diablos Hatchets II,N/A,6,294,-10,15.0,True,Ice,90.0,N/A,N/A,N/A,2,0,0,N/A,N/A,N/A,N/A,N/A,N/A,N/A,N/A,Diablos Clubs I,dual-blades,Create,Majestic Horn,4,Diablos Carapace,8.0,Blos Medulla,1.0,Wyvern Gem,1.0,dual-blades,False,100,100,40,40,70,0,0
690,307,Diablos Clubs I,dual-blades,Diablos Hatchets II,N/A,6,294,-10,15.0,True,Ice,90.0,N/A,N/A,N/A,2,0,0,N/A,N/A,N/A,N/A,N/A,N/A,N/A,N/A,Diablos Clubs I,dual-blades,Upgrade,Majestic Horn,3,Diablos Carapace,6.0,Diablos Ridge+,5.0,Blos Medulla,1.0,dual-blades,False,100,100,40,40,70,0,0
691,308,Diablos Clubs II,dual-blades,Diablos Clubs I,N/A,7,322,-10,15.0,True,Ice,90.0,N/A,N/A,N/A,2,0,0,N/A,N/A,N/A,N/A,N/A,N/A,N/A,N/A,Diablos Clubs II,dual-blades,Upgrade,Nergigante Horn+,2,Black Spiral Horn+,3.0,Black Diablos Carapace,4.0,Wyvern Gem,1.0,dual-blades,False,90,50,60,120,60,20,0
692,2287,Diablos Clubs III,dual-blades,Diablos Clubs II,N/A,10,378,-10,35.0,True,Ice,150.0,N/A,N/A,N/A,2,0,0,N/A,N/A,N/A,N/A,N/A,N/A,N/A,N/A,Diablos Clubs III,dual-blades,Upgrade,Twisted Stouthorn,3,Diablos Cortex,6.0,Diablos Chine,5.0,Monster Slogbone,3.0,dual-blades,False,100,100,40,50,60,50,0
693,2288,Thanatos Mauls,dual-blades,Diablos Clubs III,N/A,10,406,-10,35.0,True,Ice,180.0,N/A,N/A,N/A,2,2,0,N/A,N/A,N/A,N/A,N/A,N/A,N/A,N/A,Thanatos Mauls,dual-blades,Upgrade,Blackcurl Stouthorn,3,Black Diablos Cortex,3.0,Monster Solidbone,3.0,Large Wyvern Gem,1.0,dual-blades,False,70,50,90,70,70,40,10
694,2289,Sulfurteinn Ortho,dual-blades,Diablos Clubs III,N/A,10,378,0,N/A,True,Paralysis,180.0,N/A,N/A,N/A,4,0,0,N/A,N/A,N/A,N/A,N/A,N/A,N/A,N/A,Sulfurteinn Ortho,dual-blades,Upgrade,Acidic Glavenus Hardfang,2,Acidic Glavenus Spineshell,2.0,Acidic Glavenus Tailedge,2.0,Honed Acidcryst,4.0,dual-blades,False,160,100,30,30,50,30,0
695,2290,The Stripping Shears,dual-blades,Sulfurteinn Ortho,N/A,11,406,0,N/A,True,Paralysis,210.0,N/A,N/A,N/A,4,0,0,N/A,N/A,N/A,N/A,N/A,N/A,N/A,N/A,The Stripping Shears,dual-blades,Upgrade,Vaal Hazak Hardclaw,2,Acidic Glavenus Hardfang,4.0,Acidic Glavenus Spineshell,3.0,Glavenus Mantle,1.0,dual-blades,False,60,50,110,90,60,20,10
696,2291,Mammoth Direbones I,dual-blades,Diablos Clubs II,N/A,9,336,0,N/A,True,Ice,330.0,N/A,N/A,N/A,4,0,0,N/A,N/A,N/A,N/A,N/A,N/A,N/A,N/A,Mammoth Direbones I,dual-blades,Upgrade,Banbaro Great Horn,1,Banbaro Cortex,2.0,Banbaro Chine,2.0,Monster Toughbone,3.0,dual-blades,False,60,100,40,50,100,50,0
697,2292,Mammoth Direbones II,dual-blades,Mammoth Direbones I,N/A,10,392,0,N/A,True,Ice,360.0,N/A,N/A,N/A,4,0,0,N/A,N/A,N/A,N/A,N/A,N/A,N/A,N/A,Mammoth Direbones II,dual-blades,Upgrade,Monster Solidbone,3,Banbaro Great Horn,3.0,Banbaro Lash,2.0,Dragonbone Artifact,1.0,dual-blades,False,60,100,40,50,100,50,0
698,309,Madness Pangas I,dual-blades,Bone Hatchets II,N/A,2,154,0,N/A,False,Water,90.0,N/A,N/A,N/A,0,0,0,N/A,N/A,N/A,N/A,N/A,N/A,N/A,N/A,Madness Pangas I,dual-blades,Upgrade,Jyuratodus Fin,1,Jyuratodus Shell,1.0,Jyuratodus Scale,3.0,Aqua Sac,1.0,dual-blades,False,80,50,50,70,0,0,0
699,310,Madness Pangas II,dual-blades,Madness Pangas I,N/A,3,182,0,N/A,False,Water,90.0,N/A,N/A,N/A,0,0,0,N/A,N/A,N/A,N/A,N/A,N/A,N/A,N/A,Madness Pangas II,dual-blades,Upgrade,Great Girros Hide,2,Jyuratodus Fin,3.0,Jyuratodus Shell,3.0,Gajau Skin,3.0,dual-blades,False,120,70,30,80,0,0,0
700,311,Madness Pangas III,dual-blades,Madness Pangas II,N/A,4,210,0,N/A,False,Water,120.0,N/A,N/A,N/A,0,0,0,N/A,N/A,N/A,N/A,N/A,N/A,N/A,N/A,Madness Pangas III,dual-blades,Upgrade,Monster Bone+,2,Jyuratodus Fang,4.0,Jyuratodus Shell,3.0,Gajau Whisker,3.0,dual-blades,False,110,70,30,90,0,0,0
701,312,Jyura Hatchets I,dual-blades,Madness Pangas III,N/A,5,238,0,N/A,False,Water,150.0,N/A,N/A,N/A,1,0,0,N/A,N/A,N/A,N/A,N/A,N/A,N/A,N/A,Jyura Hatchets I,dual-blades,Create,Jyuratodus Fin+,3,Jyuratodus Carapace,4.0,Jyuratodus Scale+,5.0,Carbalite Ore,5.0,dual-blades,False,140,70,30,100,10,0,0
702,312,Jyura Hatchets I,dual-blades,Madness Pangas III,N/A,5,238,0,N/A,False,Water,150.0,N/A,N/A,N/A,1,0,0,N/A,N/A,N/A,N/A,N/A,N/A,N/A,N/A,Jyura Hatchets I,dual-blades,Upgrade,Jyuratodus Fin+,2,Jyuratodus Carapace,2.0,Jyuratodus Scale+,3.0,Gajau Scale,5.0,dual-blades,False,140,70,30,100,10,0,0
703,313,Jyura Hatchets II,dual-blades,Jyura Hatchets I,N/A,6,252,0,N/A,False,Water,180.0,N/A,N/A,N/A,1,0,0,N/A,N/A,N/A,N/A,N/A,N/A,N/A,N/A,Jyura Hatchets II,dual-blades,Upgrade,Monster Hardbone,3,Jyuratodus Fin+,4.0,Torrent Sac,3.0,Grand Gajau Whisker,3.0,dual-blades,False,100,100,40,40,70,0,0
704,314,Jyura Hatchets III,dual-blades,Jyura Hatchets II,N/A,6,266,0,N/A,False,Water,210.0,N/A,N/A,N/A,1,0,0,N/A,N/A,N/A,N/A,N/A,N/A,N/A,N/A,Jyura Hatchets III,dual-blades,Upgrade,Elder Dragon Bone,2,Jyuratodus Fin+,6.0,Jyuratodus Fang+,5.0,Wyvern Gem,1.0,dual-blades,False,160,100,30,30,50,30,0
705,2293,Jyura Keenblades I,dual-blades,Jyura Hatchets III,N/A,9,322,0,N/A,False,Water,240.0,N/A,N/A,N/A,3,0,0,N/A,N/A,N/A,N/A,N/A,N/A,N/A,N/A,Jyura Keenblades I,dual-blades,Upgrade,Jyuratodus Grandfin,1,Jyuratodus Hardfang,1.0,Jyuratodus Shard,3.0,Gajau Thickhide,2.0,dual-blades,False,80,100,40,50,80,50,0
706,2294,Jyura Keenblades II,dual-blades,Jyura Keenblades I,N/A,10,364,0,N/A,False,Water,300.0,N/A,N/A,N/A,3,1,0,N/A,N/A,N/A,N/A,N/A,N/A,N/A,N/A,Jyura Keenblades II,dual-blades,Upgrade,Monster Slogbone,2,Jyuratodus Grandfin,2.0,Flood Sac,2.0,Steel Gajau Whisker,1.0,dual-blades,False,80,100,40,50,80,50,0
707,2295,Raven Tessen,dual-blades,Jyura Keenblades I,N/A,10,350,15,N/A,False,Poison,180.0,N/A,N/A,N/A,3,0,0,N/A,N/A,N/A,N/A,N/A,N/A,N/A,N/A,Raven Tessen,dual-blades,Upgrade,Garuga Shard,3,Garuga Silverpelt,4.0,Garuga Auricle,2.0,Fey Wyvern Gem,1.0,dual-blades,False,130,30,90,30,30,70,20
708,2296,Wolf Tessen,dual-blades,Raven Tessen,N/A,11,378,20,N/A,False,Poison,210.0,N/A,N/A,N/A,3,0,0,N/A,N/A,N/A,N/A,N/A,N/A,N/A,N/A,Wolf Tessen,dual-blades,Upgrade,Scratched Shell,3,Garuga Fellwing,2.0,Fancy Beak,3.0,Large Wyvern Gem,1.0,dual-blades,False,130,30,90,30,30,70,20
709,2297,Beo Hatchets I,dual-blades,Jyura Hatchets III,N/A,9,294,0,N/A,False,Ice,270.0,N/A,N/A,N/A,2,1,0,N/A,N/A,N/A,N/A,N/A,N/A,N/A,N/A,Beo Hatchets I,dual-blades,Create,Beotodus Grandfin,2,Beotodus Hardhorn,2.0,Beotodus Shard,6.0,Frozen Bone,3.0,dual-blades,False,70,30,30,110,40,120,0
710,2297,Beo Hatchets I,dual-blades,Jyura Hatchets III,N/A,9,294,0,N/A,False,Ice,270.0,N/A,N/A,N/A,2,1,0,N/A,N/A,N/A,N/A,N/A,N/A,N/A,N/A,Beo Hatchets I,dual-blades,Upgrade,Beotodus Grandfin,1,Beotodus Hardhorn,1.0,Beotodus Shard,3.0,Frozen Bone,1.0,dual-blades,False,70,30,30,110,40,120,0
711,2298,Beo Hatchets II,dual-blades,Beo Hatchets I,N/A,10,350,0,N/A,False,Ice,360.0,N/A,N/A,N/A,2,1,0,N/A,N/A,N/A,N/A,N/A,N/A,N/A,N/A,Beo Hatchets II,dual-blades,Upgrade,Rimed Hide,2,Beotodus Grandfin,2.0,Cryo Sac,2.0,Large Wyvern Gem,1.0,dual-blades,False,70,30,30,110,40,120,0
712,315,Lava Cyclone I,dual-blades,Jyura Hatchets I,N/A,6,252,0,N/A,False,Fire,120.0,N/A,N/A,N/A,2,2,0,N/A,N/A,N/A,N/A,N/A,N/A,N/A,N/A,Lava Cyclone I,dual-blades,Upgrade,Lavasioth Fin+,2,Lavasioth Fang+,2.0,Lavasioth Scale+,4.0,N/A,N/A,dual-blades,False,100,100,40,40,70,0,0
713,316,Lava Cyclone II,dual-blades,Lava Cyclone I,N/A,7,252,0,N/A,False,Fire,150.0,N/A,N/A,N/A,2,2,0,N/A,N/A,N/A,N/A,N/A,N/A,N/A,N/A,Lava Cyclone II,dual-blades,Upgrade,Teostra Mane,2,Lavasioth Fin+,3.0,Lavasioth Fang+,3.0,Wyvern Gem,1.0,dual-blades,False,200,70,20,20,50,40,0
714,2299,Shattering Flames I,dual-blades,Lava Cyclone II,N/A,10,350,0,N/A,False,Fire,180.0,N/A,N/A,N/A,4,2,0,N/A,N/A,N/A,N/A,N/A,N/A,N/A,N/A,Shattering Flames I,dual-blades,Upgrade,Lavasioth Grandfin,1,Lavasioth Hardfang,2.0,Lavasioth Shard,3.0,Barnos Hardclaw,2.0,dual-blades,False,80,100,40,50,80,50,0
715,2300,Shattering Flames II,dual-blades,Shattering Flames I,N/A,10,364,0,N/A,False,Fire,210.0,N/A,N/A,N/A,4,2,0,N/A,N/A,N/A,N/A,N/A,N/A,N/A,N/A,Shattering Flames II,dual-blades,Upgrade,Azure Rathalos Cortex,2,Lavasioth Grandfin,2.0,Lavasioth Hardfang,2.0,Monster Solidbone,3.0,dual-blades,False,80,100,40,50,80,50,0
716,2301,Smoldering Cities,dual-blades,Lava Cyclone II,N/A,10,308,0,N/A,False,Fire,150.0,N/A,N/A,N/A,1,0,0,N/A,N/A,N/A,N/A,N/A,N/A,N/A,N/A,Smoldering Cities,dual-blades,Upgrade,Glavenus Hardfang,2,Glavenus Shard,4.0,Molten Bursa,2.0,Eltalite Ore,6.0,dual-blades,False,110,30,30,110,40,80,0
717,2302,Smoldering Cities+,dual-blades,Smoldering Cities,N/A,10,336,0,N/A,False,Fire,180.0,N/A,N/A,N/A,1,0,0,N/A,N/A,N/A,N/A,N/A,N/A,N/A,N/A,Smoldering Cities+,dual-blades,Upgrade,Ebony Odogaron Hardfang,2,Glavenus Hellshell,3.0,Glavenus Tailedge,2.0,Glavenus Mantle,1.0,dual-blades,False,130,30,30,60,50,70,30
718,2303,Smoldering Kingdoms,dual-blades,Smoldering Cities+,N/A,11,364,0,N/A,False,Fire,240.0,N/A,N/A,N/A,1,0,0,N/A,N/A,N/A,N/A,N/A,N/A,N/A,N/A,Smoldering Kingdoms,dual-blades,Upgrade,Fire Dragon Hardclaw,2,Glavenus Hardfang,5.0,Glavenus Hellshell,4.0,Pure Dragon Blood,3.0,dual-blades,False,100,30,30,60,50,100,30
719,317,Taurus Pangas I,dual-blades,Madness Pangas I,N/A,3,168,0,N/A,False,N/A,N/A,N/A,N/A,N/A,0,0,0,N/A,N/A,N/A,N/A,N/A,N/A,N/A,N/A,Taurus Pangas I,dual-blades,Upgrade,Hornetaur Shell,3,Hornetaur Wing,2.0,Monster Fluid,2.0,N/A,N/A,dual-blades,False,100,70,30,100,0,0,0
720,318,Taurus Pangas II,dual-blades,Taurus Pangas I,N/A,4,182,0,N/A,False,N/A,N/A,N/A,N/A,N/A,0,0,0,N/A,N/A,N/A,N/A,N/A,N/A,N/A,N/A,Taurus Pangas II,dual-blades,Upgrade,Odogaron Fang,2,Hornetaur Shell,5.0,Hornetaur Wing,4.0,Hornetaur Head,2.0,dual-blades,False,80,70,30,120,0,0,0
721,319,Dark Ripper I,dual-blades,Taurus Pangas II,N/A,5,196,0,N/A,True,Paralysis,90.0,N/A,N/A,N/A,2,0,0,N/A,N/A,N/A,N/A,N/A,N/A,N/A,N/A,Dark Ripper I,dual-blades,Create,Hornetaur Razorwing,2,Girros Shard,4.0,Monster Broth,3.0,Novacrystal,1.0,dual-blades,False,90,100,40,40,80,0,0
722,319,Dark Ripper I,dual-blades,Taurus Pangas II,N/A,5,196,0,N/A,True,Paralysis,90.0,N/A,N/A,N/A,2,0,0,N/A,N/A,N/A,N/A,N/A,N/A,N/A,N/A,Dark Ripper I,dual-blades,Upgrade,Hornetaur Carapace,5,Hornetaur Innerwing,4.0,Monster Broth,2.0,Dragonvein Crystal,3.0,dual-blades,False,90,100,40,40,80,0,0
723,320,Dark Ripper II,dual-blades,Dark Ripper I,N/A,6,210,0,N/A,True,Paralysis,90.0,N/A,N/A,N/A,2,0,0,N/A,N/A,N/A,N/A,N/A,N/A,N/A,N/A,Dark Ripper II,dual-blades,Upgrade,Azure Rathalos Wing,2,Hornetaur Carapace,5.0,Hornetaur Innerwing,4.0,Novacrystal,1.0,dual-blades,False,80,100,40,40,90,0,0
724,321,Dark Ripper III,dual-blades,Dark Ripper II,N/A,6,224,0,N/A,True,Paralysis,90.0,N/A,N/A,N/A,2,0,0,N/A,N/A,N/A,N/A,N/A,N/A,N/A,N/A,Dark Ripper III,dual-blades,Upgrade,Vaal Hazak Fang+,3,Hornetaur Carapace,8.0,Hornetaur Innerwing,6.0,Wyvern Gem,1.0,dual-blades,False,110,30,60,80,40,80,0
725,2304,Abyss Eaters I,dual-blades,Dark Ripper III,N/A,9,280,0,N/A,True,Paralysis,150.0,N/A,N/A,N/A,2,0,0,N/A,N/A,N/A,N/A,N/A,N/A,N/A,N/A,Abyss Eaters I,dual-blades,Upgrade,Hornetaur Razorwing,2,Tough Claw,1.0,Monster Essence,2.0,Spiritvein Crystal,3.0,dual-blades,False,80,30,30,110,40,110,0
726,2305,Abyss Eaters II,dual-blades,Abyss Eaters I,N/A,10,322,0,N/A,True,Paralysis,210.0,N/A,N/A,N/A,2,0,0,N/A,N/A,N/A,N/A,N/A,N/A,N/A,N/A,Abyss Eaters II,dual-blades,Upgrade,Odogaron Hardclaw,2,Hornetaur Razorwing,3.0,Monster Essence,3.0,Dragonbone Artifact,1.0,dual-blades,False,100,20,20,70,40,30,120
727,2306,Brachydios Blasters I,dual-blades,Abyss Eaters I,N/A,10,308,0,N/A,False,Blast,240.0,N/A,N/A,N/A,0,0,0,N/A,N/A,N/A,N/A,N/A,N/A,N/A,N/A,Brachydios Blasters I,dual-blades,Upgrade,Brachydios Crown,2,Brachydios Cortex,4.0,Glowing Slime,3.0,Meldspar Ore,3.0,dual-blades,False,80,30,30,110,40,110,0
728,2307,Brachydios Blasters II,dual-blades,Brachydios Blasters I,N/A,10,336,0,N/A,False,Blast,300.0,N/A,N/A,N/A,1,0,0,N/A,N/A,N/A,N/A,N/A,N/A,N/A,N/A,Brachydios Blasters II,dual-blades,Upgrade,Azure Rathalos Fellwing,2,Brachydios Pounder+,3.0,Brachydios Lash,2.0,Glowing Slime,5.0,dual-blades,False,80,30,30,110,40,110,0
729,322,Pulsar Hatchets I,dual-blades,Bone Hatchets II,N/A,2,154,10,N/A,False,Thunder,60.0,N/A,N/A,N/A,0,0,0,N/A,N/A,N/A,N/A,N/A,N/A,N/A,N/A,Pulsar Hatchets I,dual-blades,Upgrade,Tobi-Kadachi Claw,1,Tobi-Kadachi Scale,3.0,Tobi-Kadachi Pelt,2.0,N/A,N/A,dual-blades,False,70,50,50,80,0,0,0
730,323,Pulsar Hatchets II,dual-blades,Pulsar Hatchets I,N/A,3,168,10,N/A,False,Thunder,60.0,N/A,N/A,N/A,0,0,0,N/A,N/A,N/A,N/A,N/A,N/A,N/A,N/A,Pulsar Hatchets II,dual-blades,Upgrade,Tobi-Kadachi Electrode,2,Tobi-Kadachi Claw,3.0,Electro Sac,2.0,Coral Crystal,3.0,dual-blades,False,100,70,30,100,0,0,0
731,324,Pulsar Hatchets III,dual-blades,Pulsar Hatchets II,N/A,4,196,10,N/A,False,Thunder,60.0,N/A,N/A,N/A,0,0,0,N/A,N/A,N/A,N/A,N/A,N/A,N/A,N/A,Pulsar Hatchets III,dual-blades,Upgrade,Monster Bone+,2,Tobi-Kadachi Electrode,2.0,Tobi-Kadachi Membrane,2.0,Warped Bone,2.0,dual-blades,False,90,70,30,110,0,0,0
732,325,Kadachi Claws I,dual-blades,Pulsar Hatchets III,N/A,5,224,10,N/A,False,Thunder,90.0,N/A,N/A,N/A,1,0,0,N/A,N/A,N/A,N/A,N/A,N/A,N/A,N/A,Kadachi Claws I,dual-blades,Upgrade,Tobi-Kadachi Claw+,3,Tobi-Kadachi Scale+,4.0,Tobi-Kadachi Pelt+,3.0,Dragonvein Crystal,3.0,dual-blades,False,100,100,40,40,70,0,0
733,326,Kadachi Claws II,dual-blades,Kadachi Claws I,N/A,6,238,10,N/A,False,Thunder,120.0,N/A,N/A,N/A,1,0,0,N/A,N/A,N/A,N/A,N/A,N/A,N/A,N/A,Kadachi Claws II,dual-blades,Upgrade,Majestic Horn,2,Tobi-Kadachi Electrode+,2.0,Tobi-Kadachi Claw+,4.0,Thunder Sac,3.0,dual-blades,False,90,100,40,40,80,0,0
734,327,Kadachi Claws III,dual-blades,Kadachi Claws II,N/A,6,252,10,N/A,False,Thunder,150.0,N/A,N/A,N/A,1,0,0,N/A,N/A,N/A,N/A,N/A,N/A,N/A,N/A,Kadachi Claws III,dual-blades,Upgrade,Nergigante Talon,2,Tobi-Kadachi Electrode+,4.0,Tobi-Kadachi Claw+,6.0,Wyvern Gem,1.0,dual-blades,False,200,70,20,20,50,40,0
735,2308,Kadachi Greathawks I,dual-blades,Kadachi Claws III,N/A,9,294,10,N/A,False,Thunder,210.0,N/A,N/A,N/A,1,0,0,N/A,N/A,N/A,N/A,N/A,N/A,N/A,N/A,Kadachi Greathawks I,dual-blades,Create,Tobi-Kadachi Hardclaw,2,Tobi-Kadachi Cathode,2.0,Tobi-Kadachi Shard,6.0,Large Wyvern Gem,1.0,dual-blades,False,100,30,30,110,40,90,0
736,2308,Kadachi Greathawks I,dual-blades,Kadachi Claws III,N/A,9,294,10,N/A,False,Thunder,210.0,N/A,N/A,N/A,1,0,0,N/A,N/A,N/A,N/A,N/A,N/A,N/A,N/A,Kadachi Greathawks I,dual-blades,Upgrade,Tobi-Kadachi Hardclaw,1,Tobi-Kadachi Shard,2.0,Tobi-Kadachi Thickfur,2.0,Lightning Sac,1.0,dual-blades,False,100,30,30,110,40,90,0
737,2309,Kadachi Greathawks II,dual-blades,Kadachi Greathawks I,N/A,10,322,10,N/A,False,Thunder,330.0,N/A,N/A,N/A,1,0,0,N/A,N/A,N/A,N/A,N/A,N/A,N/A,N/A,Kadachi Greathawks II,dual-blades,Upgrade,Hard Odogaron Sinew,2,Tobi-Kadachi Cathode,2.0,Tobi-Kadachi Hardclaw,2.0,Tobi-Kadachi Membrane+,2.0,dual-blades,False,140,30,30,60,50,40,50
738,2310,Crimson Viperclaws I,dual-blades,Kadachi Greathawks I,N/A,9,322,10,N/A,False,Poison,240.0,N/A,N/A,N/A,1,0,0,N/A,N/A,N/A,N/A,N/A,N/A,N/A,N/A,Crimson Viperclaws I,dual-blades,Upgrade,Viper Tobi-Kadachi Hardclaw,1,Viper Tobi-Kadachi Shard,2.0,Viper Tobi-Kadachi Thickfur,2.0,Deadly Poison Sac,1.0,dual-blades,False,80,30,30,110,40,110,0
739,2311,Crimson Viperclaws II,dual-blades,Crimson Viperclaws I,N/A,10,350,10,N/A,False,Poison,270.0,N/A,N/A,N/A,1,1,0,N/A,N/A,N/A,N/A,N/A,N/A,N/A,N/A,Crimson Viperclaws II,dual-blades,Upgrade,Acidic Glavenus Spineshell,2,Viper Tobi-Kadachi Thorn,2.0,Viper Tobi-Kadachi Hardclaw,2.0,Viper Tobi-Kadachi Membrane+,2.0,dual-blades,False,120,30,30,60,50,80,30
740,328,Garon Hatchets I,dual-blades,Pulsar Hatchets II,N/A,4,182,20,N/A,False,N/A,N/A,N/A,N/A,N/A,0,0,0,N/A,N/A,N/A,N/A,N/A,N/A,N/A,N/A,Garon Hatchets I,dual-blades,Upgrade,Odogaron Claw,2,Odogaron Scale,4.0,Odogaron Fang,2.0,N/A,N/A,dual-blades,False,80,70,30,120,0,0,0
741,329,Garon Hatchets II,dual-blades,Garon Hatchets I,N/A,5,196,20,N/A,True,Fire,180.0,N/A,N/A,N/A,0,0,0,N/A,N/A,N/A,N/A,N/A,N/A,N/A,N/A,Garon Hatchets II,dual-blades,Upgrade,Quality Bone,5,Odogaron Claw,2.0,Odogaron Tail,2.0,Odogaron Plate,1.0,dual-blades,False,90,100,40,40,80,0,0
742,330,Blood-drinker Chainblade,dual-blades,Garon Hatchets II,N/A,6,210,20,N/A,True,Fire,180.0,N/A,N/A,N/A,0,0,0,N/A,N/A,N/A,N/A,N/A,N/A,N/A,N/A,Blood-drinker Chainblade,dual-blades,Create,Odogaron Shard,3,Dragonbone Artifact,1.0,Odogaron Scale+,8.0,Wyvern Gem,1.0,dual-blades,False,80,100,40,40,90,0,0
743,330,Blood-drinker Chainblade,dual-blades,Garon Hatchets II,N/A,6,210,20,N/A,True,Fire,180.0,N/A,N/A,N/A,0,0,0,N/A,N/A,N/A,N/A,N/A,N/A,N/A,N/A,Blood-drinker Chainblade,dual-blades,Upgrade,Odogaron Claw+,4,Odogaron Scale+,8.0,Odogaron Fang+,3.0,Dragonbone Relic,1.0,dual-blades,False,80,100,40,40,90,0,0
744,331,Sin,dual-blades,Blood-drinker Chainblade,N/A,8,224,20,N/A,True,Fire,180.0,N/A,N/A,N/A,0,0,0,N/A,N/A,N/A,N/A,N/A,N/A,N/A,N/A,Sin,dual-blades,Upgrade,Teostra Claw+,2,Odogaron Claw+,6.0,Odogaron Fang+,5.0,Odogaron Gem,1.0,dual-blades,True,200,70,20,20,50,40,0
745,2312,Sin+,dual-blades,Sin,N/A,10,308,20,N/A,True,Fire,210.0,N/A,N/A,N/A,0,0,0,N/A,N/A,N/A,N/A,N/A,N/A,N/A,N/A,Sin+,dual-blades,Upgrade,Odogaron Hardclaw,2,Odogaron Shard,3.0,Odogaron Hardfang,2.0,Monster Slogbone,3.0,dual-blades,True,90,80,30,30,80,90,0
746,2313,Crime,dual-blades,Sin+,N/A,10,322,30,N/A,True,Fire,300.0,N/A,N/A,N/A,0,0,0,N/A,N/A,N/A,N/A,N/A,N/A,N/A,N/A,Crime,dual-blades,Upgrade,Acidic Glavenus Tailedge,2,Odogaron Hardclaw,4.0,Odogaron Lash,2.0,Odogaron Mantle,1.0,dual-blades,True,90,80,30,30,80,90,0
747,2314,Nether Chainblades,dual-blades,Sin+,N/A,10,322,20,N/A,False,Dragon,240.0,N/A,N/A,high,0,0,0,N/A,N/A,N/A,N/A,N/A,N/A,N/A,N/A,Nether Chainblades,dual-blades,Upgrade,Ebony Odogaron Hardclaw,3,Ebony Odogaron Shard,5.0,Ebony Odogaron Hardfang,2.0,Dragonbone Artifact,1.0,dual-blades,True,90,80,30,30,80,90,0
748,2315,Death Row,dual-blades,Nether Chainblades,N/A,11,336,20,N/A,False,Dragon,300.0,N/A,N/A,high,0,0,0,N/A,N/A,N/A,N/A,N/A,N/A,N/A,N/A,Death Row,dual-blades,Upgrade,Namielle Hardclaw,2,Ebony Odogaron Hardclaw,4.0,Ebony Odogaron Lash,2.0,Ebony Odogaron Mantle,1.0,dual-blades,True,90,80,30,30,80,90,0
749,332,Dragonbone Twinblades I,dual-blades,N/A,N/A,3,140,0,N/A,False,Dragon,120.0,N/A,N/A,low,0,0,0,N/A,N/A,N/A,N/A,N/A,N/A,N/A,N/A,Dragonbone Twinblades I,dual-blades,Create,Warped Bone,5,Coral Bone,5.0,Boulder Bone,5.0,Ancient Bone,5.0,dual-blades,False,110,70,30,90,0,0,0
750,333,Dragonbone Twinblades II,dual-blades,Dragonbone Twinblades I,N/A,4,168,0,N/A,False,Dragon,150.0,N/A,N/A,low,0,0,0,N/A,N/A,N/A,N/A,N/A,N/A,N/A,N/A,Dragonbone Twinblades II,dual-blades,Upgrade,Monster Bone+,6,Monster Bone L,8.0,Sturdy Bone,8.0,N/A,N/A,dual-blades,False,70,70,30,130,0,0,0
751,334,Enduring Schism,dual-blades,Dragonbone Twinblades II,N/A,7,196,0,N/A,False,Dragon,270.0,N/A,N/A,low,1,1,0,N/A,N/A,N/A,N/A,N/A,N/A,N/A,N/A,Enduring Schism,dual-blades,Upgrade,Elder Dragon Bone,10,Brutal Bone,4.0,Dragonbone Relic,2.0,Wyvern Gem,1.0,dual-blades,False,110,110,40,40,80,20,0
752,2316,Enduring Sacrifice,dual-blades,Enduring Schism,N/A,10,294,0,N/A,False,Dragon,390.0,N/A,N/A,average,1,1,0,N/A,N/A,N/A,N/A,N/A,N/A,N/A,N/A,Enduring Sacrifice,dual-blades,Upgrade,Monster Solidbone,3,Monster Slogbone,4.0,Thick Bone,6.0,Dragonbone Artifact,1.0,dual-blades,False,160,70,20,20,90,40,0
753,2317,Enduring Surrender,dual-blades,Enduring Sacrifice,N/A,11,336,0,N/A,False,Dragon,510.0,N/A,N/A,average,1,1,0,N/A,N/A,N/A,N/A,N/A,N/A,N/A,N/A,Enduring Surrender,dual-blades,Upgrade,Large Elder Dragon Bone,6,Monster Solidbone,4.0,Lavasioth Grandfin,2.0,Large Wyvern Gem,1.0,dual-blades,False,160,70,20,20,90,40,0
754,2318,Boundless Farsight,dual-blades,Enduring Sacrifice,N/A,12,392,0,30.0,True,Dragon,330.0,N/A,N/A,high,1,1,0,N/A,N/A,N/A,N/A,N/A,N/A,N/A,N/A,Boundless Farsight,dual-blades,Upgrade,Shara Ishvalda Tenderclaw,4,Shara Ishvalda Tenderscale,6.0,Shara Ishvalda Tenderplate,2.0,Shara Ishvalda Gem,1.0,dual-blades,False,150,30,30,60,50,50,30
755,335,Kirin Bolts,dual-blades,Dragonbone Twinblades I,N/A,4,154,0,N/A,False,Thunder,210.0,N/A,N/A,N/A,0,0,0,N/A,N/A,N/A,N/A,N/A,N/A,N/A,N/A,Kirin Bolts,dual-blades,Upgrade,Kirin Thunderhorn,3,Kirin Hide,3.0,Kirin Tail,1.0,Lightcrystal,1.0,dual-blades,False,70,70,30,130,0,0,0
756,336,Kirin Bolts+,dual-blades,Kirin Bolts,N/A,7,196,0,N/A,False,Thunder,240.0,N/A,N/A,N/A,0,0,0,N/A,N/A,N/A,N/A,N/A,N/A,N/A,N/A,Kirin Bolts+,dual-blades,Upgrade,Kirin Azure Horn,4,Kirin Hide+,5.0,Kirin Mane,4.0,Dragonvein Crystal,5.0,dual-blades,False,110,20,20,140,110,0,0
757,337,Monarch,dual-blades,Kirin Bolts+,N/A,8,224,0,N/A,False,Thunder,270.0,N/A,N/A,N/A,0,0,0,N/A,N/A,N/A,N/A,N/A,N/A,N/A,N/A,Monarch,dual-blades,Upgrade,Xeno'jiiva Shell,4,Kirin Azure Horn,6.0,Kirin Thundertail,3.0,Novacrystal,2.0,dual-blades,False,110,20,20,120,130,0,0
758,2319,Wunderkirins,dual-blades,Monarch,N/A,11,336,0,N/A,False,Thunder,450.0,N/A,N/A,N/A,0,0,0,N/A,N/A,N/A,N/A,N/A,N/A,N/A,N/A,Wunderkirins,dual-blades,Upgrade,Kirin Azure Horn+,3,Kirin Finehide,4.0,Kirin Silvermane,3.0,Purecrystal,1.0,dual-blades,False,40,80,30,30,80,140,0
759,338,Magda Ungulae I,dual-blades,Dragonbone Twinblades I,N/A,5,224,-20,20.0,False,Blast,180.0,N/A,N/A,N/A,2,0,0,N/A,N/A,N/A,N/A,N/A,N/A,N/A,N/A,Magda Ungulae I,dual-blades,Upgrade,Zorah Magdaros Heat Scale,4,Zorah Magdaros Carapace,8.0,Zorah Magdaros Magma,4.0,Zorah Magdaros Gem,1.0,dual-blades,False,110,50,80,100,10,0,0
760,339,Magda Ungulae II,dual-blades,Magda Ungulae I,N/A,7,308,-20,20.0,False,Blast,210.0,N/A,N/A,N/A,2,0,0,N/A,N/A,N/A,N/A,N/A,N/A,N/A,N/A,Magda Ungulae II,dual-blades,Upgrade,Xeno'jiiva Shell,4,Zorah Magdaros Ridge,2.0,Zorah Magdaros Pleura,2.0,Firecell Stone,3.0,dual-blades,False,180,30,60,90,40,0,0
761,2320,Magdaros Volcancross,dual-blades,Magda Ungulae II,N/A,11,392,-20,45.0,False,Blast,240.0,N/A,N/A,N/A,2,0,0,N/A,N/A,N/A,N/A,N/A,N/A,N/A,N/A,Magdaros Volcancross,dual-blades,Upgrade,Elder Dragonvein Bone,3,Dragonvein Solidbone,5.0,Heavy Dragonvein Bone,6.0,Large Elder Dragon Gem,1.0,dual-blades,False,140,40,40,70,70,20,20
762,340,Blacksteel Twins I,dual-blades,N/A,N/A,5,140,0,N/A,False,Dragon,90.0,N/A,N/A,low,0,0,0,N/A,N/A,N/A,N/A,N/A,N/A,N/A,N/A,Blacksteel Twins I,dual-blades,Create,Dragonvein Crystal,10,Earth Crystal,10.0,Coral Crystal,10.0,Lightcrystal,1.0,dual-blades,False,150,110,40,40,10,0,0
763,341,Blacksteel Twins II,dual-blades,Blacksteel Twins I,N/A,6,154,0,N/A,False,Dragon,120.0,N/A,N/A,low,0,0,0,N/A,N/A,N/A,N/A,N/A,N/A,N/A,N/A,Blacksteel Twins II,dual-blades,Upgrade,Firecell Stone,1,Fucium Ore,5.0,Carbalite Ore,10.0,Wyvern Gem,1.0,dual-blades,False,140,110,40,40,20,0,0
764,342,Twin Nails,dual-blades,Blacksteel Twins II,N/A,7,238,10,N/A,False,Ice,210.0,Blast,210.0,N/A,2,0,0,N/A,N/A,N/A,N/A,N/A,N/A,N/A,N/A,Twin Nails,dual-blades,Upgrade,Daora Claw+,2,Teostra Claw+,2.0,Firecell Stone,2.0,Wyvern Gem,1.0,dual-blades,False,100,60,80,80,60,20,0
765,343,Fire and Ice,dual-blades,Twin Nails,N/A,8,252,10,N/A,False,Ice,240.0,Blast,240.0,N/A,2,0,0,N/A,N/A,N/A,N/A,N/A,N/A,N/A,N/A,Fire and Ice,dual-blades,Upgrade,Xeno'jiiva Claw,2,Teostra Horn+,3.0,Daora Horn+,3.0,Novacrystal,2.0,dual-blades,False,60,50,60,120,70,40,0
766,2321,Blizzard and Blaze,dual-blades,Fire and Ice,N/A,11,364,10,N/A,False,Ice,330.0,Blast,330.0,N/A,2,0,0,N/A,N/A,N/A,N/A,N/A,N/A,N/A,N/A,Blizzard and Blaze,dual-blades,Upgrade,Daora Hardclaw,3,Fire Dragon Hardclaw,3.0,Purecrystal,2.0,Large Elder Dragon Gem,1.0,dual-blades,False,140,30,30,60,50,60,30
767,344,Xeno Raqs,dual-blades,Blacksteel Twins II,N/A,8,238,15,N/A,False,Dragon,150.0,N/A,N/A,low,3,3,0,N/A,N/A,N/A,N/A,N/A,N/A,N/A,N/A,Xeno Raqs,dual-blades,Upgrade,Xeno'jiiva Claw,4,Xeno'jiiva Shell,6.0,Xeno'jiiva Tail,2.0,Xeno'jiiva Gem,1.0,dual-blades,False,120,30,60,80,40,70,0
768,1156,Wrath & Rancor,dual-blades,N/A,N/A,6,280,-20,N/A,False,Dragon,120.0,N/A,N/A,high,0,0,0,N/A,N/A,N/A,N/A,N/A,N/A,N/A,N/A,Wrath & Rancor,dual-blades,Create,Deviljho Scale,6,Deviljho Talon,2.0,Deviljho Tallfang,3.0,Deviljho Saliva,2.0,dual-blades,False,50,120,80,60,40,50,0
769,1157,Wrathful Predation,dual-blades,Wrath & Rancor,N/A,7,308,-20,N/A,False,Dragon,180.0,N/A,N/A,high,0,0,0,N/A,N/A,N/A,N/A,N/A,N/A,N/A,N/A,Wrathful Predation,dual-blades,Upgrade,Elder Dragon Blood,5,Deviljho Scalp,2.0,Deviljho Tallfang,5.0,Deviljho Gem,1.0,dual-blades,False,40,120,80,60,50,50,0
770,2322,Consummate Pair,dual-blades,Wrathful Predation,N/A,12,392,-15,N/A,False,Dragon,210.0,N/A,N/A,high,0,0,0,N/A,N/A,N/A,N/A,N/A,N/A,N/A,N/A,Consummate Pair,dual-blades,Upgrade,Vile Fang,3,Deviljho Ripper,2.0,Black Blood,3.0,Deviljho Crook,1.0,dual-blades,False,140,30,30,60,50,40,50
771,1202,Empress Daggers,dual-blades,N/A,N/A,7,252,0,N/A,False,Blast,60.0,N/A,N/A,N/A,2,1,0,N/A,N/A,N/A,N/A,N/A,N/A,N/A,N/A,Empress Daggers,dual-blades,Create,Lunastra Scale+,4,Lunastra Horn,3.0,Lunastra Mane,3.0,Lunastra Gem,1.0,dual-blades,False,90,30,60,80,40,100,0
772,1203,"Empress Daggers ""Blaze""",dual-blades,Empress Daggers,N/A,8,252,20,N/A,False,Blast,90.0,N/A,N/A,N/A,2,1,0,N/A,N/A,N/A,N/A,N/A,N/A,N/A,Guts,"Empress Daggers ""Blaze""",dual-blades,Upgrade,Research Commission Ticket,1,Lunastra Horn,2.0,Teostra Horn+,3.0,Bazelgeuse Gem,1.0,dual-blades,False,90,30,60,80,40,100,0
773,2323,"Soulfire Fangs ""Blaze""",dual-blades,"Empress Daggers ""Blaze""",N/A,12,350,20,N/A,False,Blast,120.0,N/A,N/A,N/A,2,1,0,N/A,N/A,N/A,N/A,N/A,N/A,N/A,Guts,"Soulfire Fangs ""Blaze""",dual-blades,Upgrade,Lunastra Shard,4,Lunastra Hardhorn,4.0,Lunastra Mane+,4.0,Large Elder Dragon Gem,1.0,dual-blades,False,110,30,30,60,50,90,30
774,1204,"Empress Daggers ""Ruin""",dual-blades,Empress Daggers,N/A,8,266,0,N/A,False,Blast,60.0,N/A,N/A,N/A,2,2,0,N/A,N/A,N/A,N/A,N/A,N/A,N/A,Hasten Recovery,"Empress Daggers ""Ruin""",dual-blades,Upgrade,Research Commission Ticket,1,Lunastra Wing,3.0,Nergigante Horn+,3.0,Nergigante Gem,1.0,dual-blades,False,90,30,60,80,40,100,0
775,2324,"Soulfire Fangs ""Ruin""",dual-blades,"Empress Daggers ""Ruin""",N/A,12,378,0,N/A,False,Blast,90.0,N/A,N/A,N/A,2,2,0,N/A,N/A,N/A,N/A,N/A,N/A,N/A,Hasten Recovery,"Soulfire Fangs ""Ruin""",dual-blades,Upgrade,Lunastra Shard,4,Annihilating Greathorn,3.0,Eternal Regrowth Plate,3.0,Large Elder Dragon Gem,1.0,dual-blades,False,110,30,30,60,50,90,30
776,1205,"Empress Daggers ""Styx""",dual-blades,Empress Daggers,N/A,8,252,10,N/A,False,Blast,120.0,N/A,N/A,N/A,3,3,0,N/A,N/A,N/A,N/A,N/A,N/A,N/A,Razor Sharp/Spare Shot,"Empress Daggers ""Styx""",dual-blades,Upgrade,Research Commission Ticket,1,Lunastra Tail,2.0,Xeno'jiiva Horn,3.0,Xeno'jiiva Gem,1.0,dual-blades,False,90,30,60,80,40,100,0
777,2325,"Soulfire Fangs ""Styx""",dual-blades,"Empress Daggers ""Styx""",N/A,12,350,10,N/A,False,Blast,150.0,N/A,N/A,N/A,3,3,0,N/A,N/A,N/A,N/A,N/A,N/A,N/A,Razor Sharp/Spare Shot,"Soulfire Fangs ""Styx""",dual-blades,Upgrade,Lunastra Shard,4,Lunastra Lash,2.0,Elder Spiritvein Bone,5.0,Large Elder Dragon Gem,1.0,dual-blades,False,110,30,30,60,50,90,30
778,1206,Downy Crake Brooms,dual-blades,N/A,N/A,3,154,0,N/A,False,Sleep,90.0,N/A,N/A,N/A,0,0,0,N/A,N/A,N/A,N/A,N/A,N/A,N/A,N/A,Downy Crake Brooms,dual-blades,Create,Downy Crake Ticket,1,Paolumu Pelt,3.0,Sturdy Bone,5.0,Sleep Sac,2.0,dual-blades,False,60,50,60,120,10,0,0
779,1207,Downy Crake Love,dual-blades,Downy Crake Brooms,N/A,7,252,0,N/A,False,Sleep,120.0,N/A,N/A,N/A,0,0,0,N/A,N/A,N/A,N/A,N/A,N/A,N/A,N/A,Downy Crake Love,dual-blades,Upgrade,Downy Crake Ticket,2,Paolumu Pelt+,3.0,Coma Sac,3.0,High Commendation,1.0,dual-blades,False,90,50,50,80,130,0,0
780,2326,Downy Paradise,dual-blades,Downy Crake Love,N/A,11,364,0,N/A,False,Sleep,180.0,N/A,N/A,N/A,0,0,0,N/A,N/A,N/A,N/A,N/A,N/A,N/A,N/A,Downy Paradise,dual-blades,Upgrade,Research Commission Ticket+,2,Paolumu Thickfur,3.0,Torpor Sac,4.0,Conqueror's Seal,1.0,dual-blades,False,40,80,30,30,80,140,0
781,1260,Zireael,dual-blades,N/A,N/A,8,294,0,N/A,True,Dragon,240.0,N/A,N/A,high,3,0,0,N/A,N/A,N/A,N/A,N/A,N/A,N/A,N/A,Zireael,dual-blades,Create,Ancient Leshen Skull,1,Ancient Leshen Claw,8.0,Ancient Leshen Antlers,3.0,Novacrystal,2.0,dual-blades,False,230,20,20,20,30,80,0
782,2327,Zireael+,dual-blades,Zireael,N/A,12,364,0,N/A,True,Dragon,300.0,N/A,N/A,high,4,0,0,N/A,N/A,N/A,N/A,N/A,N/A,N/A,N/A,Zireael+,dual-blades,Upgrade,Unity Symbol,1,Leshen Skull,1.0,Namielle Hardclaw,2.0,Purecrystal,2.0,dual-blades,False,140,20,20,70,40,30,80
783,3128,Suzuka Takamaru,dual-blades,N/A,N/A,11,406,-10,N/A,False,Thunder,60.0,N/A,N/A,N/A,4,0,0,N/A,N/A,N/A,N/A,N/A,N/A,N/A,N/A,Suzuka Takamaru,dual-blades,Create,Rajang Hardhorn,1,Rajang Hardclaw,1.0,Rajang Hardfang,2.0,Rajang Wildpelt,2.0,dual-blades,False,90,100,40,50,70,50,0
784,3129,Suzuka Otakemaru,dual-blades,Suzuka Takamaru,N/A,12,434,-10,N/A,False,Thunder,90.0,N/A,N/A,N/A,4,0,0,N/A,N/A,N/A,N/A,N/A,N/A,N/A,N/A,Suzuka Otakemaru,dual-blades,Upgrade,Tempered Glimmerpelt,3,Rajang Hardhorn,3.0,Rajang Hardfang,7.0,Gold Rajang Pelt+,3.0,dual-blades,False,80,100,40,50,80,50,0
785,3130,Demonlord Hellfists,dual-blades,N/A,N/A,12,406,15,N/A,False,Thunder,270.0,N/A,N/A,N/A,0,0,0,N/A,N/A,N/A,N/A,N/A,N/A,N/A,N/A,Demonlord Hellfists,dual-blades,Create,Ghoulish Gold Gorer,3,Rajang Apoplexy,2.0,Gold Rajang Pelt+,5.0,Rajang Heart,1.0,dual-blades,False,110,20,20,70,40,30,110
786,3131,Drakespirit Hellclaws,dual-blades,N/A,N/A,11,350,0,N/A,False,Dragon,150.0,N/A,N/A,average,2,0,0,N/A,N/A,N/A,N/A,N/A,N/A,N/A,N/A,Drakespirit Hellclaws,dual-blades,Create,Stygian Zinogre Hardhorn,1,Stygian Zinogre Hardclaw,1.0,Stygian Zinogre Dragonlocks,2.0,Stygian Zinogre Dragonhold,2.0,dual-blades,False,130,20,20,70,40,30,90
787,3132,Stygian Bloodclaws,dual-blades,Drakespirit Hellclaws,N/A,12,378,0,N/A,False,Dragon,210.0,N/A,N/A,average,2,0,0,N/A,N/A,N/A,N/A,N/A,N/A,N/A,N/A,Stygian Bloodclaws,dual-blades,Upgrade,Tempered Dragonhold,3,Stygian Zinogre Hardhorn,2.0,Stygian Zinogre Hardclaw,5.0,Stygian Zinogre Skymerald,1.0,dual-blades,False,100,20,20,70,40,30,120
788,3133,Lightbreak Twins,dual-blades,N/A,N/A,12,420,0,N/A,False,Blast,120.0,N/A,N/A,N/A,4,3,0,N/A,N/A,N/A,N/A,N/A,N/A,N/A,N/A,Lightbreak Twins,dual-blades,Create,Brach Obliterator,3,Brach Warhead,1.0,Indestructible Ebonshell,4.0,Immortal Reactor,1.0,dual-blades,True,140,30,30,60,50,60,30
789,3200,Alatreon Dual Blades,dual-blades,N/A,N/A,11,350,0,N/A,False,Dragon,330.0,N/A,N/A,low,2,0,0,N/A,N/A,N/A,N/A,N/A,N/A,N/A,N/A,Alatreon Dual Blades,dual-blades,Create,Alatreon Mantle,3,Skyswayer,1.0,Alatreon Riptalon,3.0,Large Elder Dragon Gem,1.0,dual-blades,False,120,20,20,70,40,30,100
790,3201,Alatreon Madness,dual-blades,Alatreon Dual Blades,N/A,12,392,0,N/A,False,Dragon,480.0,N/A,N/A,low,2,2,0,N/A,N/A,N/A,N/A,N/A,N/A,N/A,N/A,Alatreon Madness,dual-blades,Upgrade,Alatreon Direwing,1,Skyswayer,2.0,Alatreon Riptalon,2.0,Azure Dragonsphire,1.0,dual-blades,False,80,20,20,70,40,30,140
791,3244,Fatalis Dual Blades,dual-blades,N/A,N/A,11,476,-40,N/A,False,Dragon,60.0,N/A,N/A,high,4,4,0,N/A,N/A,N/A,N/A,N/A,N/A,N/A,N/A,Fatalis Dual Blades,dual-blades,Create,Fatalis Shard,3,Fatalis Pectus,1.0,Fatalis Hardhorn,1.0,Fatalis Evil Eye,1.0,dual-blades,False,140,20,20,70,40,30,80
792,3245,Fatalis Dual Skies,dual-blades,Fatalis Dual Blades,N/A,12,518,-30,N/A,False,Dragon,120.0,N/A,N/A,high,4,4,0,N/A,N/A,N/A,N/A,N/A,N/A,N/A,N/A,Fatalis Dual Skies,dual-blades,Upgrade,Large Elder Dragon Gem,1,Fatalis Pectus,2.0,Fatalis Hardhorn,2.0,Fatalis Evil Eye,1.0,dual-blades,False,140,20,20,70,40,30,80
793,3134,Whetfish Sabers,dual-blades,N/A,N/A,9,280,5,N/A,False,Water,330.0,N/A,N/A,N/A,0,0,0,N/A,N/A,N/A,N/A,N/A,N/A,N/A,Protective Polish,Whetfish Sabers,dual-blades,Create,Whetfish Ticket,1,Jyuratodus Shard,2.0,Jyuratodus Grandfin,1.0,Eltalite Ore,5.0,dual-blades,True,80,50,110,90,40,20,10
794,3135,Whetfish Sabers+,dual-blades,Whetfish Sabers,N/A,11,322,5,N/A,False,Water,390.0,N/A,N/A,N/A,0,0,0,N/A,N/A,N/A,N/A,N/A,N/A,N/A,Protective Polish,Whetfish Sabers+,dual-blades,Upgrade,Whetfish Ticket,1,Namielle Whisker,3.0,Flood Sac,3.0,Conqueror's Seal,1.0,dual-blades,True,170,30,30,60,50,30,30
795,2328,Guild Palace Sabers,dual-blades,N/A,N/A,10,350,10,30.0,True,Water,210.0,N/A,N/A,N/A,3,0,0,N/A,N/A,N/A,N/A,N/A,N/A,N/A,N/A,Guild Palace Sabers,dual-blades,Create,Fest Ticket,2,Amber Hardfang,2.0,Gracium,5.0,Purecrystal,1.0,dual-blades,False,130,30,30,60,50,70,30
796,2329,Royal Savior Daggers,dual-blades,Guild Palace Sabers,N/A,12,378,15,30.0,True,Water,330.0,N/A,N/A,N/A,3,0,0,N/A,N/A,N/A,N/A,N/A,N/A,N/A,N/A,Royal Savior Daggers,dual-blades,Upgrade,Hero King Coin,1,Namielle Hardclaw,3.0,Large Elder Dragon Bone,5.0,Pure Dragon Blood,3.0,dual-blades,False,130,30,30,60,50,50,50
797,2330,Defender Warhammer I,hammer,N/A,N/A,1,676,0,N/A,False,Blast,180.0,N/A,N/A,N/A,0,0,0,N/A,N/A,N/A,N/A,N/A,N/A,N/A,N/A,Defender Warhammer I,hammer,Create,Iron Ore,1,N/A,N/A,N/A,N/A,N/A,N/A,hammer,False,30,60,20,140,0,0,0
798,2331,Defender Warhammer II,hammer,Defender Warhammer I,N/A,3,884,0,N/A,False,Blast,210.0,N/A,N/A,N/A,0,0,0,N/A,N/A,N/A,N/A,N/A,N/A,N/A,N/A,Defender Warhammer II,hammer,Upgrade,Anjanath Scale,1,N/A,N/A,N/A,N/A,N/A,N/A,hammer,False,30,60,20,150,40,0,0
799,2332,Defender Warhammer III,hammer,Defender Warhammer II,N/A,5,988,0,N/A,False,Blast,240.0,N/A,N/A,N/A,0,0,0,N/A,N/A,N/A,N/A,N/A,N/A,N/A,N/A,Defender Warhammer III,hammer,Upgrade,Commendation,1,N/A,N/A,N/A,N/A,N/A,N/A,hammer,False,50,50,50,80,120,0,0
800,2333,Defender Warhammer IV,hammer,Defender Warhammer III,N/A,6,1092,0,N/A,False,Blast,270.0,N/A,N/A,N/A,0,0,0,N/A,N/A,N/A,N/A,N/A,N/A,N/A,N/A,Defender Warhammer IV,hammer,Upgrade,Pink Rathian Scale+,1,N/A,N/A,N/A,N/A,N/A,N/A,hammer,False,30,50,50,80,140,0,0
801,2334,Defender Warhammer V,hammer,Defender Warhammer IV,N/A,7,1144,0,N/A,False,Blast,300.0,N/A,N/A,N/A,0,0,0,N/A,N/A,N/A,N/A,N/A,N/A,N/A,N/A,Defender Warhammer V,hammer,Upgrade,Immortal Dragonscale,1,N/A,N/A,N/A,N/A,N/A,N/A,hammer,False,90,30,30,110,40,100,0
802,345,Iron Hammer I,hammer,N/A,N/A,1,416,0,N/A,False,N/A,N/A,N/A,N/A,N/A,0,0,0,N/A,N/A,N/A,N/A,N/A,N/A,N/A,N/A,Iron Hammer I,hammer,Create,Iron Ore,1,N/A,N/A,N/A,N/A,N/A,N/A,hammer,False,100,50,80,20,0,0,0
803,346,Iron Hammer II,hammer,Iron Hammer I,N/A,1,468,0,N/A,False,N/A,N/A,N/A,N/A,N/A,0,0,0,N/A,N/A,N/A,N/A,N/A,N/A,N/A,N/A,Iron Hammer II,hammer,Upgrade,Iron Ore,2,N/A,N/A,N/A,N/A,N/A,N/A,hammer,False,80,70,30,70,0,0,0
804,347,Iron Hammer III,hammer,Iron Hammer II,N/A,2,520,0,N/A,False,N/A,N/A,N/A,N/A,N/A,0,0,0,N/A,N/A,N/A,N/A,N/A,N/A,N/A,N/A,Iron Hammer III,hammer,Upgrade,Earth Crystal,2,Machalite Ore,2.0,Iron Ore,5.0,N/A,N/A,hammer,False,60,70,30,90,0,0,0
805,348,Iron Demon I,hammer,Iron Hammer III,N/A,3,572,0,N/A,False,N/A,N/A,N/A,N/A,N/A,0,0,0,N/A,N/A,N/A,N/A,N/A,N/A,N/A,N/A,Iron Demon I,hammer,Upgrade,Dragonite Ore,2,Machalite Ore,5.0,Monster Bone M,2.0,N/A,N/A,hammer,False,70,50,80,100,0,0,0
806,349,Iron Demon II,hammer,Iron Demon I,N/A,4,676,0,N/A,False,N/A,N/A,N/A,N/A,N/A,0,0,0,N/A,N/A,N/A,N/A,N/A,N/A,N/A,N/A,Iron Demon II,hammer,Upgrade,Monster Bone+,2,Dragonite Ore,5.0,Coral Crystal,2.0,Machalite Ore,10.0,hammer,False,60,50,80,110,0,0,0
807,350,Iron Demon III,hammer,Iron Demon II,N/A,5,728,0,N/A,True,Blast,210.0,N/A,N/A,N/A,1,0,0,N/A,N/A,N/A,N/A,N/A,N/A,N/A,N/A,Iron Demon III,hammer,Upgrade,Carbalite Ore,8,Dragonite Ore,5.0,Dragonvein Crystal,2.0,N/A,N/A,hammer,False,100,50,50,80,70,0,0
808,351,Iron Archdemon I,hammer,Iron Demon III,N/A,6,832,0,N/A,True,Blast,240.0,N/A,N/A,N/A,1,0,0,N/A,N/A,N/A,N/A,N/A,N/A,N/A,N/A,Iron Archdemon I,hammer,Upgrade,Fucium Ore,8,Carbalite Ore,5.0,Dragonite Ore,10.0,Dragonvein Crystal,3.0,hammer,False,90,50,50,80,80,0,0
809,352,Iron Archdemon II,hammer,Iron Archdemon I,N/A,6,936,0,N/A,True,Blast,270.0,N/A,N/A,N/A,1,1,0,N/A,N/A,N/A,N/A,N/A,N/A,N/A,N/A,Iron Archdemon II,hammer,Upgrade,Elder Dragon Blood,2,Fucium Ore,13.0,Carbalite Ore,20.0,Firecell Stone,1.0,hammer,False,60,60,20,150,90,20,0
810,2335,Kurogane I,hammer,Iron Archdemon II,N/A,9,1144,0,N/A,True,Blast,300.0,N/A,N/A,N/A,1,1,0,N/A,N/A,N/A,N/A,N/A,N/A,N/A,N/A,Kurogane I,hammer,Create,Eltalite Ore,6,Carbalite Ore,10.0,Firecell Stone,2.0,Purecrystal,1.0,hammer,False,90,80,30,30,80,90,0
811,2335,Kurogane I,hammer,Iron Archdemon II,N/A,9,1144,0,N/A,True,Blast,300.0,N/A,N/A,N/A,1,1,0,N/A,N/A,N/A,N/A,N/A,N/A,N/A,N/A,Kurogane I,hammer,Upgrade,Eltalite Ore,2,Carbalite Ore,4.0,Spiritvein Crystal,2.0,Gracium,1.0,hammer,False,90,80,30,30,80,90,0
812,2336,Kurogane II,hammer,Kurogane I,N/A,10,1248,0,N/A,True,Blast,330.0,N/A,N/A,N/A,1,1,0,N/A,N/A,N/A,N/A,N/A,N/A,N/A,N/A,Kurogane II,hammer,Upgrade,Monster Slogbone,3,Eltalite Ore,4.0,Meldspar Ore,2.0,Bathycite Ore,2.0,hammer,False,80,80,30,30,80,100,0
813,2337,Kurogane III,hammer,Kurogane II,N/A,11,1352,0,N/A,True,Blast,360.0,N/A,N/A,N/A,1,1,0,N/A,N/A,N/A,N/A,N/A,N/A,N/A,N/A,Kurogane III,hammer,Upgrade,Pure Dragon Blood,3,Eltalite Ore,6.0,Meldspar Ore,3.0,Purecrystal,1.0,hammer,False,120,30,30,60,50,80,30
814,2338,Red Bludgeon,hammer,Kurogane I,N/A,10,1144,15,N/A,False,Fire,270.0,N/A,N/A,N/A,1,0,0,N/A,N/A,N/A,N/A,N/A,N/A,N/A,N/A,Red Bludgeon,hammer,Upgrade,Rathalos Shard,6,Rathalos Cortex,4.0,Rathalos Fellwing,2.0,Rath Wingtalon+,4.0,hammer,False,100,100,40,50,60,50,0
815,2339,Huracan Hammer,hammer,Red Bludgeon,N/A,10,1248,20,N/A,False,Fire,300.0,N/A,N/A,N/A,1,0,0,N/A,N/A,N/A,N/A,N/A,N/A,N/A,N/A,Huracan Hammer,hammer,Upgrade,Azure Rathalos Shard,6,Azure Rathalos Cortex,4.0,Azure Rathalos Fellwing,3.0,Rathalos Mantle,1.0,hammer,False,110,30,30,110,40,80,0
816,2340,Leonid Starcrusher,hammer,Huracan Hammer,N/A,12,1404,20,N/A,False,Fire,420.0,N/A,N/A,N/A,2,0,0,N/A,N/A,N/A,N/A,N/A,N/A,N/A,N/A,Leonid Starcrusher,hammer,Upgrade,Silver Rathalos Shard,8,Silver Rathalos Cortex,6.0,Silver Rathalos Lash,1.0,Rath Gleam,2.0,hammer,False,130,30,30,60,50,70,30
817,353,Nergal Crusher,hammer,Iron Archdemon I,N/A,7,1040,0,N/A,False,Dragon,90.0,N/A,N/A,high,1,0,0,N/A,N/A,N/A,N/A,N/A,N/A,N/A,N/A,Nergal Crusher,hammer,Upgrade,Nergigante Talon,3,Nergigante Regrowth Plate,4.0,Nergigante Tail,2.0,Nergigante Carapace,2.0,hammer,True,120,120,40,50,70,0,0
818,354,Obliteration's Footfall,hammer,Nergal Crusher,N/A,8,1092,0,N/A,False,Dragon,120.0,N/A,N/A,high,1,0,0,N/A,N/A,N/A,N/A,N/A,N/A,N/A,N/A,Obliteration's Footfall,hammer,Upgrade,Xeno'jiiva Horn,2,Nergigante Horn+,5.0,Nergigante Talon,5.0,Nergigante Gem,1.0,hammer,True,110,120,40,50,80,0,0
819,2341,Ruinous Obliteration,hammer,Obliteration's Footfall,N/A,12,1508,0,N/A,False,Dragon,180.0,N/A,N/A,high,1,0,0,N/A,N/A,N/A,N/A,N/A,N/A,N/A,N/A,Ruinous Obliteration,hammer,Upgrade,Annihilating Greathorn,3,Nergigante Hardclaw,4.0,Eternal Regrowth Plate,5.0,Large Elder Dragon Gem,1.0,hammer,True,80,30,30,110,40,110,0
820,355,Frozen Core,hammer,Iron Demon I,N/A,4,624,0,N/A,False,Ice,270.0,N/A,N/A,N/A,0,0,0,N/A,N/A,N/A,N/A,N/A,N/A,N/A,N/A,Frozen Core,hammer,Upgrade,Legiana Scale,3,Frost Sac,4.0,Coral Crystal,4.0,Lightcrystal,3.0,hammer,False,50,50,80,120,0,0,0
821,356,Frozen Core+,hammer,Frozen Core,N/A,6,832,0,N/A,False,Ice,390.0,N/A,N/A,N/A,2,0,0,N/A,N/A,N/A,N/A,N/A,N/A,N/A,N/A,Frozen Core+,hammer,Upgrade,Legiana Scale+,3,Freezer Sac,4.0,Dragonvein Crystal,4.0,Novacrystal,3.0,hammer,False,90,50,50,80,80,0,0
822,357,Cocytus,hammer,Frozen Core+,N/A,7,936,0,N/A,False,Ice,450.0,N/A,N/A,N/A,3,0,0,N/A,N/A,N/A,N/A,N/A,N/A,N/A,N/A,Cocytus,hammer,Upgrade,Legiana Wing,3,Freezer Sac,4.0,Daora Claw+,3.0,Novacrystal,6.0,hammer,False,110,120,40,50,80,0,0
823,2342,Cocytus+,hammer,Cocytus,N/A,10,1196,0,N/A,False,Ice,480.0,N/A,N/A,N/A,3,0,0,N/A,N/A,N/A,N/A,N/A,N/A,N/A,N/A,Cocytus+,hammer,Upgrade,Legiana Hardclaw,3,Legiana Shard,4.0,Legiana Tail Webbing+,1.0,Gracium,4.0,hammer,False,70,80,30,30,80,110,0
824,2343,Pykrete Punisher,hammer,Cocytus+,N/A,11,1300,0,N/A,False,Ice,510.0,N/A,N/A,N/A,3,0,0,N/A,N/A,N/A,N/A,N/A,N/A,N/A,N/A,Pykrete Punisher,hammer,Upgrade,Conqueror's Seal,1,Obsidian Icetalon,4.0,Stark Wing,2.0,Purecrystal,1.0,hammer,False,60,80,30,30,80,120,0
825,358,Aqua Hammer I,hammer,Iron Hammer II,N/A,2,572,0,N/A,False,Water,90.0,N/A,N/A,N/A,0,0,0,N/A,N/A,N/A,N/A,N/A,N/A,N/A,N/A,Aqua Hammer I,hammer,Upgrade,Earth Crystal,3,Jyuratodus Shell,1.0,Jyuratodus Scale,3.0,Aqua Sac,1.0,hammer,False,80,70,30,70,0,0,0
826,359,Aqua Hammer II,hammer,Aqua Hammer I,N/A,3,624,0,N/A,False,Water,120.0,N/A,N/A,N/A,0,0,0,N/A,N/A,N/A,N/A,N/A,N/A,N/A,N/A,Aqua Hammer II,hammer,Upgrade,Dragonite Ore,5,Jyuratodus Fin,3.0,Jyuratodus Fang,2.0,Gajau Skin,3.0,hammer,False,90,50,80,80,0,0,0
827,360,Aqua Hammer III,hammer,Aqua Hammer II,N/A,4,676,0,N/A,False,Water,150.0,N/A,N/A,N/A,0,0,0,N/A,N/A,N/A,N/A,N/A,N/A,N/A,N/A,Aqua Hammer III,hammer,Upgrade,Monster Bone+,2,Jyuratodus Fang,4.0,Coral Crystal,3.0,Gajau Whisker,3.0,hammer,False,80,50,80,90,0,0,0
828,361,Water Basher I,hammer,Aqua Hammer III,N/A,5,780,0,N/A,False,Water,180.0,N/A,N/A,N/A,2,0,0,N/A,N/A,N/A,N/A,N/A,N/A,N/A,N/A,Water Basher I,hammer,Upgrade,Carbalite Ore,5,Jyuratodus Carapace,2.0,Jyuratodus Scale+,3.0,Gajau Scale,5.0,hammer,False,110,60,80,80,20,0,0
829,362,Water Basher II,hammer,Water Basher I,N/A,6,832,0,N/A,False,Water,210.0,N/A,N/A,N/A,2,0,0,N/A,N/A,N/A,N/A,N/A,N/A,N/A,N/A,Water Basher II,hammer,Upgrade,Fucium Ore,5,Jyuratodus Fin+,4.0,Torrent Sac,3.0,Grand Gajau Whisker,3.0,hammer,False,100,50,50,80,70,0,0
830,363,Water Basher III,hammer,Water Basher II,N/A,6,936,0,N/A,False,Water,240.0,N/A,N/A,N/A,2,0,0,N/A,N/A,N/A,N/A,N/A,N/A,N/A,N/A,Water Basher III,hammer,Upgrade,Elder Dragon Blood,3,Jyuratodus Fin+,6.0,Jyuratodus Fang+,5.0,Wyvern Gem,1.0,hammer,False,90,60,80,80,70,20,0
831,2344,Water Basher IV,hammer,Water Basher III,N/A,9,1092,0,N/A,False,Water,390.0,N/A,N/A,N/A,2,0,0,N/A,N/A,N/A,N/A,N/A,N/A,N/A,N/A,Water Basher IV,hammer,Create,Jyuratodus Grandfin,2,Jyuratodus Hardfang,2.0,Jyuratodus Shard,6.0,Large Wyvern Gem,1.0,hammer,False,110,80,30,30,80,70,0
832,2344,Water Basher IV,hammer,Water Basher III,N/A,9,1092,0,N/A,False,Water,390.0,N/A,N/A,N/A,2,0,0,N/A,N/A,N/A,N/A,N/A,N/A,N/A,N/A,Water Basher IV,hammer,Upgrade,Jyuratodus Grandfin,1,Jyuratodus Hardfang,1.0,Jyuratodus Shard,3.0,Gajau Thickhide,2.0,hammer,False,110,80,30,30,80,70,0
833,2345,Aqua Flora,hammer,Water Basher IV,N/A,9,1144,0,N/A,False,Water,450.0,N/A,N/A,N/A,2,1,0,N/A,N/A,N/A,N/A,N/A,N/A,N/A,N/A,Aqua Flora,hammer,Upgrade,Coral Pukei-Pukei Shard,3,Coral Pukei-Pukei Fellwing,2.0,Flood Sac,2.0,Bathycite Ore,2.0,hammer,False,90,80,30,30,80,90,0
834,2346,Aqua Flora+,hammer,Aqua Flora,N/A,10,1248,0,N/A,False,Water,540.0,N/A,N/A,N/A,2,1,0,N/A,N/A,N/A,N/A,N/A,N/A,N/A,N/A,Aqua Flora+,hammer,Upgrade,Acidic Glavenus Hardfang,2,Monster Solidbone,3.0,Large Coral Pukei-Pukei Sac,1.0,Coral Pukei-Pukei Lash,1.0,hammer,False,130,30,30,60,50,50,50
835,2347,Aqua Florescence,hammer,Aqua Flora+,N/A,11,1300,0,N/A,False,Water,600.0,N/A,N/A,N/A,2,1,0,N/A,N/A,N/A,N/A,N/A,N/A,N/A,N/A,Aqua Florescence,hammer,Upgrade,Namielle Hardclaw,4,Pure Dragon Blood,5.0,Large Coral Pukei-Pukei Sac,2.0,Purecrystal,1.0,hammer,False,120,30,30,60,50,60,50
836,2348,Glacial Bash I,hammer,Water Basher IV,N/A,10,1144,20,N/A,False,Ice,330.0,N/A,N/A,N/A,0,0,0,N/A,N/A,N/A,N/A,N/A,N/A,N/A,N/A,Glacial Bash I,hammer,Upgrade,Barioth Hardclaw,3,Barioth Cortex,4.0,Cryo Sac,4.0,Frozen Bone,3.0,hammer,False,110,30,30,110,40,80,0
837,2349,Glacial Bash II,hammer,Glacial Bash I,N/A,10,1248,25,N/A,False,Ice,360.0,N/A,N/A,N/A,1,0,0,N/A,N/A,N/A,N/A,N/A,N/A,N/A,N/A,Glacial Bash II,hammer,Upgrade,Obsidian Icetalon,2,Amber Hardfang,3.0,Barioth Greatspike,3.0,Large Wyvern Gem,1.0,hammer,False,110,30,30,110,40,80,0
838,3226,Polaris Bash,hammer,Glacial Bash I,N/A,11,1404,15,N/A,False,Ice,660.0,N/A,N/A,N/A,0,0,0,N/A,N/A,N/A,N/A,N/A,N/A,N/A,N/A,Polaris Bash,hammer,Create,Frostfang Ticket,3,Silverwhite Frostfang,3.0,Bergcrusher Claw,2.0,Large Wyvern Gem,1.0,hammer,False,10,40,50,50,60,120,70
839,3226,Polaris Bash,hammer,Glacial Bash I,N/A,11,1404,15,N/A,False,Ice,660.0,N/A,N/A,N/A,0,0,0,N/A,N/A,N/A,N/A,N/A,N/A,N/A,N/A,Polaris Bash,hammer,Upgrade,Frostfang Ticket,2,Silverwhite Frostfang,3.0,Bergcrusher Claw,1.0,Gracium,5.0,hammer,False,10,40,50,50,60,120,70
840,364,Girros Hammer I,hammer,Aqua Hammer I,N/A,3,624,0,N/A,False,Paralysis,210.0,N/A,N/A,N/A,0,0,0,N/A,N/A,N/A,N/A,N/A,N/A,N/A,N/A,Girros Hammer I,hammer,Upgrade,Great Girros Fang,1,Great Girros Scale,3.0,Girros Fang,3.0,N/A,N/A,hammer,False,80,50,80,90,0,0,0
841,365,Girros Hammer II,hammer,Girros Hammer I,N/A,4,676,0,N/A,False,Paralysis,270.0,N/A,N/A,N/A,0,0,0,N/A,N/A,N/A,N/A,N/A,N/A,N/A,N/A,Girros Hammer II,hammer,Upgrade,Diablos Fang,2,Great Girros Fang,3.0,Great Girros Hood,2.0,Paralysis Sac,2.0,hammer,False,70,50,80,100,0,0,0
842,366,Malady's Fist I,hammer,Girros Hammer II,N/A,5,728,20,N/A,False,Paralysis,330.0,N/A,N/A,N/A,0,0,0,N/A,N/A,N/A,N/A,N/A,N/A,N/A,N/A,Malady's Fist I,hammer,Upgrade,Great Girros Fang+,3,Great Girros Scale+,5.0,Great Girros Tail,2.0,Girros Scale+,6.0,hammer,False,60,50,80,150,10,0,0
843,367,Malady's Fist II,hammer,Malady's Fist I,N/A,6,780,20,N/A,False,Paralysis,360.0,N/A,N/A,N/A,0,0,0,N/A,N/A,N/A,N/A,N/A,N/A,N/A,N/A,Malady's Fist II,hammer,Upgrade,Blos Medulla,1,Great Girros Fang+,4.0,Great Girros Hood+,2.0,Omniplegia Sac,4.0,hammer,False,90,50,50,80,80,0,0
844,368,Malady's Fist III,hammer,Malady's Fist II,N/A,6,832,20,N/A,False,Paralysis,390.0,N/A,N/A,N/A,0,0,0,N/A,N/A,N/A,N/A,N/A,N/A,N/A,N/A,Malady's Fist III,hammer,Upgrade,Vaal Hazak Fang+,2,Great Girros Fang+,5.0,Great Girros Hood+,3.0,Bird Wyvern Gem,1.0,hammer,False,90,60,60,100,60,30,0
845,2350,Naaga Matraca I,hammer,Malady's Fist III,N/A,9,1040,20,N/A,False,Paralysis,450.0,N/A,N/A,N/A,0,0,0,N/A,N/A,N/A,N/A,N/A,N/A,N/A,N/A,Naaga Matraca I,hammer,Create,Great Girros Hardfang,4,Great Girros Hardhood,2.0,Ultraplegia Sac,3.0,Dragonbone Artifact,1.0,hammer,False,70,60,60,100,80,30,0
846,2350,Naaga Matraca I,hammer,Malady's Fist III,N/A,9,1040,20,N/A,False,Paralysis,450.0,N/A,N/A,N/A,0,0,0,N/A,N/A,N/A,N/A,N/A,N/A,N/A,N/A,Naaga Matraca I,hammer,Upgrade,Great Girros Hardfang,2,Great Girros Lash,1.0,Ultraplegia Sac,2.0,Tough Claw,2.0,hammer,False,70,60,60,100,80,30,0
847,2351,Naaga Matraca II,hammer,Naaga Matraca I,N/A,10,1248,20,N/A,False,Paralysis,510.0,N/A,N/A,N/A,0,0,0,N/A,N/A,N/A,N/A,N/A,N/A,N/A,N/A,Naaga Matraca II,hammer,Upgrade,Odogaron Hardfang,2,Great Girros Shard,4.0,Great Girros Hardhood,2.0,Fey Wyvern Gem,1.0,hammer,False,70,60,60,100,80,30,0
848,2352,Nyx Hammer I,hammer,Naaga Matraca I,N/A,9,1144,0,N/A,False,Sleep,320.0,N/A,N/A,N/A,2,0,0,N/A,N/A,N/A,N/A,N/A,N/A,N/A,N/A,Nyx Hammer I,hammer,Upgrade,Nightshade Paolumu Thickfur,3,Paolumu Cortex,2.0,Nightshade Paolumu Fellwing,2.0,Torpor Sac,1.0,hammer,False,100,80,30,30,80,80,0
849,2353,Nyx Hammer II,hammer,Nyx Hammer I,N/A,10,1248,0,N/A,False,Sleep,450.0,N/A,N/A,N/A,2,0,0,N/A,N/A,N/A,N/A,N/A,N/A,N/A,N/A,Nyx Hammer II,hammer,Upgrade,Black Diablos Chine,2,Nightshade Paolumu Shard,5.0,Nightshade Paolumu Fellwing,3.0,Large Wyvern Gem,1.0,hammer,False,70,80,30,30,80,110,0
850,369,Blooming Hammer I,hammer,Iron Hammer II,N/A,2,520,0,N/A,False,Poison,300.0,N/A,N/A,N/A,0,0,0,N/A,N/A,N/A,N/A,N/A,N/A,N/A,N/A,Blooming Hammer I,hammer,Upgrade,Pukei-Pukei Quill,2,Pukei-Pukei Scale,3.0,Poison Sac,1.0,N/A,N/A,hammer,False,70,70,30,80,0,0,0
851,370,Blooming Hammer II,hammer,Blooming Hammer I,N/A,3,624,0,N/A,False,Poison,360.0,N/A,N/A,N/A,0,0,0,N/A,N/A,N/A,N/A,N/A,N/A,N/A,N/A,Blooming Hammer II,hammer,Upgrade,Coral Crystal,3,Pukei-Pukei Sac,2.0,Pukei-Pukei Shell,3.0,Pukei-Pukei Tail,1.0,hammer,False,70,50,80,100,0,0,0
852,371,Blooming Hammer III,hammer,Blooming Hammer II,N/A,4,728,0,N/A,False,Poison,420.0,N/A,N/A,N/A,0,0,0,N/A,N/A,N/A,N/A,N/A,N/A,N/A,N/A,Blooming Hammer III,hammer,Upgrade,Monster Bone+,2,Pukei-Pukei Quill,4.0,Pukei-Pukei Sac,2.0,Poison Sac,2.0,hammer,False,50,50,80,120,0,0,0
853,372,Buon Fiore,hammer,Blooming Hammer III,N/A,5,780,0,N/A,False,Poison,480.0,N/A,N/A,N/A,1,1,0,N/A,N/A,N/A,N/A,N/A,N/A,N/A,N/A,Buon Fiore,hammer,Create,Pukei-Pukei Wing,4,Pukei-Pukei Sac+,3.0,Toxin Sac,2.0,Carbalite Ore,8.0,hammer,False,100,50,80,100,20,0,0
854,372,Buon Fiore,hammer,Blooming Hammer III,N/A,5,780,0,N/A,False,Poison,480.0,N/A,N/A,N/A,1,1,0,N/A,N/A,N/A,N/A,N/A,N/A,N/A,N/A,Buon Fiore,hammer,Upgrade,Pukei-Pukei Scale+,3,Pukei-Pukei Wing,2.0,Toxin Sac,2.0,Quality Bone,3.0,hammer,False,100,50,80,100,20,0,0
855,373,Buona Flora,hammer,Buon Fiore,N/A,7,936,0,N/A,False,Poison,540.0,N/A,N/A,N/A,2,2,0,N/A,N/A,N/A,N/A,N/A,N/A,N/A,N/A,Buona Flora,hammer,Upgrade,Vaal Hazak Wing,2,Pukei-Pukei Sac+,4.0,Pukei-Pukei Wing,6.0,Bird Wyvern Gem,1.0,hammer,False,100,120,40,50,90,0,0
856,2354,Buona Flora+,hammer,Buona Flora,N/A,9,1092,0,N/A,False,Poison,570.0,N/A,N/A,N/A,2,2,0,N/A,N/A,N/A,N/A,N/A,N/A,N/A,N/A,Buona Flora+,hammer,Upgrade,Pukei-Pukei Shard,3,Pukei-Pukei Fellwing,2.0,Deadly Poison Sac,2.0,Monster Toughbone,2.0,hammer,False,100,80,30,30,80,80,0
857,2355,Buona Florescenza,hammer,Buona Flora+,N/A,10,1300,0,N/A,False,Poison,660.0,N/A,N/A,N/A,2,2,0,N/A,N/A,N/A,N/A,N/A,N/A,N/A,N/A,Buona Florescenza,hammer,Upgrade,Monster Slogbone,3,Rathian Surspike,2.0,Large Pukei-Pukei Sac,1.0,Pukei-Pukei Lash,1.0,hammer,False,120,30,30,60,50,60,50
858,2356,Hidden Breaker,hammer,Buona Flora+,N/A,10,1092,10,N/A,True,Poison,330.0,N/A,N/A,N/A,0,0,0,N/A,N/A,N/A,N/A,N/A,N/A,N/A,N/A,Hidden Breaker,hammer,Upgrade,Nargacuga Hardfang,2,Nargacuga Shard,3.0,Nargacuga Tailspear,2.0,Meldspar Ore,1.0,hammer,False,80,80,30,30,80,100,0
859,2357,Hidden Breaker+,hammer,Hidden Breaker,N/A,10,1144,15,N/A,True,Poison,390.0,N/A,N/A,N/A,0,0,0,N/A,N/A,N/A,N/A,N/A,N/A,N/A,N/A,Hidden Breaker+,hammer,Upgrade,Fulgur Anjanath Hardfang,3,Nargacuga Cutwing+,4.0,Nargacuga Lash,1.0,Nargacuga Mantle,1.0,hammer,False,150,20,20,70,40,30,70
860,2358,Night Eternal,hammer,Hidden Breaker+,N/A,11,1248,20,N/A,True,Poison,450.0,N/A,N/A,N/A,0,0,0,N/A,N/A,N/A,N/A,N/A,N/A,N/A,N/A,Night Eternal,hammer,Upgrade,Shadowpierce Fang,2,Nargacuga Cutwing+,4.0,Nargacuga Hardfang,4.0,Purecrystal,1.0,hammer,False,140,20,20,70,40,30,80
861,374,Thunder Hammer I,hammer,Blooming Hammer I,N/A,3,676,0,N/A,False,Thunder,180.0,N/A,N/A,N/A,0,0,0,N/A,N/A,N/A,N/A,N/A,N/A,N/A,N/A,Thunder Hammer I,hammer,Upgrade,Dragonite Ore,5,Tobi-Kadachi Electrode,1.0,Tobi-Kadachi Claw,2.0,Electro Sac,1.0,hammer,False,80,50,80,90,0,0,0
862,375,Thunder Hammer II,hammer,Thunder Hammer I,N/A,4,780,0,N/A,False,Thunder,210.0,N/A,N/A,N/A,0,0,0,N/A,N/A,N/A,N/A,N/A,N/A,N/A,N/A,Thunder Hammer II,hammer,Upgrade,Monster Bone+,2,Tobi-Kadachi Electrode,2.0,Tobi-Kadachi Membrane,2.0,Coral Crystal,3.0,hammer,False,70,50,80,100,0,0,0
863,376,Lightning Bash I,hammer,Thunder Hammer II,N/A,5,832,0,N/A,False,Thunder,240.0,N/A,N/A,N/A,2,0,0,N/A,N/A,N/A,N/A,N/A,N/A,N/A,N/A,Lightning Bash I,hammer,Upgrade,Carbalite Ore,5,Tobi-Kadachi Scale+,4.0,Tobi-Kadachi Pelt+,3.0,Vespoid Innerwing,3.0,hammer,False,110,50,80,100,10,0,0
864,377,Lightning Bash II,hammer,Lightning Bash I,N/A,6,884,0,N/A,False,Thunder,270.0,N/A,N/A,N/A,2,0,0,N/A,N/A,N/A,N/A,N/A,N/A,N/A,N/A,Lightning Bash II,hammer,Upgrade,Fucium Ore,5,Tobi-Kadachi Electrode+,2.0,Tobi-Kadachi Membrane,4.0,Thunder Sac,3.0,hammer,False,100,100,40,40,70,0,0
865,378,Lightning Bash III,hammer,Lightning Bash II,N/A,6,988,0,N/A,False,Thunder,300.0,N/A,N/A,N/A,2,0,0,N/A,N/A,N/A,N/A,N/A,N/A,N/A,N/A,Lightning Bash III,hammer,Upgrade,Elder Dragon Blood,3,Tobi-Kadachi Electrode+,4.0,Tobi-Kadachi Claw+,6.0,Wyvern Gem,1.0,hammer,False,150,100,30,30,60,30,0
866,2359,Lightning Bash IV,hammer,Lightning Bash III,N/A,9,1144,0,N/A,False,Thunder,330.0,N/A,N/A,N/A,2,0,0,N/A,N/A,N/A,N/A,N/A,N/A,N/A,N/A,Lightning Bash IV,hammer,Upgrade,Tobi-Kadachi Hardclaw,1,Tobi-Kadachi Shard,2.0,Tobi-Kadachi Thickfur,2.0,Lightning Sac,1.0,hammer,False,100,100,40,50,60,50,0
867,2360,Usurper's Thunder,hammer,Lightning Bash IV,N/A,10,1248,0,N/A,False,Thunder,390.0,N/A,N/A,N/A,2,0,0,N/A,N/A,N/A,N/A,N/A,N/A,N/A,N/A,Usurper's Thunder,hammer,Upgrade,Zinogre Hardclaw,3,Zinogre Deathly Shocker,2.0,Zinogre Cortex,5.0,Lightning Sac,3.0,hammer,False,90,80,30,30,80,90,0
868,2361,Usurper's Thunder+,hammer,Usurper's Thunder,N/A,11,1300,0,N/A,False,Thunder,420.0,N/A,N/A,N/A,2,0,0,N/A,N/A,N/A,N/A,N/A,N/A,N/A,N/A,Usurper's Thunder+,hammer,Upgrade,Zinogre Hardhorn,3,Zinogre Electrofur+,4.0,Fulgurbug,5.0,Zinogre Skymerald,1.0,hammer,False,130,30,90,30,30,70,20
869,2362,Despot's Crackle,hammer,Usurper's Thunder+,N/A,12,1352,0,N/A,False,Thunder,450.0,N/A,N/A,N/A,2,0,0,N/A,N/A,N/A,N/A,N/A,N/A,N/A,N/A,Despot's Crackle,hammer,Upgrade,Spiritvein Solidbone,5,Zinogre Hardhorn,2.0,Zinogre Deathly Shocker,5.0,Large Elder Dragon Gem,1.0,hammer,False,120,30,90,30,30,80,20
870,379,Bone Bludgeon I,hammer,N/A,N/A,1,520,0,N/A,False,N/A,N/A,N/A,N/A,N/A,0,0,0,N/A,N/A,N/A,N/A,N/A,N/A,N/A,N/A,Bone Bludgeon I,hammer,Create,Monster Bone S,1,N/A,N/A,N/A,N/A,N/A,N/A,hammer,False,110,60,80,0,0,0,0
871,380,Bone Bludgeon II,hammer,Bone Bludgeon I,N/A,1,572,0,N/A,False,N/A,N/A,N/A,N/A,N/A,0,0,0,N/A,N/A,N/A,N/A,N/A,N/A,N/A,N/A,Bone Bludgeon II,hammer,Upgrade,Monster Bone S,2,N/A,N/A,N/A,N/A,N/A,N/A,hammer,False,90,60,80,20,0,0,0
872,381,Bone Bludgeon III,hammer,Bone Bludgeon II,N/A,2,624,0,N/A,False,N/A,N/A,N/A,N/A,N/A,0,0,0,N/A,N/A,N/A,N/A,N/A,N/A,N/A,N/A,Bone Bludgeon III,hammer,Upgrade,Monster Bone M,2,Ancient Bone,1.0,N/A,N/A,N/A,N/A,hammer,False,90,50,50,60,0,0,0
873,382,Fossil Bludgeon I,hammer,Bone Bludgeon III,N/A,3,728,0,N/A,False,N/A,N/A,N/A,N/A,N/A,0,0,0,N/A,N/A,N/A,N/A,N/A,N/A,N/A,N/A,Fossil Bludgeon I,hammer,Upgrade,Monster Bone L,1,Monster Bone M,5.0,Boulder Bone,2.0,N/A,N/A,hammer,False,130,70,30,70,0,0,0
874,383,Fossil Bludgeon II,hammer,Fossil Bludgeon I,N/A,4,780,0,N/A,False,N/A,N/A,N/A,N/A,N/A,0,0,0,N/A,N/A,N/A,N/A,N/A,N/A,N/A,N/A,Fossil Bludgeon II,hammer,Upgrade,Monster Bone+,2,Monster Bone L,1.0,Sturdy Bone,4.0,N/A,N/A,hammer,False,120,70,30,80,0,0,0
875,384,Fossil Bludgeon III,hammer,Fossil Bludgeon II,N/A,5,832,0,N/A,True,Thunder,360.0,N/A,N/A,N/A,2,0,0,N/A,N/A,N/A,N/A,N/A,N/A,N/A,N/A,Fossil Bludgeon III,hammer,Upgrade,Monster Keenbone,2,Monster Bone+,2.0,Quality Bone,2.0,N/A,N/A,hammer,False,110,70,30,100,40,0,0
876,385,Grandrock I,hammer,Fossil Bludgeon III,N/A,6,884,0,10.0,True,Thunder,390.0,N/A,N/A,N/A,2,0,0,N/A,N/A,N/A,N/A,N/A,N/A,N/A,N/A,Grandrock I,hammer,Upgrade,Monster Hardbone,4,Monster Keenbone,6.0,Quality Bone,10.0,N/A,N/A,hammer,False,110,100,40,40,60,0,0
877,386,Grandrock II,hammer,Grandrock I,N/A,6,988,0,10.0,True,Thunder,420.0,N/A,N/A,N/A,3,0,0,N/A,N/A,N/A,N/A,N/A,N/A,N/A,N/A,Grandrock II,hammer,Upgrade,Elder Dragon Bone,4,Monster Hardbone,6.0,Quality Bone,20.0,Dragonbone Relic,1.0,hammer,False,110,120,40,50,80,0,0
878,2363,Earth Ender I,hammer,Grandrock II,N/A,9,1196,0,35.0,True,Thunder,450.0,N/A,N/A,N/A,3,0,0,N/A,N/A,N/A,N/A,N/A,N/A,N/A,N/A,Earth Ender I,hammer,Create,Thick Bone,6,Quality Bone,8.0,Monster Toughbone,4.0,Dragonbone Artifact,1.0,hammer,False,110,100,40,50,50,50,0
879,2363,Earth Ender I,hammer,Grandrock II,N/A,9,1196,0,35.0,True,Thunder,450.0,N/A,N/A,N/A,3,0,0,N/A,N/A,N/A,N/A,N/A,N/A,N/A,N/A,Earth Ender I,hammer,Upgrade,Thick Bone,2,Quality Bone,4.0,Monster Hardbone,4.0,Frozen Bone,1.0,hammer,False,110,100,40,50,50,50,0
880,2364,Earth Ender II,hammer,Earth Ender I,N/A,10,1300,0,35.0,True,Thunder,450.0,N/A,N/A,N/A,3,0,0,N/A,N/A,N/A,N/A,N/A,N/A,N/A,N/A,Earth Ender II,hammer,Upgrade,Monster Solidbone,2,Monster Slogbone,3.0,Thick Bone,4.0,Monster Essence,2.0,hammer,False,100,100,40,50,60,50,0
881,2365,Earth Ender III,hammer,Earth Ender II,N/A,11,1456,0,35.0,True,Thunder,450.0,N/A,N/A,N/A,3,0,0,N/A,N/A,N/A,N/A,N/A,N/A,N/A,N/A,Earth Ender III,hammer,Upgrade,Large Elder Dragon Bone,3,Monster Solidbone,4.0,Thick Bone,6.0,Dragonbone Artifact,1.0,hammer,False,90,100,40,50,70,50,0
882,2366,Iceshaker,hammer,Earth Ender II,N/A,11,1352,0,N/A,False,Ice,300.0,N/A,N/A,N/A,4,0,0,N/A,N/A,N/A,N/A,N/A,N/A,N/A,N/A,Iceshaker,hammer,Upgrade,Crystal Shard,5,Velkhana Hardclaw,3.0,Velkhana Lash,1.0,Purecrystal,1.0,hammer,False,150,30,30,60,50,30,50
883,2367,Victorious Northlein,hammer,Iceshaker,N/A,12,1404,0,N/A,False,Ice,330.0,N/A,N/A,N/A,4,0,0,N/A,N/A,N/A,N/A,N/A,N/A,N/A,N/A,Victorious Northlein,hammer,Upgrade,Shara Ishvalda Tenderclaw,3,Velkhana Crownhorn,4.0,Velkhana Hardclaw,4.0,Velkhana Crystal,1.0,hammer,False,140,30,30,60,50,40,50
884,387,Hazak Vlafos,hammer,Grandrock I,N/A,7,988,0,N/A,False,Dragon,210.0,N/A,N/A,average,2,0,0,N/A,N/A,N/A,N/A,N/A,N/A,N/A,N/A,Hazak Vlafos,hammer,Upgrade,Vaal Hazak Talon,4,Vaal Hazak Fang+,5.0,Deceased Scale,6.0,Vaal Hazak Membrane,4.0,hammer,False,140,110,40,40,50,20,0
885,388,Pandemonium's Root,hammer,Hazak Vlafos,N/A,8,1040,0,N/A,False,Dragon,270.0,N/A,N/A,average,2,0,0,N/A,N/A,N/A,N/A,N/A,N/A,N/A,N/A,Pandemonium's Root,hammer,Upgrade,Xeno'jiiva Veil,3,Vaal Hazak Talon,6.0,Vaal Hazak Tail,2.0,Vaal Hazak Gem,1.0,hammer,False,200,70,20,20,50,40,0
886,2368,Pandemonium's Wrath,hammer,Pandemonium's Root,N/A,11,1248,0,N/A,False,Dragon,420.0,N/A,N/A,average,2,2,0,N/A,N/A,N/A,N/A,N/A,N/A,N/A,N/A,Pandemonium's Wrath,hammer,Upgrade,Vaal Hazak Hardclaw,3,Shadowpierce Fang,2.0,Deceased Shard,5.0,Deathweaver Membrane,3.0,hammer,False,80,80,30,30,80,100,0
887,2369,Pandemonium Unleashed,hammer,Pandemonium's Wrath,N/A,12,1352,0,N/A,False,Dragon,510.0,N/A,N/A,average,2,2,0,N/A,N/A,N/A,N/A,N/A,N/A,N/A,N/A,Pandemonium Unleashed,hammer,Upgrade,Shara Ishvalda Tenderclaw,3,Vaal Hazak Hardclaw,6.0,Vaal Hazak Flail,1.0,Large Elder Dragon Gem,1.0,hammer,False,70,80,30,30,80,110,0
888,389,Bone Spike I,hammer,Bone Bludgeon III,N/A,3,676,0,15.0,False,Sleep,150.0,N/A,N/A,N/A,0,0,0,N/A,N/A,N/A,N/A,N/A,N/A,N/A,N/A,Bone Spike I,hammer,Upgrade,Wyvern Bonemass,2,Radobaan Scale,4.0,Sleep Sac,2.0,N/A,N/A,hammer,False,120,70,30,80,0,0,0
889,390,Bone Spike II,hammer,Bone Spike I,N/A,4,728,0,15.0,False,Sleep,180.0,N/A,N/A,N/A,0,0,0,N/A,N/A,N/A,N/A,N/A,N/A,N/A,N/A,Bone Spike II,hammer,Upgrade,Monster Bone+,3,Wyvern Bonemass,3.0,Radobaan Oilshell,2.0,Radobaan Marrow,1.0,hammer,False,110,70,30,90,0,0,0
890,391,Baan Strike I,hammer,Bone Spike II,N/A,5,780,0,20.0,False,Sleep,210.0,N/A,N/A,N/A,0,0,0,N/A,N/A,N/A,N/A,N/A,N/A,N/A,N/A,Baan Strike I,hammer,Create,Radobaan Carapace,4,Radobaan Oilshell,4.0,Radobaan Medulla,2.0,Wyvern Gem,1.0,hammer,False,110,100,40,40,60,0,0
891,391,Baan Strike I,hammer,Bone Spike II,N/A,5,780,0,20.0,False,Sleep,210.0,N/A,N/A,N/A,0,0,0,N/A,N/A,N/A,N/A,N/A,N/A,N/A,N/A,Baan Strike I,hammer,Upgrade,Radobaan Carapace,4,Radobaan Oilshell,3.0,Coma Sac,2.0,Monster Keenbone,3.0,hammer,False,110,100,40,40,60,0,0
892,392,Baan Strike II,hammer,Baan Strike I,N/A,6,884,0,20.0,False,Sleep,240.0,N/A,N/A,N/A,0,0,0,N/A,N/A,N/A,N/A,N/A,N/A,N/A,N/A,Baan Strike II,hammer,Upgrade,Monster Hardbone,5,Radobaan Scale+,8.0,Coma Sac,3.0,Radobaan Medulla,1.0,hammer,False,100,100,40,40,70,0,0
893,393,Baan Strike III,hammer,Baan Strike II,N/A,6,988,0,20.0,False,Sleep,270.0,N/A,N/A,N/A,0,0,0,N/A,N/A,N/A,N/A,N/A,N/A,N/A,N/A,Baan Strike III,hammer,Upgrade,Elder Dragon Bone,5,Radobaan Carapace,6.0,Coma Sac,4.0,Wyvern Gem,1.0,hammer,False,110,120,40,50,80,0,0
894,2370,Baan Gavel I,hammer,Baan Strike III,N/A,9,1196,0,35.0,False,Sleep,300.0,N/A,N/A,N/A,0,0,0,N/A,N/A,N/A,N/A,N/A,N/A,N/A,N/A,Baan Gavel I,hammer,Upgrade,Radobaan Cortex,2,Radobaan Shard,2.0,Torpor Sac,1.0,Monster Toughbone,3.0,hammer,False,110,30,30,110,40,80,0
895,2371,Baan Gavel II,hammer,Baan Gavel I,N/A,10,1300,0,35.0,False,Sleep,330.0,N/A,N/A,N/A,0,0,0,N/A,N/A,N/A,N/A,N/A,N/A,N/A,N/A,Baan Gavel II,hammer,Upgrade,Monster Solidbone,3,Large Wyvern Bonemass,3.0,Radobaan Oilshell+,2.0,Thick Bone,5.0,hammer,False,110,30,30,110,40,80,0
896,2372,Striped Striker,hammer,Baan Gavel I,N/A,10,1300,-20,N/A,True,Blast,270.0,N/A,N/A,N/A,0,0,0,N/A,N/A,N/A,N/A,N/A,N/A,N/A,N/A,Striped Striker,hammer,Upgrade,Tigrex Hardclaw,3,Tigrex Shard,4.0,Monster Slogbone,3.0,Thick Bone,5.0,hammer,False,80,30,30,110,40,110,0
897,2373,Striped Striker+,hammer,Striped Striker,N/A,10,1404,-20,N/A,True,Blast,300.0,N/A,N/A,N/A,0,0,0,N/A,N/A,N/A,N/A,N/A,N/A,N/A,N/A,Striped Striker+,hammer,Upgrade,Blackcurl Stouthorn,2,Tigrex Hardfang,4.0,Tigrex Lash,1.0,Tigrex Mantle,1.0,hammer,False,70,30,30,110,40,120,0
898,2374,Tigrex Hammer,hammer,Striped Striker+,N/A,11,1456,-20,N/A,True,Blast,330.0,N/A,N/A,N/A,0,0,0,N/A,N/A,N/A,N/A,N/A,N/A,N/A,N/A,Tigrex Hammer,hammer,Upgrade,Daora Hardclaw,2,Tigrex Hardfang,2.0,Tigrex Cortex,4.0,Pure Dragon Blood,5.0,hammer,False,60,30,30,110,40,130,0
899,394,Brazenbreak I,hammer,Baan Strike I,N/A,6,988,0,30.0,False,Fire,120.0,N/A,N/A,N/A,3,0,0,N/A,N/A,N/A,N/A,N/A,N/A,N/A,N/A,Brazenbreak I,hammer,Upgrade,Uragaan Jaw,1,Uragaan Scale+,6.0,Uragaan Carapace,4.0,Uragaan Marrow,1.0,hammer,False,110,100,40,40,60,0,0
900,395,Brazenbreak II,hammer,Brazenbreak I,N/A,7,1092,0,30.0,False,Fire,120.0,N/A,N/A,N/A,3,0,0,N/A,N/A,N/A,N/A,N/A,N/A,N/A,N/A,Brazenbreak II,hammer,Upgrade,Teostra Carapace,4,Uragaan Jaw,2.0,Uragaan Scute,4.0,Uragaan Ruby,1.0,hammer,False,120,120,40,50,70,0,0
901,2375,Uragaan Hammer I,hammer,Brazenbreak II,N/A,10,1300,0,35.0,False,Fire,210.0,N/A,N/A,N/A,4,0,0,N/A,N/A,N/A,N/A,N/A,N/A,N/A,N/A,Uragaan Hammer I,hammer,Upgrade,Uragaan Jaw+,1,Uragaan Shard,3.0,Uragaan Cortex,2.0,Meldspar Ore,2.0,hammer,False,110,50,50,80,110,0,0
902,2376,Uragaan Hammer II,hammer,Uragaan Hammer I,N/A,10,1508,0,35.0,False,Fire,240.0,N/A,N/A,N/A,4,0,0,N/A,N/A,N/A,N/A,N/A,N/A,N/A,N/A,Uragaan Hammer II,hammer,Upgrade,Acidic Glavenus Hardfang,2,Uragaan Jaw+,1.0,Uragaan Scute+,2.0,Uragaan Pallium,1.0,hammer,False,100,50,50,80,120,0,0
903,2377,Scorching Isshata,hammer,Brazenbreak II,N/A,10,1144,0,N/A,False,Fire,240.0,N/A,N/A,N/A,1,0,0,N/A,N/A,N/A,N/A,N/A,N/A,N/A,N/A,Scorching Isshata,hammer,Upgrade,Glavenus Hardfang,2,Glavenus Shard,4.0,Molten Bursa,2.0,Eltalite Ore,6.0,hammer,False,100,30,30,110,40,90,0
904,2378,Scorching Isshata+,hammer,Scorching Isshata,N/A,10,1248,0,N/A,False,Fire,270.0,N/A,N/A,N/A,1,0,0,N/A,N/A,N/A,N/A,N/A,N/A,N/A,N/A,Scorching Isshata+,hammer,Upgrade,Ebony Odogaron Hardfang,3,Glavenus Hellshell,4.0,Glavenus Tailedge,1.0,Glavenus Mantle,1.0,hammer,False,120,30,30,60,50,80,30
905,2379,Glavenus's Uruga,hammer,Scorching Isshata+,N/A,11,1352,0,N/A,False,Fire,330.0,N/A,N/A,N/A,1,0,0,N/A,N/A,N/A,N/A,N/A,N/A,N/A,N/A,Glavenus's Uruga,hammer,Upgrade,Fire Dragon Hardclaw,2,Glavenus Hardfang,5.0,Glavenus Hellshell,4.0,Pure Dragon Blood,3.0,hammer,False,120,30,30,60,50,80,30
906,396,Kulu Beak I,hammer,Bone Bludgeon II,N/A,2,624,15,N/A,False,N/A,N/A,N/A,N/A,N/A,0,0,0,N/A,N/A,N/A,N/A,N/A,N/A,N/A,N/A,Kulu Beak I,hammer,Upgrade,Kulu-Ya-Ku Beak,1,Kulu-Ya-Ku Hide,2.0,Kulu-Ya-Ku Scale,3.0,N/A,N/A,hammer,False,60,70,30,90,0,0,0
907,397,Kulu Beak II,hammer,Kulu Beak I,N/A,3,676,15,N/A,False,N/A,N/A,N/A,N/A,N/A,0,0,0,N/A,N/A,N/A,N/A,N/A,N/A,N/A,N/A,Kulu Beak II,hammer,Upgrade,Radobaan Scale,3,Kulu-Ya-Ku Beak,2.0,Kulu-Ya-Ku Plume,2.0,Boulder Bone,3.0,hammer,False,110,70,30,90,0,0,0
908,398,Kulu Beak III,hammer,Kulu Beak II,N/A,4,728,15,N/A,False,N/A,N/A,N/A,N/A,N/A,0,0,0,N/A,N/A,N/A,N/A,N/A,N/A,N/A,N/A,Kulu Beak III,hammer,Upgrade,Odogaron Claw,2,Kulu-Ya-Ku Beak,2.0,Kulu-Ya-Ku Plume,4.0,Warped Bone,3.0,hammer,False,100,70,30,100,0,0,0
909,399,Crushing Beak I,hammer,Kulu Beak III,N/A,5,780,25,N/A,True,Sleep,240.0,N/A,N/A,N/A,0,0,0,N/A,N/A,N/A,N/A,N/A,N/A,N/A,N/A,Crushing Beak I,hammer,Upgrade,Kulu-Ya-Ku Beak+,3,Kulu-Ya-Ku Hide+,4.0,Kulu-Ya-Ku Scale+,6.0,N/A,N/A,hammer,False,140,70,30,100,10,0,0
910,400,Crushing Beak II,hammer,Crushing Beak I,N/A,6,832,25,N/A,True,Sleep,300.0,N/A,N/A,N/A,0,0,0,N/A,N/A,N/A,N/A,N/A,N/A,N/A,N/A,Crushing Beak II,hammer,Upgrade,Odogaron Claw+,2,Kulu-Ya-Ku Beak+,4.0,Kulu-Ya-Ku Plume+,3.0,Brutal Bone,3.0,hammer,False,130,70,30,100,20,0,0
911,401,Crushing Beak III,hammer,Crushing Beak II,N/A,6,884,25,N/A,True,Sleep,360.0,N/A,N/A,N/A,0,0,0,N/A,N/A,N/A,N/A,N/A,N/A,N/A,N/A,Crushing Beak III,hammer,Upgrade,Nergigante Talon,2,Kulu-Ya-Ku Beak+,5.0,Kulu-Ya-Ku Plume+,4.0,Bird Wyvern Gem,1.0,hammer,False,120,110,40,40,70,20,0
912,2380,Makhlab al-Nasr I,hammer,Crushing Beak III,N/A,9,1092,25,N/A,True,Sleep,390.0,N/A,N/A,N/A,0,0,0,N/A,N/A,N/A,N/A,N/A,N/A,N/A,N/A,Makhlab al-Nasr I,hammer,Create,Large Kulu-Ya-Ku Beak,2,Kulu-Ya-Ku Thickhide,4.0,Kulu-Ya-Ku Shard,5.0,Fey Wyvern Gem,1.0,hammer,False,110,30,30,110,40,80,0
913,2380,Makhlab al-Nasr I,hammer,Crushing Beak III,N/A,9,1092,25,N/A,True,Sleep,390.0,N/A,N/A,N/A,0,0,0,N/A,N/A,N/A,N/A,N/A,N/A,N/A,N/A,Makhlab al-Nasr I,hammer,Upgrade,Large Kulu-Ya-Ku Beak,1,Kulu-Ya-Ku Thickhide,2.0,Kulu-Ya-Ku Shard,3.0,Thick Bone,2.0,hammer,False,110,30,30,110,40,80,0
914,2381,Makhlab al-Nasr II,hammer,Makhlab al-Nasr I,N/A,10,1352,25,N/A,True,Sleep,420.0,N/A,N/A,N/A,0,0,0,N/A,N/A,N/A,N/A,N/A,N/A,N/A,N/A,Makhlab al-Nasr II,hammer,Upgrade,Nargacuga Hardfang,2,Large Kulu-Ya-Ku Beak,2.0,Large Kulu-Ya-Ku Plume,3.0,Monster Slogbone,3.0,hammer,False,110,30,30,110,40,80,0
915,2382,Mammoth Hoof I,hammer,Makhlab al-Nasr I,N/A,9,1248,0,N/A,True,Ice,330.0,N/A,N/A,N/A,4,0,0,N/A,N/A,N/A,N/A,N/A,N/A,N/A,N/A,Mammoth Hoof I,hammer,Upgrade,Banbaro Great Horn,1,Banbaro Cortex,2.0,Banbaro Chine,2.0,Monster Toughbone,3.0,hammer,False,90,100,40,40,130,0,0
916,2383,Mammoth Hoof II,hammer,Mammoth Hoof I,N/A,10,1456,0,N/A,True,Ice,360.0,N/A,N/A,N/A,4,0,0,N/A,N/A,N/A,N/A,N/A,N/A,N/A,N/A,Mammoth Hoof II,hammer,Upgrade,Monster Solidbone,4,Banbaro Great Horn,4.0,Banbaro Lash,1.0,Dragonbone Artifact,1.0,hammer,False,90,100,40,40,130,0,0
917,2384,Blackwing Deathblow I,hammer,Mammoth Hoof I,N/A,10,1352,20,N/A,False,Poison,210.0,N/A,N/A,N/A,3,0,0,N/A,N/A,N/A,N/A,N/A,N/A,N/A,N/A,Blackwing Deathblow I,hammer,Upgrade,Garuga Shard,3,Garuga Silverpelt,4.0,Garuga Auricle,2.0,Fey Wyvern Gem,1.0,hammer,False,140,30,90,30,30,60,20
918,2385,Blackwing Deathblow II,hammer,Blackwing Deathblow I,N/A,11,1404,25,N/A,False,Poison,240.0,N/A,N/A,N/A,3,0,0,N/A,N/A,N/A,N/A,N/A,N/A,N/A,N/A,Blackwing Deathblow II,hammer,Upgrade,Scratched Shell,3,Garuga Fellwing,2.0,Fancy Beak,3.0,Large Wyvern Gem,1.0,hammer,False,140,30,90,30,30,60,20
919,402,Diablos Sledge I,hammer,Kulu Beak II,N/A,4,884,-25,10.0,False,N/A,N/A,N/A,N/A,N/A,0,0,0,N/A,N/A,N/A,N/A,N/A,N/A,N/A,N/A,Diablos Sledge I,hammer,Upgrade,Twisted Horn,1,Diablos Fang,2.0,Diablos Shell,4.0,Monster Bone+,3.0,hammer,False,90,70,30,110,0,0,0
920,403,Diablos Sledge II,hammer,Diablos Sledge I,N/A,5,988,-25,10.0,True,Ice,150.0,N/A,N/A,N/A,1,0,0,N/A,N/A,N/A,N/A,N/A,N/A,N/A,N/A,Diablos Sledge II,hammer,Upgrade,Monster Keenbone,4,Diablos Ridge,4.0,Diablos Tailcase,2.0,Diablos Marrow,1.0,hammer,False,130,70,30,100,20,0,0
921,404,Diablos Shatterer I,hammer,Diablos Sledge II,N/A,6,1092,-25,15.0,True,Ice,150.0,N/A,N/A,N/A,2,0,0,N/A,N/A,N/A,N/A,N/A,N/A,N/A,N/A,Diablos Shatterer I,hammer,Create,Diablos Cortex,3,Dragonbone Artifact,1.0,Majestic Horn,3.0,Wyvern Gem,1.0,hammer,False,120,70,30,100,30,0,0
922,404,Diablos Shatterer I,hammer,Diablos Sledge II,N/A,6,1092,-25,15.0,True,Ice,150.0,N/A,N/A,N/A,2,0,0,N/A,N/A,N/A,N/A,N/A,N/A,N/A,N/A,Diablos Shatterer I,hammer,Upgrade,Majestic Horn,3,Diablos Carapace,6.0,Diablos Ridge+,5.0,Blos Medulla,1.0,hammer,False,120,70,30,100,30,0,0
923,405,Diablos Shatterer II,hammer,Diablos Shatterer I,N/A,7,1196,-25,15.0,True,Ice,150.0,N/A,N/A,N/A,2,0,0,N/A,N/A,N/A,N/A,N/A,N/A,N/A,N/A,Diablos Shatterer II,hammer,Upgrade,Nergigante Horn+,2,Black Spiral Horn+,3.0,Black Diablos Carapace,4.0,Wyvern Gem,1.0,hammer,False,100,50,60,120,50,20,0
924,2386,Diablos Shatterer III,hammer,Diablos Shatterer II,N/A,10,1352,-25,35.0,True,Ice,210.0,N/A,N/A,N/A,2,0,0,N/A,N/A,N/A,N/A,N/A,N/A,N/A,N/A,Diablos Shatterer III,hammer,Upgrade,Twisted Stouthorn,3,Diablos Cortex,6.0,Diablos Chine,5.0,Monster Slogbone,3.0,hammer,False,90,100,40,50,70,50,0
925,2387,Chaos Shatterer,hammer,Diablos Shatterer III,N/A,10,1508,-25,35.0,True,Ice,240.0,N/A,N/A,N/A,2,2,0,N/A,N/A,N/A,N/A,N/A,N/A,N/A,N/A,Chaos Shatterer,hammer,Upgrade,Blackcurl Stouthorn,3,Black Diablos Cortex,3.0,Monster Solidbone,3.0,Large Wyvern Gem,1.0,hammer,False,70,50,90,70,70,40,10
926,2388,Sulfurteinn Alcan,hammer,Diablos Shatterer III,N/A,10,1404,0,N/A,True,Paralysis,300.0,N/A,N/A,N/A,4,0,0,N/A,N/A,N/A,N/A,N/A,N/A,N/A,N/A,Sulfurteinn Alcan,hammer,Upgrade,Acidic Glavenus Hardfang,3,Acidic Glavenus Spineshell,3.0,Acidic Glavenus Tailedge,1.0,Honed Acidcryst,4.0,hammer,False,160,100,30,30,50,30,0
927,2389,The Grinding Mallet,hammer,Sulfurteinn Alcan,N/A,11,1508,0,N/A,True,Paralysis,330.0,N/A,N/A,N/A,4,0,0,N/A,N/A,N/A,N/A,N/A,N/A,N/A,N/A,The Grinding Mallet,hammer,Upgrade,Vaal Hazak Hardclaw,2,Acidic Glavenus Hardfang,4.0,Acidic Glavenus Spineshell,3.0,Glavenus Mantle,1.0,hammer,False,60,50,110,90,60,20,10
928,406,Carapace Sledge I,hammer,Bone Bludgeon II,N/A,2,676,-10,10.0,False,N/A,N/A,N/A,N/A,N/A,0,0,0,N/A,N/A,N/A,N/A,N/A,N/A,N/A,N/A,Carapace Sledge I,hammer,Upgrade,Barroth Claw,1,Barroth Shell,3.0,Barroth Ridge,2.0,N/A,N/A,hammer,False,70,50,50,80,0,0,0
929,407,Carapace Sledge II,hammer,Carapace Sledge I,N/A,3,728,-10,10.0,False,N/A,N/A,N/A,N/A,N/A,0,0,0,N/A,N/A,N/A,N/A,N/A,N/A,N/A,N/A,Carapace Sledge II,hammer,Upgrade,Dragonite Ore,3,Barroth Claw,2.0,Barroth Tail,1.0,Kestodon Shell,3.0,hammer,False,110,70,30,90,0,0,0
930,408,Carapace Sledge III,hammer,Carapace Sledge II,N/A,4,832,-10,10.0,False,N/A,N/A,N/A,N/A,N/A,0,0,0,N/A,N/A,N/A,N/A,N/A,N/A,N/A,N/A,Carapace Sledge III,hammer,Upgrade,Diablos Shell,3,Barroth Claw,4.0,Barroth Scalp,2.0,Monster Bone+,3.0,hammer,False,100,70,30,100,0,0,0
931,409,Barroth Breaker I,hammer,Carapace Sledge III,N/A,5,936,-10,15.0,True,Paralysis,270.0,N/A,N/A,N/A,1,0,0,N/A,N/A,N/A,N/A,N/A,N/A,N/A,N/A,Barroth Breaker I,hammer,Create,Barroth Cortex,3,Barroth Crown,1.0,Barroth Carapace,3.0,Dragonbone Relic,1.0,hammer,False,130,70,30,100,20,0,0
932,409,Barroth Breaker I,hammer,Carapace Sledge III,N/A,5,936,-10,15.0,True,Paralysis,270.0,N/A,N/A,N/A,1,0,0,N/A,N/A,N/A,N/A,N/A,N/A,N/A,N/A,Barroth Breaker I,hammer,Upgrade,Barroth Claw+,2,Barroth Carapace,3.0,Barroth Ridge+,2.0,Kestodon Carapace,5.0,hammer,False,130,70,30,100,20,0,0
933,410,Barroth Breaker II,hammer,Barroth Breaker I,N/A,6,988,-10,15.0,True,Paralysis,330.0,N/A,N/A,N/A,1,1,0,N/A,N/A,N/A,N/A,N/A,N/A,N/A,N/A,Barroth Breaker II,hammer,Upgrade,Diablos Carapace,3,Barroth Claw+,4.0,Barroth Carapace,3.0,Gastodon Carapace,5.0,hammer,False,110,70,30,100,40,0,0
934,411,Barroth Breaker III,hammer,Barroth Breaker II,N/A,6,1040,-10,15.0,True,Paralysis,390.0,N/A,N/A,N/A,2,1,0,N/A,N/A,N/A,N/A,N/A,N/A,N/A,N/A,Barroth Breaker III,hammer,Upgrade,Nergigante Horn+,1,Barroth Claw+,5.0,Barroth Ridge+,5.0,Wyvern Gem,1.0,hammer,False,110,120,40,50,80,0,0
935,2390,Barroth Crusher I,hammer,Barroth Breaker III,N/A,9,1248,-10,25.0,True,Paralysis,420.0,N/A,N/A,N/A,2,2,0,N/A,N/A,N/A,N/A,N/A,N/A,N/A,N/A,Barroth Crusher I,hammer,Upgrade,Barroth Hardclaw,1,Barroth Cortex,2.0,Barroth Chine,2.0,Kestodon Husk,2.0,hammer,False,130,100,30,30,80,30,0
936,2391,Barroth Crusher II,hammer,Barroth Crusher I,N/A,10,1404,-10,25.0,True,Paralysis,450.0,N/A,N/A,N/A,2,2,0,N/A,N/A,N/A,N/A,N/A,N/A,N/A,N/A,Barroth Crusher II,hammer,Upgrade,Diablos Cortex,2,Barroth Hardclaw,2.0,Barroth Crown,1.0,Monster Slogbone,3.0,hammer,False,70,60,60,100,80,30,0
937,2392,Dios Tailhammer,hammer,Barroth Crusher I,N/A,10,1248,0,N/A,False,Blast,300.0,N/A,N/A,N/A,0,0,0,N/A,N/A,N/A,N/A,N/A,N/A,N/A,N/A,Dios Tailhammer,hammer,Upgrade,Brachydios Crown,2,Brachydios Cortex,4.0,Glowing Slime,3.0,Meldspar Ore,3.0,hammer,False,100,100,40,50,60,50,0
938,2393,Brachy Tailhammer,hammer,Dios Tailhammer,N/A,11,1352,0,N/A,False,Blast,510.0,N/A,N/A,N/A,1,0,0,N/A,N/A,N/A,N/A,N/A,N/A,N/A,N/A,Brachy Tailhammer,hammer,Upgrade,Distilled Blast Fluid,3,Brachydios Crown,3.0,Fine Brachydios Ebonshell,4.0,Brachydios Pallium,1.0,hammer,False,90,30,30,110,40,100,0
939,412,Blazing Hammer I,hammer,Carapace Sledge I,N/A,3,780,-20,N/A,False,Fire,210.0,N/A,N/A,N/A,0,0,0,N/A,N/A,N/A,N/A,N/A,N/A,N/A,N/A,Blazing Hammer I,hammer,Upgrade,Anjanath Fang,2,Anjanath Scale,3.0,Flame Sac,1.0,N/A,N/A,hammer,False,120,70,30,80,0,0,0
940,413,Blazing Hammer II,hammer,Blazing Hammer I,N/A,4,832,-20,N/A,False,Fire,270.0,N/A,N/A,N/A,0,0,0,N/A,N/A,N/A,N/A,N/A,N/A,N/A,N/A,Blazing Hammer II,hammer,Upgrade,Rathalos Marrow,1,Anjanath Fang,4.0,Anjanath Nosebone,1.0,Anjanath Tail,1.0,hammer,False,110,70,30,90,0,0,0
941,414,Anja Striker I,hammer,Blazing Hammer II,N/A,5,884,-20,N/A,False,Fire,330.0,N/A,N/A,N/A,0,0,0,N/A,N/A,N/A,N/A,N/A,N/A,N/A,N/A,Anja Striker I,hammer,Upgrade,Anjanath Fang+,4,Anjanath Scale+,5.0,Inferno Sac,3.0,Anjanath Plate,1.0,hammer,False,110,60,80,80,20,0,0
942,415,Anja Striker II,hammer,Anja Striker I,N/A,6,988,-20,N/A,False,Fire,360.0,N/A,N/A,N/A,0,0,0,N/A,N/A,N/A,N/A,N/A,N/A,N/A,N/A,Anja Striker II,hammer,Upgrade,Rathalos Medulla,2,Anjanath Fang+,5.0,Anjanath Pelt+,4.0,Firecell Stone,1.0,hammer,False,110,100,40,40,60,0,0
943,416,Anja Striker III,hammer,Anja Striker II,N/A,6,1092,-20,N/A,False,Fire,450.0,N/A,N/A,N/A,0,0,0,N/A,N/A,N/A,N/A,N/A,N/A,N/A,N/A,Anja Striker III,hammer,Upgrade,Teostra Mane,2,Anjanath Fang+,6.0,Anjanath Nosebone+,2.0,Anjanath Gem,1.0,hammer,False,120,120,40,50,70,0,0
944,2394,Anja Fiercemaul I,hammer,Anja Striker III,N/A,9,1196,-20,N/A,False,Fire,480.0,N/A,N/A,N/A,0,0,0,N/A,N/A,N/A,N/A,N/A,N/A,N/A,N/A,Anja Fiercemaul I,hammer,Create,Anjanath Hardfang,2,Anjanath Lash,2.0,Anjanath Shard,6.0,Anjanath Mantle,1.0,hammer,False,80,100,40,50,80,50,0
945,2394,Anja Fiercemaul I,hammer,Anja Striker III,N/A,9,1196,-20,N/A,False,Fire,480.0,N/A,N/A,N/A,0,0,0,N/A,N/A,N/A,N/A,N/A,N/A,N/A,N/A,Anja Fiercemaul I,hammer,Upgrade,Anjanath Hardfang,1,Anjanath Shard,2.0,Conflagrant Sac,1.0,Eltalite Ore,3.0,hammer,False,80,100,40,50,80,50,0
946,2395,Anja Fiercemaul II,hammer,Anja Fiercemaul I,N/A,10,1404,-20,N/A,False,Fire,600.0,N/A,N/A,N/A,0,0,0,N/A,N/A,N/A,N/A,N/A,N/A,N/A,N/A,Anja Fiercemaul II,hammer,Upgrade,Azure Rathalos Cortex,2,Anjanath Fur,3.0,Heavy Anjanath Nosebone,2.0,Anjanath Lash,1.0,hammer,False,80,100,40,50,80,50,0
947,2396,Grinding Fulgur I,hammer,Anja Fiercemaul I,N/A,10,1248,10,N/A,False,Thunder,300.0,N/A,N/A,N/A,0,0,0,N/A,N/A,N/A,N/A,N/A,N/A,N/A,N/A,Grinding Fulgur I,hammer,Upgrade,Fulgur Anjanath Hardfang,1,Fulgur Anjanath Shard,2.0,Monster Solidbone,3.0,Meldspar Ore,2.0,hammer,False,80,100,40,50,80,50,0
948,2397,Grinding Fulgur II,hammer,Grinding Fulgur I,N/A,10,1300,20,N/A,False,Thunder,330.0,N/A,N/A,N/A,1,0,0,N/A,N/A,N/A,N/A,N/A,N/A,N/A,N/A,Grinding Fulgur II,hammer,Upgrade,Fulgur Anjanath Thickfur,3,Heavy Fulgur Anjanath Nosebone,2.0,Fulgur Anjanath Lash,1.0,Lightning Sac,3.0,hammer,False,80,100,40,50,80,50,0
949,417,Dragonbone Basher I,hammer,N/A,N/A,3,520,0,N/A,False,Dragon,300.0,N/A,N/A,low,0,0,0,N/A,N/A,N/A,N/A,N/A,N/A,N/A,N/A,Dragonbone Basher I,hammer,Create,Warped Bone,5,Coral Bone,5.0,Boulder Bone,5.0,Ancient Bone,5.0,hammer,False,110,70,30,90,0,0,0
950,418,Dragonbone Basher II,hammer,Dragonbone Basher I,N/A,4,572,0,N/A,False,Dragon,360.0,N/A,N/A,low,0,0,0,N/A,N/A,N/A,N/A,N/A,N/A,N/A,N/A,Dragonbone Basher II,hammer,Upgrade,Monster Bone+,6,Monster Bone L,8.0,Sturdy Bone,8.0,N/A,N/A,hammer,False,70,70,30,130,0,0,0
951,419,Dragonbone Basher III,hammer,Dragonbone Basher II,N/A,6,832,0,N/A,False,Dragon,420.0,N/A,N/A,low,1,0,0,N/A,N/A,N/A,N/A,N/A,N/A,N/A,N/A,Dragonbone Basher III,hammer,Upgrade,Elder Dragon Bone,10,Brutal Bone,4.0,Dragonbone Relic,2.0,Wyvern Gem,1.0,hammer,False,120,110,40,40,70,20,0
952,2398,Dragonseal Basher I,hammer,Dragonbone Basher III,N/A,10,1092,0,N/A,False,Dragon,540.0,N/A,N/A,average,1,1,0,N/A,N/A,N/A,N/A,N/A,N/A,N/A,N/A,Dragonseal Basher I,hammer,Upgrade,Monster Solidbone,3,Monster Slogbone,4.0,Thick Bone,6.0,Dragonbone Artifact,1.0,hammer,False,130,100,30,30,80,30,0
953,2399,Dragonseal Hammer II,hammer,Dragonseal Basher I,N/A,11,1248,0,N/A,False,Dragon,660.0,N/A,N/A,average,1,1,0,N/A,N/A,N/A,N/A,N/A,N/A,N/A,N/A,Dragonseal Hammer II,hammer,Upgrade,Large Elder Dragon Bone,6,Monster Solidbone,4.0,Lavasioth Grandfin,2.0,Large Wyvern Gem,1.0,hammer,False,70,60,60,100,80,30,0
954,2400,Dawning Tranquility,hammer,Dragonseal Basher I,N/A,12,1456,0,30.0,True,Dragon,480.0,N/A,N/A,high,1,1,0,N/A,N/A,N/A,N/A,N/A,N/A,N/A,N/A,Dawning Tranquility,hammer,Upgrade,Shara Ishvalda Tenderclaw,4,Shara Ishvalda Tenderscale,6.0,Shara Ishvalda Tenderplate,2.0,Shara Ishvalda Gem,1.0,hammer,False,170,30,30,60,50,30,30
955,420,Magda Floga,hammer,Dragonbone Basher I,N/A,5,832,-20,20.0,False,Blast,330.0,N/A,N/A,N/A,2,0,0,N/A,N/A,N/A,N/A,N/A,N/A,N/A,N/A,Magda Floga,hammer,Upgrade,Zorah Magdaros Heat Scale,4,Zorah Magdaros Carapace,8.0,Zorah Magdaros Magma,4.0,Zorah Magdaros Gem,1.0,hammer,False,110,50,80,100,10,0,0
956,421,Ragefire Magda Floga,hammer,Magda Floga,N/A,8,1144,-20,20.0,False,Blast,420.0,N/A,N/A,N/A,2,0,0,N/A,N/A,N/A,N/A,N/A,N/A,N/A,N/A,Ragefire Magda Floga,hammer,Upgrade,Xeno'jiiva Shell,4,Zorah Magdaros Ridge,2.0,Zorah Magdaros Pleura,2.0,Firecell Stone,3.0,hammer,False,190,30,60,80,40,0,0
957,2401,Magda Floga Reforged,hammer,Ragefire Magda Floga,N/A,11,1456,-20,45.0,False,Blast,450.0,N/A,N/A,N/A,2,0,0,N/A,N/A,N/A,N/A,N/A,N/A,N/A,N/A,Magda Floga Reforged,hammer,Upgrade,Elder Dragonvein Bone,3,Dragonvein Solidbone,5.0,Heavy Dragonvein Bone,6.0,Large Elder Dragon Gem,1.0,hammer,False,140,40,40,70,70,20,20
958,422,Blacksteel Hammer I,hammer,N/A,N/A,5,520,0,N/A,False,Dragon,120.0,N/A,N/A,low,0,0,0,N/A,N/A,N/A,N/A,N/A,N/A,N/A,N/A,Blacksteel Hammer I,hammer,Create,Dragonvein Crystal,10,Earth Crystal,10.0,Coral Crystal,10.0,Lightcrystal,1.0,hammer,False,150,110,40,40,10,0,0
959,423,Blacksteel Hammer II,hammer,Blacksteel Hammer I,N/A,6,572,0,N/A,False,Dragon,150.0,N/A,N/A,low,0,0,0,N/A,N/A,N/A,N/A,N/A,N/A,N/A,N/A,Blacksteel Hammer II,hammer,Upgrade,Firecell Stone,1,Fucium Ore,5.0,Carbalite Ore,10.0,Wyvern Gem,1.0,hammer,False,140,110,40,40,20,0,0
960,424,Icesteel Hammer,hammer,Blacksteel Hammer II,N/A,7,988,10,N/A,False,Ice,120.0,N/A,N/A,N/A,2,0,0,N/A,N/A,N/A,N/A,N/A,N/A,N/A,N/A,Icesteel Hammer,hammer,Upgrade,Daora Claw+,3,Daora Webbing,4.0,Nergigante Carapace,5.0,Daora Tail,2.0,hammer,False,110,60,80,80,50,20,0
961,425,Daora's Colossus,hammer,Icesteel Hammer,N/A,8,1040,10,N/A,False,Ice,150.0,N/A,N/A,N/A,2,0,0,N/A,N/A,N/A,N/A,N/A,N/A,N/A,N/A,Daora's Colossus,hammer,Upgrade,Xeno'jiiva Wing,2,Daora Horn+,5.0,Daora Claw+,4.0,Daora Gem,1.0,hammer,False,90,60,80,80,70,20,0
962,2402,Daora's Hyperborea,hammer,Daora's Colossus,N/A,11,1352,15,N/A,False,Ice,210.0,N/A,N/A,N/A,2,0,0,N/A,N/A,N/A,N/A,N/A,N/A,N/A,N/A,Daora's Hyperborea,hammer,Upgrade,Daora Hardhorn,5,Daora Hardclaw,4.0,Daora Shard,5.0,Large Elder Dragon Gem,1.0,hammer,False,130,30,30,60,50,70,30
963,426,Xeno Maph'agarna,hammer,Blacksteel Hammer II,N/A,8,884,15,N/A,False,Dragon,180.0,N/A,N/A,low,3,3,0,N/A,N/A,N/A,N/A,N/A,N/A,N/A,N/A,Xeno Maph'agarna,hammer,Upgrade,Xeno'jiiva Claw,4,Xeno'jiiva Shell,6.0,Xeno'jiiva Tail,2.0,Xeno'jiiva Gem,1.0,hammer,False,130,30,60,80,40,60,0
964,427,Jail Hammer,hammer,N/A,N/A,6,832,0,20.0,False,Paralysis,180.0,N/A,N/A,N/A,2,0,0,N/A,N/A,N/A,N/A,N/A,N/A,N/A,N/A,Jail Hammer,hammer,Create,Hunter King Coin,5,Rathalos Coin,4.0,Tzitzi Coin,4.0,Novacrystal,1.0,hammer,False,120,120,40,50,70,0,0
965,428,Binder Mace,hammer,Jail Hammer,N/A,8,936,0,20.0,False,Paralysis,210.0,N/A,N/A,N/A,3,0,0,N/A,N/A,N/A,N/A,N/A,N/A,N/A,N/A,Binder Mace,hammer,Upgrade,Ace Hunter Coin,5,Brute Coin,4.0,Flying Coin,4.0,Wyvern Gem,2.0,hammer,False,160,100,30,30,50,30,0
966,2403,Binding Coffin,hammer,Binder Mace,N/A,11,1352,0,40.0,False,Paralysis,240.0,N/A,N/A,N/A,4,0,0,N/A,N/A,N/A,N/A,N/A,N/A,N/A,N/A,Binding Coffin,hammer,Upgrade,Hero King Coin,1,Glavenus Coin,2.0,Nargacuga Coin,2.0,Banbaro Coin,2.0,hammer,False,60,30,30,110,40,130,0
967,1158,Devil's Due,hammer,N/A,N/A,6,1092,-30,N/A,False,Dragon,150.0,N/A,N/A,high,0,0,0,N/A,N/A,N/A,N/A,N/A,N/A,N/A,N/A,Devil's Due,hammer,Create,Deviljho Scale,6,Deviljho Talon,2.0,Deviljho Tallfang,3.0,Deviljho Saliva,2.0,hammer,False,60,120,80,60,30,50,0
968,1159,Devil's Crush,hammer,Devil's Due,N/A,7,1196,-30,N/A,False,Dragon,210.0,N/A,N/A,high,0,0,0,N/A,N/A,N/A,N/A,N/A,N/A,N/A,N/A,Devil's Crush,hammer,Upgrade,Elder Dragon Blood,5,Deviljho Scalp,2.0,Deviljho Tallfang,5.0,Deviljho Gem,1.0,hammer,False,50,120,80,60,40,50,0
969,2404,Consummate Hammer,hammer,Devil's Crush,N/A,12,1456,-30,N/A,False,Dragon,360.0,N/A,N/A,high,0,0,0,N/A,N/A,N/A,N/A,N/A,N/A,N/A,N/A,Consummate Hammer,hammer,Upgrade,Vile Fang,3,Deviljho Ripper,2.0,Black Blood,3.0,Deviljho Crook,1.0,hammer,False,160,30,30,60,50,40,30
970,1208,Empress Mace,hammer,N/A,N/A,7,936,0,N/A,False,Blast,150.0,N/A,N/A,N/A,2,1,0,N/A,N/A,N/A,N/A,N/A,N/A,N/A,N/A,Empress Mace,hammer,Create,Lunastra Scale+,4,Lunastra Horn,3.0,Lunastra Mane,3.0,Lunastra Gem,1.0,hammer,False,110,30,60,80,40,80,0
971,1209,"Empress Mace ""Blaze""",hammer,Empress Mace,N/A,8,936,20,N/A,False,Blast,180.0,N/A,N/A,N/A,2,1,0,N/A,N/A,N/A,N/A,N/A,N/A,N/A,Guts,"Empress Mace ""Blaze""",hammer,Upgrade,Research Commission Ticket,1,Lunastra Horn,2.0,Teostra Horn+,3.0,Bazelgeuse Gem,1.0,hammer,False,110,30,60,80,40,80,0
972,2405,"Soulfire Heel ""Blaze""",hammer,"Empress Mace ""Blaze""",N/A,12,1300,20,N/A,False,Blast,270.0,N/A,N/A,N/A,2,1,0,N/A,N/A,N/A,N/A,N/A,N/A,N/A,Guts,"Soulfire Heel ""Blaze""",hammer,Upgrade,Lunastra Shard,4,Lunastra Hardhorn,4.0,Lunastra Mane+,4.0,Large Elder Dragon Gem,1.0,hammer,False,120,30,90,30,30,80,20
973,1210,"Empress Mace ""Ruin""",hammer,Empress Mace,N/A,8,988,0,N/A,False,Blast,150.0,N/A,N/A,N/A,2,2,0,N/A,N/A,N/A,N/A,N/A,N/A,N/A,Hasten Recovery,"Empress Mace ""Ruin""",hammer,Upgrade,Research Commission Ticket,1,Lunastra Wing,3.0,Nergigante Horn+,3.0,Nergigante Gem,1.0,hammer,False,110,30,60,80,40,80,0
974,2406,"Soulfire Heel ""Ruin""",hammer,"Empress Mace ""Ruin""",N/A,12,1404,0,N/A,False,Blast,210.0,N/A,N/A,N/A,2,2,0,N/A,N/A,N/A,N/A,N/A,N/A,N/A,Hasten Recovery,"Soulfire Heel ""Ruin""",hammer,Upgrade,Lunastra Shard,4,Annihilating Greathorn,3.0,Eternal Regrowth Plate,3.0,Large Elder Dragon Gem,1.0,hammer,False,120,30,90,30,30,80,20
975,1211,"Empress Mace ""Styx""",hammer,Empress Mace,N/A,8,936,10,N/A,False,Blast,240.0,N/A,N/A,N/A,3,3,0,N/A,N/A,N/A,N/A,N/A,N/A,N/A,Razor Sharp/Spare Shot,"Empress Mace ""Styx""",hammer,Upgrade,Research Commission Ticket,1,Lunastra Tail,2.0,Xeno'jiiva Horn,3.0,Xeno'jiiva Gem,1.0,hammer,False,110,30,60,80,40,80,0
976,2407,"Soulfire Heel ""Styx""",hammer,"Empress Mace ""Styx""",N/A,12,1300,10,N/A,False,Blast,330.0,N/A,N/A,N/A,3,3,0,N/A,N/A,N/A,N/A,N/A,N/A,N/A,Razor Sharp/Spare Shot,"Soulfire Heel ""Styx""",hammer,Upgrade,Lunastra Shard,5,Lunastra Lash,1.0,Elder Spiritvein Bone,6.0,Large Elder Dragon Gem,1.0,hammer,False,120,30,90,30,30,80,20
977,3136,Mane Malice,hammer,N/A,N/A,11,1508,-15,N/A,False,Thunder,90.0,N/A,N/A,N/A,4,0,0,N/A,N/A,N/A,N/A,N/A,N/A,N/A,N/A,Mane Malice,hammer,Create,Rajang Hardhorn,1,Rajang Hardclaw,1.0,Rajang Hardfang,2.0,Rajang Wildpelt,2.0,hammer,False,110,100,40,50,50,50,0
978,3137,Mane Malice Rajang,hammer,Mane Malice,N/A,12,1612,-15,N/A,False,Thunder,120.0,N/A,N/A,N/A,4,0,0,N/A,N/A,N/A,N/A,N/A,N/A,N/A,N/A,Mane Malice Rajang,hammer,Upgrade,Tempered Glimmerpelt,3,Rajang Hardhorn,3.0,Rajang Hardfang,7.0,Gold Rajang Pelt+,3.0,hammer,False,100,100,40,50,60,50,0
979,3138,Demonlord Sledge,hammer,N/A,N/A,12,1508,15,N/A,False,Thunder,300.0,N/A,N/A,N/A,0,0,0,N/A,N/A,N/A,N/A,N/A,N/A,N/A,N/A,Demonlord Sledge,hammer,Create,Ghoulish Gold Gorer,3,Rajang Apoplexy,2.0,Gold Rajang Pelt+,5.0,Rajang Heart,1.0,hammer,False,120,20,20,70,40,30,100
980,3139,Brimstren Drakemaw,hammer,N/A,N/A,11,1300,0,N/A,False,Dragon,240.0,N/A,N/A,average,2,0,0,N/A,N/A,N/A,N/A,N/A,N/A,N/A,N/A,Brimstren Drakemaw,hammer,Create,Stygian Zinogre Hardhorn,1,Stygian Zinogre Hardclaw,1.0,Stygian Zinogre Dragonlocks,2.0,Stygian Zinogre Dragonhold,2.0,hammer,False,150,20,20,70,40,30,70
981,3140,Stygian Industria,hammer,Brimstren Drakemaw,N/A,12,1404,0,N/A,False,Dragon,270.0,N/A,N/A,average,2,0,0,N/A,N/A,N/A,N/A,N/A,N/A,N/A,N/A,Stygian Industria,hammer,Upgrade,Tempered Dragonhold,3,Stygian Zinogre Hardhorn,2.0,Stygian Zinogre Hardclaw,5.0,Stygian Zinogre Skymerald,1.0,hammer,False,130,20,20,70,40,30,90
982,3141,Lightbreak Hammer,hammer,N/A,N/A,12,1560,0,N/A,False,Blast,270.0,N/A,N/A,N/A,4,3,0,N/A,N/A,N/A,N/A,N/A,N/A,N/A,N/A,Lightbreak Hammer,hammer,Create,Brach Obliterator,3,Brach Warhead,1.0,Indestructible Ebonshell,4.0,Immortal Reactor,1.0,hammer,True,150,30,90,30,30,50,20
983,3202,Alatreon Hammer,hammer,N/A,N/A,11,1300,0,N/A,False,Dragon,630.0,N/A,N/A,low,2,0,0,N/A,N/A,N/A,N/A,N/A,N/A,N/A,N/A,Alatreon Hammer,hammer,Create,Alatreon Mantle,3,Skyswayer,1.0,Alatreon Riptalon,3.0,Large Elder Dragon Gem,1.0,hammer,False,120,20,20,70,40,30,100
984,3203,Alatreon Metamorph,hammer,Alatreon Hammer,N/A,12,1456,0,N/A,False,Dragon,720.0,N/A,N/A,low,2,2,0,N/A,N/A,N/A,N/A,N/A,N/A,N/A,N/A,Alatreon Metamorph,hammer,Upgrade,Alatreon Direwing,1,Skyswayer,2.0,Alatreon Riptalon,2.0,Azure Dragonsphire,1.0,hammer,False,80,20,20,70,40,30,140
985,3246,Fatalis Buster,hammer,N/A,N/A,11,1612,-40,N/A,False,Dragon,90.0,N/A,N/A,high,4,4,0,N/A,N/A,N/A,N/A,N/A,N/A,N/A,N/A,Fatalis Buster,hammer,Create,Fatalis Shard,3,Fatalis Pectus,1.0,Fatalis Hardhorn,1.0,Fatalis Evil Eye,1.0,hammer,False,150,20,20,70,40,30,70
986,3247,Fatalis Demolisher,hammer,Fatalis Buster,N/A,12,1820,-30,N/A,False,Dragon,150.0,N/A,N/A,high,4,4,0,N/A,N/A,N/A,N/A,N/A,N/A,N/A,N/A,Fatalis Demolisher,hammer,Upgrade,Large Elder Dragon Gem,1,Fatalis Pectus,2.0,Fatalis Hardhorn,2.0,Fatalis Evil Eye,1.0,hammer,False,150,20,20,70,40,30,70
987,1212,Bristly Pincushion,hammer,N/A,N/A,3,676,0,N/A,False,Poison,150.0,N/A,N/A,N/A,0,0,0,N/A,N/A,N/A,N/A,N/A,N/A,N/A,N/A,Bristly Pincushion,hammer,Create,Bristly Crake Ticket,1,Radobaan Scale,3.0,Sturdy Bone,5.0,Poison Sac,2.0,hammer,False,60,50,80,110,0,0,0
988,1213,Bristly Grudge,hammer,Bristly Pincushion,N/A,7,1040,0,N/A,False,Poison,270.0,N/A,N/A,N/A,0,0,0,N/A,N/A,N/A,N/A,N/A,N/A,N/A,N/A,Bristly Grudge,hammer,Upgrade,Bristly Crake Ticket,2,Radobaan Scale+,3.0,Toxin Sac,3.0,High Commendation,1.0,hammer,False,110,50,50,80,110,0,0
989,2408,Bristly Inferno,hammer,Bristly Grudge,N/A,11,1352,0,N/A,False,Poison,360.0,N/A,N/A,N/A,0,0,0,N/A,N/A,N/A,N/A,N/A,N/A,N/A,N/A,Bristly Inferno,hammer,Upgrade,Research Commission Ticket+,2,Deviljho Blackpiel,3.0,Deadly Poison Sac,4.0,Conqueror's Seal,1.0,hammer,False,60,30,30,110,40,130,0
990,2409,Well-done Hammer,hammer,N/A,N/A,10,1404,0,30.0,False,Fire,150.0,N/A,N/A,N/A,0,0,0,N/A,N/A,N/A,N/A,N/A,N/A,N/A,N/A,Well-done Hammer,hammer,Create,Meaty Canteen Ticket,2,Ebony Odogaron Hardfang,2.0,Molten Bursa,3.0,Monster Solidbone,8.0,hammer,True,70,50,50,80,150,0,0
991,2410,Juicy Well-done Hammer,hammer,Well-done Hammer,N/A,11,1612,0,30.0,False,Fire,210.0,N/A,N/A,N/A,0,0,0,N/A,N/A,N/A,N/A,N/A,N/A,N/A,N/A,Juicy Well-done Hammer,hammer,Upgrade,Meaty Canteen Ticket,1,Slumbering Greatbone,3.0,Afflicted Frenzybone,3.0,Forest Crystal,5.0,hammer,True,30,50,50,80,190,0,0
992,2411,Space Lord! Super-8,hammer,N/A,N/A,12,1248,0,40.0,False,Water,640.0,N/A,N/A,N/A,0,0,0,N/A,N/A,N/A,N/A,N/A,N/A,N/A,N/A,Space Lord! Super-8,hammer,Create,Unity Symbol,3,Namielle Whisker,2.0,Zinogre Deathly Shocker,3.0,Large Wyvern Gem,1.0,hammer,False,50,80,30,30,80,130,0
993,2412,Guild Palace Mace,hammer,N/A,N/A,10,1300,10,30.0,True,Water,420.0,N/A,N/A,N/A,3,0,0,N/A,N/A,N/A,N/A,N/A,N/A,N/A,N/A,Guild Palace Mace,hammer,Create,Fest Ticket,2,Amber Hardfang,2.0,Gracium,5.0,Purecrystal,1.0,hammer,False,150,30,30,60,50,50,30
994,2413,Royal Cross Mace,hammer,Guild Palace Mace,N/A,12,1404,15,30.0,True,Water,510.0,N/A,N/A,N/A,3,0,0,N/A,N/A,N/A,N/A,N/A,N/A,N/A,N/A,Royal Cross Mace,hammer,Upgrade,Hero King Coin,1,Namielle Hardclaw,3.0,Large Elder Dragon Bone,5.0,Pure Dragon Blood,3.0,hammer,False,150,30,30,60,50,30,50
995,2414,Defender Rally Horn I,hunting-horn,N/A,N/A,1,546,0,N/A,False,Blast,180.0,N/A,N/A,N/A,0,0,0,N/A,N/A,N/A,N/A,N/A,WGC,N/A,N/A,Defender Rally Horn I,hunting-horn,Create,Iron Ore,1,N/A,N/A,N/A,N/A,N/A,N/A,hunting-horn,False,30,60,20,140,0,0,0
996,2415,Defender Rally Horn II,hunting-horn,Defender Rally Horn I,N/A,3,714,0,N/A,False,Blast,210.0,N/A,N/A,N/A,0,0,0,N/A,N/A,N/A,N/A,N/A,WGC,N/A,N/A,Defender Rally Horn II,hunting-horn,Upgrade,Anjanath Scale,1,N/A,N/A,N/A,N/A,N/A,N/A,hunting-horn,False,30,60,20,150,40,0,0
997,2416,Defender Rally Horn III,hunting-horn,Defender Rally Horn II,N/A,5,798,0,N/A,False,Blast,240.0,N/A,N/A,N/A,0,0,0,N/A,N/A,N/A,N/A,N/A,PGC,N/A,N/A,Defender Rally Horn III,hunting-horn,Upgrade,Commendation,1,N/A,N/A,N/A,N/A,N/A,N/A,hunting-horn,False,50,50,50,80,120,0,0
998,2417,Defender Rally Horn IV,hunting-horn,Defender Rally Horn III,N/A,6,882,0,N/A,False,Blast,270.0,N/A,N/A,N/A,0,0,0,N/A,N/A,N/A,N/A,N/A,PGC,N/A,N/A,Defender Rally Horn IV,hunting-horn,Upgrade,Pink Rathian Scale+,1,N/A,N/A,N/A,N/A,N/A,N/A,hunting-horn,False,30,50,50,80,140,0,0
999,2418,Defender Rally Horn V,hunting-horn,Defender Rally Horn IV,N/A,7,924,0,N/A,False,Blast,300.0,N/A,N/A,N/A,0,0,0,N/A,N/A,N/A,N/A,N/A,PGC,N/A,N/A,Defender Rally Horn V,hunting-horn,Upgrade,Immortal Dragonscale,1,N/A,N/A,N/A,N/A,N/A,N/A,hunting-horn,False,90,30,30,110,40,100,0
1000,429,Metal Bagpipe I,hunting-horn,N/A,N/A,1,336,0,N/A,False,N/A,N/A,N/A,N/A,N/A,0,0,0,N/A,N/A,N/A,N/A,N/A,WRB,N/A,N/A,Metal Bagpipe I,hunting-horn,Create,Iron Ore,1,N/A,N/A,N/A,N/A,N/A,N/A,hunting-horn,False,100,50,80,20,0,0,0
1001,430,Metal Bagpipe II,hunting-horn,Metal Bagpipe I,N/A,1,378,0,N/A,False,N/A,N/A,N/A,N/A,N/A,0,0,0,N/A,N/A,N/A,N/A,N/A,WRB,N/A,N/A,Metal Bagpipe II,hunting-horn,Upgrade,Iron Ore,2,N/A,N/A,N/A,N/A,N/A,N/A,hunting-horn,False,80,70,30,70,0,0,0
1002,431,Metal Bagpipe III,hunting-horn,Metal Bagpipe II,N/A,2,420,0,N/A,False,N/A,N/A,N/A,N/A,N/A,0,0,0,N/A,N/A,N/A,N/A,N/A,WRB,N/A,N/A,Metal Bagpipe III,hunting-horn,Upgrade,Earth Crystal,2,Machalite Ore,2.0,Iron Ore,5.0,N/A,N/A,hunting-horn,False,60,70,30,90,0,0,0
1003,432,Great Bagpipe I,hunting-horn,Metal Bagpipe III,N/A,3,462,0,N/A,False,N/A,N/A,N/A,N/A,N/A,0,0,0,N/A,N/A,N/A,N/A,N/A,WRB,N/A,N/A,Great Bagpipe I,hunting-horn,Upgrade,Dragonite Ore,2,Machalite Ore,5.0,Monster Bone M,2.0,N/A,N/A,hunting-horn,False,70,50,80,100,0,0,0
1004,433,Great Bagpipe II,hunting-horn,Great Bagpipe I,N/A,4,546,0,N/A,False,N/A,N/A,N/A,N/A,N/A,0,0,0,N/A,N/A,N/A,N/A,N/A,WRB,N/A,N/A,Great Bagpipe II,hunting-horn,Upgrade,Monster Bone+,2,Dragonite Ore,5.0,Coral Crystal,2.0,Machalite Ore,10.0,hunting-horn,False,60,50,80,110,0,0,0
1005,434,Great Bagpipe III,hunting-horn,Great Bagpipe II,N/A,5,588,0,N/A,True,Paralysis,210.0,N/A,N/A,N/A,1,0,0,N/A,N/A,N/A,N/A,N/A,WRB,N/A,N/A,Great Bagpipe III,hunting-horn,Upgrade,Carbalite Ore,8,Dragonite Ore,5.0,Dragonvein Crystal,2.0,N/A,N/A,hunting-horn,False,100,50,50,80,70,0,0
1006,435,Fortissimo I,hunting-horn,Great Bagpipe III,N/A,6,672,0,N/A,True,Paralysis,240.0,N/A,N/A,N/A,1,0,0,N/A,N/A,N/A,N/A,N/A,PRB,N/A,N/A,Fortissimo I,hunting-horn,Upgrade,Fucium Ore,8,Carbalite Ore,5.0,Dragonite Ore,10.0,Dragonvein Crystal,3.0,hunting-horn,False,90,50,50,80,80,0,0
1007,436,Fortissimo II,hunting-horn,Fortissimo I,N/A,6,756,0,N/A,True,Paralysis,270.0,N/A,N/A,N/A,1,1,0,N/A,N/A,N/A,N/A,N/A,PRB,N/A,N/A,Fortissimo II,hunting-horn,Upgrade,Elder Dragon Blood,2,Fucium Ore,13.0,Carbalite Ore,20.0,Firecell Stone,1.0,hunting-horn,False,60,60,20,150,90,20,0
1008,2419,Sforzando I,hunting-horn,Fortissimo II,N/A,9,924,0,N/A,True,Paralysis,300.0,N/A,N/A,N/A,1,1,0,N/A,N/A,N/A,N/A,N/A,PRB,N/A,N/A,Sforzando I,hunting-horn,Create,Eltalite Ore,6,Carbalite Ore,10.0,Firecell Stone,2.0,Purecrystal,1.0,hunting-horn,False,90,80,30,30,80,90,0
1009,2419,Sforzando I,hunting-horn,Fortissimo II,N/A,9,924,0,N/A,True,Paralysis,300.0,N/A,N/A,N/A,1,1,0,N/A,N/A,N/A,N/A,N/A,PRB,N/A,N/A,Sforzando I,hunting-horn,Upgrade,Eltalite Ore,2,Carbalite Ore,4.0,Spiritvein Crystal,2.0,Gracium,1.0,hunting-horn,False,90,80,30,30,80,90,0
1010,2420,Sforzando II,hunting-horn,Sforzando I,N/A,10,1008,0,N/A,True,Paralysis,330.0,N/A,N/A,N/A,1,1,0,N/A,N/A,N/A,N/A,N/A,PRB,N/A,N/A,Sforzando II,hunting-horn,Upgrade,Monster Slogbone,3,Eltalite Ore,4.0,Meldspar Ore,2.0,Bathycite Ore,2.0,hunting-horn,False,80,80,30,30,80,100,0
1011,2421,Sforzando III,hunting-horn,Sforzando II,N/A,11,1092,0,N/A,True,Paralysis,360.0,N/A,N/A,N/A,1,1,0,N/A,N/A,N/A,N/A,N/A,PRB,N/A,N/A,Sforzando III,hunting-horn,Upgrade,Pure Dragon Blood,3,Eltalite Ore,6.0,Meldspar Ore,3.0,Purecrystal,1.0,hunting-horn,False,120,30,30,60,50,80,30
1012,2422,Raven Shamisen,hunting-horn,Sforzando II,N/A,10,1092,20,N/A,False,Poison,210.0,N/A,N/A,N/A,3,0,0,N/A,N/A,N/A,N/A,N/A,PGO,N/A,N/A,Raven Shamisen,hunting-horn,Upgrade,Garuga Shard,3,Garuga Silverpelt,4.0,Garuga Auricle,2.0,Fey Wyvern Gem,1.0,hunting-horn,False,150,30,90,30,30,50,20
1013,2423,Wolf Shamisen,hunting-horn,Raven Shamisen,N/A,11,1134,25,N/A,False,Poison,240.0,N/A,N/A,N/A,3,0,0,N/A,N/A,N/A,N/A,N/A,PGO,N/A,N/A,Wolf Shamisen,hunting-horn,Upgrade,Scratched Shell,3,Garuga Fellwing,2.0,Fancy Beak,3.0,Large Wyvern Gem,1.0,hunting-horn,False,150,30,90,30,30,50,20
1014,437,Nergal Groove,hunting-horn,Fortissimo I,N/A,7,840,0,N/A,False,Dragon,120.0,N/A,N/A,high,1,0,0,N/A,N/A,N/A,N/A,N/A,PGO,N/A,N/A,Nergal Groove,hunting-horn,Upgrade,Nergigante Talon,3,Nergigante Regrowth Plate,4.0,Nergigante Tail,2.0,Nergigante Carapace,2.0,hunting-horn,True,120,120,40,50,70,0,0
1015,438,Desolation's Overture,hunting-horn,Nergal Groove,N/A,8,882,0,N/A,False,Dragon,150.0,N/A,N/A,high,1,0,0,N/A,N/A,N/A,N/A,N/A,PGO,N/A,N/A,Desolation's Overture,hunting-horn,Upgrade,Xeno'jiiva Horn,2,Nergigante Horn+,5.0,Nergigante Talon,5.0,Nergigante Gem,1.0,hunting-horn,True,110,120,40,50,80,0,0
1016,2424,Ruinous Desolation,hunting-horn,Desolation's Overture,N/A,12,1218,0,N/A,False,Dragon,210.0,N/A,N/A,high,1,0,0,N/A,N/A,N/A,N/A,N/A,PGO,N/A,N/A,Ruinous Desolation,hunting-horn,Upgrade,Annihilating Greathorn,3,Nergigante Hardclaw,4.0,Eternal Regrowth Plate,5.0,Large Elder Dragon Gem,1.0,hunting-horn,True,80,30,30,110,40,110,0
1017,439,Thunder Gaida I,hunting-horn,Metal Bagpipe III,N/A,3,504,0,N/A,False,Thunder,120.0,N/A,N/A,N/A,0,0,0,N/A,N/A,N/A,N/A,N/A,WGC,N/A,N/A,Thunder Gaida I,hunting-horn,Upgrade,Dragonite Ore,5,Tobi-Kadachi Electrode,1.0,Tobi-Kadachi Claw,2.0,Electro Sac,1.0,hunting-horn,False,80,50,80,90,0,0,0
1018,440,Thunder Gaida II,hunting-horn,Thunder Gaida I,N/A,4,546,0,N/A,False,Thunder,150.0,N/A,N/A,N/A,0,0,0,N/A,N/A,N/A,N/A,N/A,WGC,N/A,N/A,Thunder Gaida II,hunting-horn,Upgrade,Monster Bone+,2,Tobi-Kadachi Electrode,2.0,Tobi-Kadachi Membrane,2.0,Coral Crystal,3.0,hunting-horn,False,70,50,80,100,0,0,0
1019,441,Lightning Drum I,hunting-horn,Thunder Gaida II,N/A,5,630,0,N/A,False,Thunder,180.0,N/A,N/A,N/A,3,0,0,N/A,N/A,N/A,N/A,N/A,PGC,N/A,N/A,Lightning Drum I,hunting-horn,Upgrade,Carbalite Ore,5,Tobi-Kadachi Scale+,4.0,Tobi-Kadachi Pelt+,3.0,Vespoid Innerwing,3.0,hunting-horn,False,110,50,80,100,10,0,0
1020,442,Lightning Drum II,hunting-horn,Lightning Drum I,N/A,6,714,0,N/A,False,Thunder,210.0,N/A,N/A,N/A,3,0,0,N/A,N/A,N/A,N/A,N/A,PGC,N/A,N/A,Lightning Drum II,hunting-horn,Upgrade,Fucium Ore,5,Tobi-Kadachi Electrode+,2.0,Tobi-Kadachi Membrane,4.0,Thunder Sac,3.0,hunting-horn,False,100,50,50,80,70,0,0
1021,443,Lightning Drum III,hunting-horn,Lightning Drum II,N/A,6,756,0,N/A,False,Thunder,240.0,N/A,N/A,N/A,3,0,0,N/A,N/A,N/A,N/A,N/A,PGC,N/A,N/A,Lightning Drum III,hunting-horn,Upgrade,Elder Dragon Blood,3,Tobi-Kadachi Electrode+,4.0,Tobi-Kadachi Claw+,6.0,Wyvern Gem,1.0,hunting-horn,False,90,60,80,80,70,20,0
1022,2425,Lightning Drum IV,hunting-horn,Lightning Drum III,N/A,9,882,0,N/A,False,Thunder,270.0,N/A,N/A,N/A,3,0,0,N/A,N/A,N/A,N/A,N/A,PGC,N/A,N/A,Lightning Drum IV,hunting-horn,Upgrade,Tobi-Kadachi Hardclaw,1,Tobi-Kadachi Shard,2.0,Tobi-Kadachi Thickfur,2.0,Lightning Sac,1.0,hunting-horn,False,100,100,40,50,60,50,0
1023,2426,Usurper's Growl,hunting-horn,Lightning Drum IV,N/A,10,1008,0,N/A,False,Thunder,300.0,N/A,N/A,N/A,2,0,0,N/A,N/A,N/A,N/A,N/A,PYO,N/A,N/A,Usurper's Growl,hunting-horn,Upgrade,Zinogre Hardclaw,3,Zinogre Deathly Shocker,2.0,Zinogre Cortex,5.0,Lightning Sac,3.0,hunting-horn,False,100,80,30,30,80,80,0
1024,2427,Usurper's Growl+,hunting-horn,Usurper's Growl,N/A,11,1050,0,N/A,False,Thunder,330.0,N/A,N/A,N/A,2,0,0,N/A,N/A,N/A,N/A,N/A,PYO,N/A,N/A,Usurper's Growl+,hunting-horn,Upgrade,Zinogre Hardhorn,3,Zinogre Electrofur+,4.0,Fulgurbug,5.0,Zinogre Skymerald,1.0,hunting-horn,False,130,30,90,30,30,70,20
1025,2428,Despot's Thunderclap,hunting-horn,Usurper's Growl+,N/A,12,1092,0,N/A,False,Thunder,450.0,N/A,N/A,N/A,2,0,0,N/A,N/A,N/A,N/A,N/A,PYO,N/A,N/A,Despot's Thunderclap,hunting-horn,Upgrade,Spiritvein Solidbone,5,Zinogre Hardhorn,2.0,Zinogre Deathly Shocker,5.0,Large Elder Dragon Gem,1.0,hunting-horn,False,120,30,90,30,30,80,20
1026,444,Kulu Duda I,hunting-horn,Metal Bagpipe II,N/A,2,420,15,N/A,False,N/A,N/A,N/A,N/A,N/A,0,0,0,N/A,N/A,N/A,N/A,N/A,WBC,N/A,N/A,Kulu Duda I,hunting-horn,Upgrade,Kulu-Ya-Ku Beak,1,Kulu-Ya-Ku Hide,2.0,Kulu-Ya-Ku Scale,3.0,N/A,N/A,hunting-horn,False,70,70,30,80,0,0,0
1027,445,Kulu Duda II,hunting-horn,Kulu Duda I,N/A,3,504,15,N/A,False,N/A,N/A,N/A,N/A,N/A,0,0,0,N/A,N/A,N/A,N/A,N/A,WBC,N/A,N/A,Kulu Duda II,hunting-horn,Upgrade,Radobaan Scale,3,Kulu-Ya-Ku Beak,2.0,Kulu-Ya-Ku Plume,2.0,Boulder Bone,3.0,hunting-horn,False,80,50,80,90,0,0,0
1028,446,Kulu Duda III,hunting-horn,Kulu Duda II,N/A,4,588,15,N/A,False,N/A,N/A,N/A,N/A,N/A,0,0,0,N/A,N/A,N/A,N/A,N/A,WBC,N/A,N/A,Kulu Duda III,hunting-horn,Upgrade,Odogaron Claw,2,Kulu-Ya-Ku Beak,2.0,Kulu-Ya-Ku Plume,4.0,Warped Bone,3.0,hunting-horn,False,70,50,80,100,0,0,0
1029,447,Dancing Davul I,hunting-horn,Kulu Duda III,N/A,5,630,25,N/A,True,Sleep,240.0,N/A,N/A,N/A,0,0,0,N/A,N/A,N/A,N/A,N/A,PBC,N/A,N/A,Dancing Davul I,hunting-horn,Upgrade,Kulu-Ya-Ku Beak+,3,Kulu-Ya-Ku Hide+,4.0,Kulu-Ya-Ku Scale+,6.0,N/A,N/A,hunting-horn,False,110,50,80,100,10,0,0
1030,448,Dancing Davul II,hunting-horn,Dancing Davul I,N/A,6,672,25,N/A,True,Sleep,300.0,N/A,N/A,N/A,0,0,0,N/A,N/A,N/A,N/A,N/A,PBC,N/A,N/A,Dancing Davul II,hunting-horn,Upgrade,Odogaron Claw+,2,Kulu-Ya-Ku Beak+,4.0,Kulu-Ya-Ku Plume+,3.0,Brutal Bone,3.0,hunting-horn,False,100,50,50,80,70,0,0
1031,449,Dancing Davul III,hunting-horn,Dancing Davul II,N/A,6,714,25,N/A,True,Sleep,360.0,N/A,N/A,N/A,0,0,0,N/A,N/A,N/A,N/A,N/A,PBC,N/A,N/A,Dancing Davul III,hunting-horn,Upgrade,Nergigante Talon,2,Kulu-Ya-Ku Beak+,5.0,Kulu-Ya-Ku Plume+,4.0,Bird Wyvern Gem,1.0,hunting-horn,False,90,60,80,80,70,20,0
1032,2429,Taghrid al-Nasr I,hunting-horn,Dancing Davul III,N/A,9,966,25,N/A,True,Sleep,390.0,N/A,N/A,N/A,0,0,0,N/A,N/A,N/A,N/A,N/A,PBC,N/A,N/A,Taghrid al-Nasr I,hunting-horn,Create,Large Kulu-Ya-Ku Beak,2,Kulu-Ya-Ku Thickhide,4.0,Kulu-Ya-Ku Shard,5.0,Fey Wyvern Gem,1.0,hunting-horn,False,110,30,30,110,40,80,0
1033,2429,Taghrid al-Nasr I,hunting-horn,Dancing Davul III,N/A,9,966,25,N/A,True,Sleep,390.0,N/A,N/A,N/A,0,0,0,N/A,N/A,N/A,N/A,N/A,PBC,N/A,N/A,Taghrid al-Nasr I,hunting-horn,Upgrade,Large Kulu-Ya-Ku Beak,1,Kulu-Ya-Ku Thickhide,2.0,Kulu-Ya-Ku Shard,3.0,Thick Bone,2.0,hunting-horn,False,110,30,30,110,40,80,0
1034,2430,Taghrid al-Nasr II,hunting-horn,Taghrid al-Nasr I,N/A,10,1092,25,N/A,True,Sleep,420.0,N/A,N/A,N/A,0,0,0,N/A,N/A,N/A,N/A,N/A,PBC,N/A,N/A,Taghrid al-Nasr II,hunting-horn,Upgrade,Nargacuga Hardfang,2,Large Kulu-Ya-Ku Beak,2.0,Large Kulu-Ya-Ku Plume,3.0,Monster Slogbone,3.0,hunting-horn,False,110,30,30,110,40,80,0
1035,2431,Striped Dragonga,hunting-horn,Taghrid al-Nasr I,N/A,10,1050,-20,N/A,True,Blast,270.0,N/A,N/A,N/A,0,0,0,N/A,N/A,N/A,N/A,N/A,PRC,N/A,N/A,Striped Dragonga,hunting-horn,Upgrade,Tigrex Hardclaw,3,Tigrex Shard,4.0,Monster Slogbone,3.0,Thick Bone,5.0,hunting-horn,False,80,30,30,110,40,110,0
1036,2432,Striped Dragonga+,hunting-horn,Striped Dragonga,N/A,10,1092,-20,N/A,True,Blast,300.0,N/A,N/A,N/A,0,0,0,N/A,N/A,N/A,N/A,N/A,PRC,N/A,N/A,Striped Dragonga+,hunting-horn,Upgrade,Blackcurl Stouthorn,2,Tigrex Hardfang,4.0,Tigrex Lash,1.0,Tigrex Mantle,1.0,hunting-horn,False,70,30,30,110,40,120,0
1037,2433,Tigrex Horn,hunting-horn,Striped Dragonga+,N/A,11,1176,-20,N/A,True,Blast,330.0,N/A,N/A,N/A,0,0,0,N/A,N/A,N/A,N/A,N/A,PRC,N/A,N/A,Tigrex Horn,hunting-horn,Upgrade,Daora Hardclaw,2,Tigrex Hardfang,2.0,Tigrex Cortex,4.0,Pure Dragon Blood,5.0,hunting-horn,False,60,30,30,110,40,130,0
1038,2434,Accursed Wail,hunting-horn,Striped Dragonga,N/A,11,1176,-30,N/A,True,Sleep,210.0,N/A,N/A,N/A,0,0,0,N/A,N/A,N/A,N/A,N/A,PRG,N/A,N/A,Accursed Wail,hunting-horn,Upgrade,Brute Tigrex Hardclaw,3,Brute Tigrex Shard,5.0,Brute Tigrex Hardfang,2.0,Large Wyvern Gem,1.0,hunting-horn,False,100,20,30,90,90,30,40
1039,2435,Ogrebite,hunting-horn,Accursed Wail,N/A,12,1218,-30,N/A,True,Sleep,270.0,N/A,N/A,N/A,0,0,0,N/A,N/A,N/A,N/A,N/A,PRG,N/A,N/A,Ogrebite,hunting-horn,Upgrade,Tempered Ebonjaw,5,Brute Tigrex Hardclaw,4.0,Brute Tigrex Hardfang,3.0,Tigrex Mantle,1.0,hunting-horn,False,90,20,30,90,90,40,40
1040,450,Valkyrie Chordmaker,hunting-horn,Kulu Duda I,N/A,3,462,15,N/A,False,Fire,150.0,N/A,N/A,N/A,0,0,0,N/A,N/A,N/A,N/A,N/A,WBY,N/A,N/A,Valkyrie Chordmaker,hunting-horn,Create,Rathian Shell,5,Machalite Ore,10.0,Poison Sac,3.0,Rathian Plate,1.0,hunting-horn,False,60,50,80,110,0,0,0
1041,450,Valkyrie Chordmaker,hunting-horn,Kulu Duda I,N/A,3,462,15,N/A,False,Fire,150.0,N/A,N/A,N/A,0,0,0,N/A,N/A,N/A,N/A,N/A,WBY,N/A,N/A,Valkyrie Chordmaker,hunting-horn,Upgrade,Rathian Spike,3,Rathian Scale,5.0,Rathian Shell,4.0,N/A,N/A,hunting-horn,False,60,50,80,110,0,0,0
1042,451,Queen Chordmaker,hunting-horn,Valkyrie Chordmaker,N/A,5,630,15,N/A,False,Fire,180.0,N/A,N/A,N/A,2,0,0,N/A,N/A,N/A,N/A,N/A,PBY,N/A,N/A,Queen Chordmaker,hunting-horn,Upgrade,Rathian Spike+,3,Rathian Scale+,5.0,Rathian Carapace,4.0,Rathian Plate,1.0,hunting-horn,False,100,50,50,80,70,0,0
1043,452,Coral Chordmaker,hunting-horn,Queen Chordmaker,N/A,6,714,25,N/A,False,Fire,210.0,N/A,N/A,N/A,2,0,0,N/A,N/A,N/A,N/A,N/A,PBY,N/A,N/A,Coral Chordmaker,hunting-horn,Upgrade,Rathian Spike+,4,Pink Rathian Scale+,5.0,Pink Rathian Carapace,4.0,Wyvern Gem,1.0,hunting-horn,False,80,50,50,80,90,0,0
1044,453,Royal Chordmaker,hunting-horn,Coral Chordmaker,N/A,7,798,25,N/A,False,Fire,240.0,N/A,N/A,N/A,2,0,0,N/A,N/A,N/A,N/A,N/A,PBY,N/A,N/A,Royal Chordmaker,hunting-horn,Upgrade,Elder Dragon Blood,3,Rathian Spike+,5.0,Pink Rathian Scale+,6.0,Rathian Ruby,1.0,hunting-horn,False,70,50,60,120,60,40,0
1045,2436,Royal Chordmaker+,hunting-horn,Royal Chordmaker,N/A,9,924,25,N/A,False,Fire,270.0,N/A,N/A,N/A,2,0,0,N/A,N/A,N/A,N/A,N/A,PBY,N/A,N/A,Royal Chordmaker+,hunting-horn,Upgrade,Rathian Surspike,3,Rathian Shard,5.0,Rathian Cortex,4.0,N/A,N/A,hunting-horn,False,90,100,40,50,70,50,0
1046,2437,Regal Flute,hunting-horn,Royal Chordmaker+,N/A,10,1008,25,N/A,False,Fire,300.0,N/A,N/A,N/A,2,0,0,N/A,N/A,N/A,N/A,N/A,PBY,N/A,N/A,Regal Flute,hunting-horn,Upgrade,Monster Solidbone,5,Pink Rathian Shard,4.0,Pink Rathian Cortex,3.0,Rathian Mantle,1.0,hunting-horn,False,110,30,30,110,40,80,0
1047,2438,Gold Chordmaker,hunting-horn,Regal Flute,N/A,12,1134,25,N/A,False,Fire,420.0,N/A,N/A,N/A,2,0,0,N/A,N/A,N/A,N/A,N/A,PBY,N/A,N/A,Gold Chordmaker,hunting-horn,Upgrade,Gold Rathian Surspike,3,Gold Rathian Shard,5.0,Gold Rathian Cortex,4.0,Rath Gleam,1.0,hunting-horn,False,120,30,30,60,50,80,30
1048,454,Aqua Bagpipe I,hunting-horn,Metal Bagpipe II,N/A,2,420,0,N/A,False,Water,120.0,N/A,N/A,N/A,0,0,0,N/A,N/A,N/A,N/A,N/A,WRC,N/A,N/A,Aqua Bagpipe I,hunting-horn,Upgrade,Earth Crystal,3,Jyuratodus Shell,1.0,Jyuratodus Scale,3.0,Aqua Sac,1.0,hunting-horn,False,60,70,30,90,0,0,0
1049,455,Aqua Bagpipe II,hunting-horn,Aqua Bagpipe I,N/A,3,504,0,N/A,False,Water,150.0,N/A,N/A,N/A,0,0,0,N/A,N/A,N/A,N/A,N/A,WRC,N/A,N/A,Aqua Bagpipe II,hunting-horn,Upgrade,Dragonite Ore,5,Jyuratodus Fin,3.0,Jyuratodus Fang,2.0,Gajau Skin,3.0,hunting-horn,False,70,50,80,100,0,0,0
1050,456,Aqua Bagpipe III,hunting-horn,Aqua Bagpipe II,N/A,4,546,0,N/A,False,Water,180.0,N/A,N/A,N/A,0,0,0,N/A,N/A,N/A,N/A,N/A,WRC,N/A,N/A,Aqua Bagpipe III,hunting-horn,Upgrade,Monster Bone+,2,Jyuratodus Fang,4.0,Coral Crystal,3.0,Gajau Whisker,3.0,hunting-horn,False,60,50,80,110,0,0,0
1051,457,Water Tamtam I,hunting-horn,Aqua Bagpipe III,N/A,5,588,0,N/A,False,Water,210.0,N/A,N/A,N/A,2,0,0,N/A,N/A,N/A,N/A,N/A,PRC,N/A,N/A,Water Tamtam I,hunting-horn,Upgrade,Carbalite Ore,5,Jyuratodus Carapace,2.0,Jyuratodus Scale+,3.0,Gajau Scale,5.0,hunting-horn,False,100,50,80,100,20,0,0
1052,458,Water Tamtam II,hunting-horn,Water Tamtam I,N/A,6,672,0,N/A,False,Water,240.0,N/A,N/A,N/A,2,0,0,N/A,N/A,N/A,N/A,N/A,PRC,N/A,N/A,Water Tamtam II,hunting-horn,Upgrade,Fucium Ore,5,Jyuratodus Fin+,4.0,Torrent Sac,3.0,Grand Gajau Whisker,3.0,hunting-horn,False,90,50,50,80,80,0,0
1053,459,Water Tamtam III,hunting-horn,Water Tamtam II,N/A,6,756,0,N/A,False,Water,270.0,N/A,N/A,N/A,2,0,0,N/A,N/A,N/A,N/A,N/A,PRC,N/A,N/A,Water Tamtam III,hunting-horn,Upgrade,Elder Dragon Blood,3,Jyuratodus Fin+,6.0,Jyuratodus Fang+,5.0,Wyvern Gem,1.0,hunting-horn,False,90,60,80,80,70,20,0
1054,2439,Water Tamtam IV,hunting-horn,Water Tamtam III,N/A,9,882,0,N/A,False,Water,360.0,N/A,N/A,N/A,2,0,0,N/A,N/A,N/A,N/A,N/A,PRC,N/A,N/A,Water Tamtam IV,hunting-horn,Create,Jyuratodus Grandfin,2,Jyuratodus Hardfang,2.0,Jyuratodus Shard,6.0,Large Wyvern Gem,1.0,hunting-horn,False,110,80,30,30,80,70,0
1055,2439,Water Tamtam IV,hunting-horn,Water Tamtam III,N/A,9,882,0,N/A,False,Water,360.0,N/A,N/A,N/A,2,0,0,N/A,N/A,N/A,N/A,N/A,PRC,N/A,N/A,Water Tamtam IV,hunting-horn,Upgrade,Jyuratodus Grandfin,1,Jyuratodus Hardfang,1.0,Jyuratodus Shard,3.0,Gajau Thickhide,2.0,hunting-horn,False,110,80,30,30,80,70,0
1056,2440,Laguna Drum I,hunting-horn,Water Tamtam IV,N/A,9,924,0,N/A,False,Water,450.0,N/A,N/A,N/A,2,1,0,N/A,N/A,N/A,N/A,N/A,PRC,N/A,N/A,Laguna Drum I,hunting-horn,Upgrade,Coral Pukei-Pukei Shard,3,Coral Pukei-Pukei Fellwing,2.0,Flood Sac,2.0,Bathycite Ore,2.0,hunting-horn,False,80,80,30,30,80,100,0
1057,2441,Laguna Drum II,hunting-horn,Laguna Drum I,N/A,10,1008,0,N/A,False,Water,540.0,N/A,N/A,N/A,2,1,0,N/A,N/A,N/A,N/A,N/A,PRC,N/A,N/A,Laguna Drum II,hunting-horn,Upgrade,Acidic Glavenus Hardfang,2,Monster Solidbone,3.0,Large Coral Pukei-Pukei Sac,1.0,Coral Pukei-Pukei Lash,1.0,hunting-horn,False,120,30,30,60,50,60,50
1058,2442,Hidden Harmonic,hunting-horn,Water Tamtam IV,N/A,10,924,10,N/A,True,Poison,480.0,N/A,N/A,N/A,0,0,0,N/A,N/A,N/A,N/A,N/A,PBC,N/A,N/A,Hidden Harmonic,hunting-horn,Upgrade,Nargacuga Hardfang,2,Nargacuga Shard,3.0,Nargacuga Tailspear,2.0,Meldspar Ore,1.0,hunting-horn,False,90,80,30,30,80,90,0
1059,2443,Hidden Harmonic+,hunting-horn,Hidden Harmonic,N/A,10,966,15,N/A,True,Poison,540.0,N/A,N/A,N/A,0,0,0,N/A,N/A,N/A,N/A,N/A,PBC,N/A,N/A,Hidden Harmonic+,hunting-horn,Upgrade,Fulgur Anjanath Hardfang,3,Nargacuga Cutwing+,4.0,Nargacuga Lash,1.0,Nargacuga Mantle,1.0,hunting-horn,False,150,20,20,70,40,30,70
1060,2444,Cry in the Night,hunting-horn,Hidden Harmonic+,N/A,11,1008,20,N/A,True,Poison,600.0,N/A,N/A,N/A,0,0,0,N/A,N/A,N/A,N/A,N/A,PBC,N/A,N/A,Cry in the Night,hunting-horn,Upgrade,Shadowpierce Fang,2,Nargacuga Cutwing+,4.0,Nargacuga Hardfang,4.0,Purecrystal,1.0,hunting-horn,False,140,20,20,70,40,30,80
1061,460,Glacial Bagpipe I,hunting-horn,Aqua Bagpipe II,N/A,4,546,0,N/A,False,Ice,240.0,N/A,N/A,N/A,0,0,0,N/A,N/A,N/A,N/A,N/A,WBG,N/A,N/A,Glacial Bagpipe I,hunting-horn,Upgrade,Legiana Claw,3,Legiana Scale,4.0,Frost Sac,2.0,N/A,N/A,hunting-horn,False,50,50,80,120,0,0,0
1062,461,Glacial Bagpipe II,hunting-horn,Glacial Bagpipe I,N/A,5,588,0,N/A,False,Ice,300.0,N/A,N/A,N/A,0,0,0,N/A,N/A,N/A,N/A,N/A,WBG,N/A,N/A,Glacial Bagpipe II,hunting-horn,Upgrade,Paolumu Wing,4,Legiana Claw,4.0,Legiana Tail Webbing,3.0,Legiana Plate,1.0,hunting-horn,False,110,50,50,80,60,0,0
1063,462,Sectored,hunting-horn,Glacial Bagpipe II,N/A,6,630,0,N/A,False,Ice,330.0,N/A,N/A,N/A,0,0,0,N/A,N/A,N/A,N/A,N/A,PBG,N/A,N/A,Sectored,hunting-horn,Upgrade,Legiana Claw+,3,Legiana Scale+,5.0,Legiana Wing,3.0,Freezer Sac,2.0,hunting-horn,False,100,50,50,80,70,0,0
1064,463,Legia Sectored,hunting-horn,Sectored,N/A,7,672,0,N/A,False,Ice,360.0,N/A,N/A,N/A,0,0,0,N/A,N/A,N/A,N/A,N/A,PBG,N/A,N/A,Legia Sectored,hunting-horn,Upgrade,Daora Claw+,2,Legiana Claw+,5.0,Legiana Hide+,3.0,Legiana Gem,1.0,hunting-horn,False,130,30,60,80,40,60,0
1065,2445,Legia Sectored+,hunting-horn,Legia Sectored,N/A,10,882,0,N/A,False,Ice,390.0,N/A,N/A,N/A,0,0,0,N/A,N/A,N/A,N/A,N/A,PBG,N/A,N/A,Legia Sectored+,hunting-horn,Upgrade,Legiana Hardclaw,3,Legiana Shard,4.0,Legiana Tail Webbing+,1.0,Frozen Bone,4.0,hunting-horn,False,100,80,30,30,80,80,0
1066,2446,Hoarcry Sectored,hunting-horn,Legia Sectored+,N/A,10,924,0,N/A,False,Ice,570.0,N/A,N/A,N/A,0,0,0,N/A,N/A,N/A,N/A,N/A,PBG,N/A,N/A,Hoarcry Sectored,hunting-horn,Upgrade,Obsidian Icetalon,2,Rimed Hide,5.0,Stark Wing,2.0,Cryo Sac,4.0,hunting-horn,False,80,80,30,30,80,100,0
1067,2447,Lilim Glacia,hunting-horn,Hoarcry Sectored,N/A,11,1008,0,N/A,False,Ice,600.0,N/A,N/A,N/A,0,0,0,N/A,N/A,N/A,N/A,N/A,PBG,N/A,N/A,Lilim Glacia,hunting-horn,Upgrade,Velkhana Hardclaw,2,Obsidian Icetalon,4.0,Stark Wing,2.0,Legiana Mantle,1.0,hunting-horn,False,60,20,30,90,90,70,40
1068,464,Bone Horn I,hunting-horn,N/A,N/A,1,420,0,N/A,False,N/A,N/A,N/A,N/A,N/A,0,0,0,N/A,N/A,N/A,N/A,N/A,WRC,N/A,N/A,Bone Horn I,hunting-horn,Create,Monster Bone S,1,N/A,N/A,N/A,N/A,N/A,N/A,hunting-horn,False,110,60,80,0,0,0,0
1069,465,Bone Horn II,hunting-horn,Bone Horn I,N/A,1,462,0,N/A,False,N/A,N/A,N/A,N/A,N/A,0,0,0,N/A,N/A,N/A,N/A,N/A,WRC,N/A,N/A,Bone Horn II,hunting-horn,Upgrade,Monster Bone S,2,N/A,N/A,N/A,N/A,N/A,N/A,hunting-horn,False,90,60,80,20,0,0,0
1070,466,Bone Horn III,hunting-horn,Bone Horn II,N/A,2,504,0,N/A,False,N/A,N/A,N/A,N/A,N/A,0,0,0,N/A,N/A,N/A,N/A,N/A,WRC,N/A,N/A,Bone Horn III,hunting-horn,Upgrade,Monster Bone M,2,Ancient Bone,1.0,N/A,N/A,N/A,N/A,hunting-horn,False,80,50,50,70,0,0,0
1071,467,Hard Bone Horn I,hunting-horn,Bone Horn III,N/A,3,588,0,N/A,False,N/A,N/A,N/A,N/A,N/A,0,0,0,N/A,N/A,N/A,N/A,N/A,WRC,N/A,N/A,Hard Bone Horn I,hunting-horn,Upgrade,Monster Bone L,1,Monster Bone M,5.0,Boulder Bone,2.0,N/A,N/A,hunting-horn,False,120,70,30,80,0,0,0
1072,468,Hard Bone Horn II,hunting-horn,Hard Bone Horn I,N/A,4,630,0,N/A,False,N/A,N/A,N/A,N/A,N/A,0,0,0,N/A,N/A,N/A,N/A,N/A,WRC,N/A,N/A,Hard Bone Horn II,hunting-horn,Upgrade,Monster Bone+,2,Monster Bone L,1.0,Sturdy Bone,4.0,N/A,N/A,hunting-horn,False,110,70,30,90,0,0,0
1073,469,Hard Bone Horn III,hunting-horn,Hard Bone Horn II,N/A,5,672,0,N/A,True,Ice,180.0,N/A,N/A,N/A,2,0,0,N/A,N/A,N/A,N/A,N/A,WRC,N/A,N/A,Hard Bone Horn III,hunting-horn,Upgrade,Monster Keenbone,2,Monster Bone+,2.0,Quality Bone,2.0,N/A,N/A,hunting-horn,False,140,70,30,100,10,0,0
1074,470,Heavy Bone Horn I,hunting-horn,Hard Bone Horn III,N/A,6,714,0,10.0,True,Ice,210.0,N/A,N/A,N/A,2,0,0,N/A,N/A,N/A,N/A,N/A,PRC,N/A,N/A,Heavy Bone Horn I,hunting-horn,Upgrade,Monster Hardbone,4,Monster Keenbone,6.0,Quality Bone,10.0,N/A,N/A,hunting-horn,False,110,100,40,40,60,0,0
1075,471,Heavy Bone Horn II,hunting-horn,Heavy Bone Horn I,N/A,6,798,0,10.0,True,Ice,240.0,N/A,N/A,N/A,3,0,0,N/A,N/A,N/A,N/A,N/A,PRC,N/A,N/A,Heavy Bone Horn II,hunting-horn,Upgrade,Elder Dragon Bone,4,Monster Hardbone,6.0,Quality Bone,20.0,Dragonbone Relic,1.0,hunting-horn,False,110,120,40,50,80,0,0
1076,2448,Mad Bone Horn I,hunting-horn,Heavy Bone Horn II,N/A,9,966,0,35.0,True,Ice,270.0,N/A,N/A,N/A,3,0,0,N/A,N/A,N/A,N/A,N/A,PRC,N/A,N/A,Mad Bone Horn I,hunting-horn,Create,Thick Bone,6,Quality Bone,8.0,Monster Toughbone,4.0,Dragonbone Artifact,1.0,hunting-horn,False,110,100,40,50,50,50,0
1077,2448,Mad Bone Horn I,hunting-horn,Heavy Bone Horn II,N/A,9,966,0,35.0,True,Ice,270.0,N/A,N/A,N/A,3,0,0,N/A,N/A,N/A,N/A,N/A,PRC,N/A,N/A,Mad Bone Horn I,hunting-horn,Upgrade,Thick Bone,2,Quality Bone,4.0,Monster Hardbone,4.0,Frozen Bone,1.0,hunting-horn,False,110,100,40,50,50,50,0
1078,2449,Mad Bone Horn II,hunting-horn,Mad Bone Horn I,N/A,10,1050,0,35.0,True,Ice,300.0,N/A,N/A,N/A,3,0,0,N/A,N/A,N/A,N/A,N/A,PRC,N/A,N/A,Mad Bone Horn II,hunting-horn,Upgrade,Monster Solidbone,2,Monster Slogbone,3.0,Thick Bone,4.0,Monster Essence,2.0,hunting-horn,False,100,100,40,50,60,50,0
1079,2450,Mad Bone Horn III,hunting-horn,Mad Bone Horn II,N/A,11,1176,0,35.0,True,Ice,330.0,N/A,N/A,N/A,3,0,0,N/A,N/A,N/A,N/A,N/A,PRC,N/A,N/A,Mad Bone Horn III,hunting-horn,Upgrade,Large Elder Dragon Bone,3,Monster Solidbone,4.0,Thick Bone,6.0,Dragonbone Artifact,1.0,hunting-horn,False,90,100,40,50,70,50,0
1080,2451,Icespiel,hunting-horn,Mad Bone Horn II,N/A,11,1092,0,N/A,False,Ice,240.0,N/A,N/A,N/A,4,0,0,N/A,N/A,N/A,N/A,N/A,PRB,N/A,N/A,Icespiel,hunting-horn,Upgrade,Crystal Shard,5,Velkhana Hardclaw,3.0,Velkhana Lash,1.0,Purecrystal,1.0,hunting-horn,False,150,30,30,60,50,30,50
1081,2452,Sonorous Eisfyl,hunting-horn,Icespiel,N/A,12,1134,0,N/A,False,Ice,270.0,N/A,N/A,N/A,4,0,0,N/A,N/A,N/A,N/A,N/A,PRB,N/A,N/A,Sonorous Eisfyl,hunting-horn,Upgrade,Shara Ishvalda Tenderclaw,3,Velkhana Crownhorn,4.0,Velkhana Hardclaw,4.0,Velkhana Crystal,1.0,hunting-horn,False,140,30,30,60,50,40,50
1082,472,Gama Horn I,hunting-horn,Hard Bone Horn III,N/A,6,756,0,N/A,False,Blast,120.0,N/A,N/A,N/A,2,2,0,N/A,N/A,N/A,N/A,N/A,PRB,N/A,N/A,Gama Horn I,hunting-horn,Upgrade,Dodogama Talon,4,Dodogama Scale+,6.0,Dodogama Hide+,4.0,N/A,N/A,hunting-horn,False,100,100,40,40,70,0,0
1083,473,Gama Horn II,hunting-horn,Gama Horn I,N/A,7,798,0,N/A,False,Blast,150.0,N/A,N/A,N/A,2,2,0,N/A,N/A,N/A,N/A,N/A,PRB,N/A,N/A,Gama Horn II,hunting-horn,Upgrade,Fire Dragon Scale+,4,Dodogama Jaw,4.0,Dodogama Tail,3.0,Wyvern Gem,1.0,hunting-horn,False,120,110,40,40,70,20,0
1084,2453,Gama Chorus I,hunting-horn,Gama Horn II,N/A,9,924,0,N/A,False,Blast,210.0,N/A,N/A,N/A,3,2,0,N/A,N/A,N/A,N/A,N/A,PRB,N/A,N/A,Gama Chorus I,hunting-horn,Create,Dodogama Hardclaw,4,Dodogama Mandible,2.0,Dodogama Shard,6.0,Dragonbone Artifact,1.0,hunting-horn,False,100,80,30,30,80,80,0
1085,2453,Gama Chorus I,hunting-horn,Gama Horn II,N/A,9,924,0,N/A,False,Blast,210.0,N/A,N/A,N/A,3,2,0,N/A,N/A,N/A,N/A,N/A,PRB,N/A,N/A,Gama Chorus I,hunting-horn,Upgrade,Dodogama Hardclaw,2,Dodogama Shard,3.0,Dodogama Thickhide,2.0,Gastodon Husk,2.0,hunting-horn,False,100,80,30,30,80,80,0
1086,2454,Gama Chorus II,hunting-horn,Gama Chorus I,N/A,10,1008,0,N/A,False,Blast,270.0,N/A,N/A,N/A,3,2,0,N/A,N/A,N/A,N/A,N/A,PRB,N/A,N/A,Gama Chorus II,hunting-horn,Upgrade,Fine Brachydios Ebonshell,2,Dodogama Mandible,2.0,Dodogama Lash,1.0,Monster Slogbone,5.0,hunting-horn,False,140,30,30,60,50,60,30
1087,2455,Hell Horn,hunting-horn,Gama Chorus I,N/A,10,924,0,N/A,False,Fire,240.0,N/A,N/A,N/A,1,0,0,N/A,N/A,N/A,N/A,N/A,PRG,N/A,N/A,Hell Horn,hunting-horn,Upgrade,Glavenus Hardfang,2,Glavenus Shard,4.0,Molten Bursa,2.0,Eltalite Ore,6.0,hunting-horn,False,110,30,30,110,40,80,0
1088,2456,Hell Horn+,hunting-horn,Hell Horn,N/A,10,1008,0,N/A,False,Fire,270.0,N/A,N/A,N/A,1,0,0,N/A,N/A,N/A,N/A,N/A,PRG,N/A,N/A,Hell Horn+,hunting-horn,Upgrade,Ebony Odogaron Hardfang,3,Glavenus Hellshell,4.0,Glavenus Tailedge,1.0,Glavenus Mantle,1.0,hunting-horn,False,120,30,30,60,50,80,30
1089,2457,Glavenus Horn,hunting-horn,Hell Horn+,N/A,11,1092,0,N/A,False,Fire,330.0,N/A,N/A,N/A,1,0,0,N/A,N/A,N/A,N/A,N/A,PRG,N/A,N/A,Glavenus Horn,hunting-horn,Upgrade,Fire Dragon Hardclaw,2,Glavenus Hardfang,5.0,Glavenus Hellshell,4.0,Pure Dragon Blood,3.0,hunting-horn,False,120,30,30,60,50,80,30
1090,474,Blazing Horn I,hunting-horn,Bone Horn III,N/A,3,546,-20,N/A,False,Fire,210.0,N/A,N/A,N/A,0,0,0,N/A,N/A,N/A,N/A,N/A,WBG,N/A,N/A,Blazing Horn I,hunting-horn,Upgrade,Anjanath Fang,2,Anjanath Scale,3.0,Flame Sac,1.0,N/A,N/A,hunting-horn,False,130,70,30,70,0,0,0
1091,475,Blazing Horn II,hunting-horn,Blazing Horn I,N/A,4,630,-20,N/A,False,Fire,240.0,N/A,N/A,N/A,0,0,0,N/A,N/A,N/A,N/A,N/A,WBG,N/A,N/A,Blazing Horn II,hunting-horn,Upgrade,Rathalos Marrow,1,Anjanath Fang,4.0,Anjanath Nosebone,1.0,Anjanath Tail,1.0,hunting-horn,False,120,70,30,80,0,0,0
1092,476,Anja Barone I,hunting-horn,Blazing Horn II,N/A,5,672,-20,N/A,False,Fire,270.0,N/A,N/A,N/A,0,0,0,N/A,N/A,N/A,N/A,N/A,PBG,N/A,N/A,Anja Barone I,hunting-horn,Upgrade,Anjanath Fang+,4,Anjanath Scale+,5.0,Inferno Sac,3.0,Anjanath Plate,1.0,hunting-horn,False,140,70,30,100,10,0,0
1093,477,Anja Barone II,hunting-horn,Anja Barone I,N/A,6,798,-20,N/A,False,Fire,330.0,N/A,N/A,N/A,0,0,0,N/A,N/A,N/A,N/A,N/A,PBG,N/A,N/A,Anja Barone II,hunting-horn,Upgrade,Rathalos Medulla,2,Anjanath Fang+,5.0,Anjanath Pelt+,4.0,Firecell Stone,1.0,hunting-horn,False,130,70,30,100,20,0,0
1094,478,Anja Barone III,hunting-horn,Anja Barone II,N/A,6,882,-20,N/A,False,Fire,450.0,N/A,N/A,N/A,0,0,0,N/A,N/A,N/A,N/A,N/A,PBG,N/A,N/A,Anja Barone III,hunting-horn,Upgrade,Teostra Mane,2,Anjanath Fang+,6.0,Anjanath Nosebone+,2.0,Anjanath Gem,1.0,hunting-horn,False,120,120,40,50,70,0,0
1095,2458,Anjanath Hum I,hunting-horn,Anja Barone III,N/A,9,966,-20,N/A,False,Fire,480.0,N/A,N/A,N/A,0,0,0,N/A,N/A,N/A,N/A,N/A,PBG,N/A,N/A,Anjanath Hum I,hunting-horn,Create,Anjanath Hardfang,2,Anjanath Lash,2.0,Anjanath Shard,6.0,Anjanath Mantle,1.0,hunting-horn,False,80,100,40,50,80,50,0
1096,2458,Anjanath Hum I,hunting-horn,Anja Barone III,N/A,9,966,-20,N/A,False,Fire,480.0,N/A,N/A,N/A,0,0,0,N/A,N/A,N/A,N/A,N/A,PBG,N/A,N/A,Anjanath Hum I,hunting-horn,Upgrade,Anjanath Hardfang,1,Anjanath Shard,2.0,Conflagrant Sac,1.0,Eltalite Ore,3.0,hunting-horn,False,80,100,40,50,80,50,0
1097,2459,Anjanath Hum II,hunting-horn,Anjanath Hum I,N/A,10,1134,-20,N/A,False,Fire,600.0,N/A,N/A,N/A,0,0,0,N/A,N/A,N/A,N/A,N/A,PBG,N/A,N/A,Anjanath Hum II,hunting-horn,Upgrade,Azure Rathalos Cortex,2,Anjanath Fur,3.0,Heavy Anjanath Nosebone,2.0,Anjanath Lash,1.0,hunting-horn,False,80,100,40,50,80,50,0
1098,2460,Fulguring Horn I,hunting-horn,Anjanath Hum I,N/A,10,1008,10,N/A,False,Thunder,270.0,N/A,N/A,N/A,0,0,0,N/A,N/A,N/A,N/A,N/A,PRB,N/A,N/A,Fulguring Horn I,hunting-horn,Upgrade,Fulgur Anjanath Hardfang,1,Fulgur Anjanath Shard,2.0,Monster Solidbone,3.0,Meldspar Ore,2.0,hunting-horn,False,80,100,40,50,80,50,0
1099,2461,Fulguring Horn II,hunting-horn,Fulguring Horn I,N/A,10,1050,20,N/A,False,Thunder,330.0,N/A,N/A,N/A,1,0,0,N/A,N/A,N/A,N/A,N/A,PRB,N/A,N/A,Fulguring Horn II,hunting-horn,Upgrade,Fulgur Anjanath Thickfur,3,Heavy Fulgur Anjanath Nosebone,2.0,Fulgur Anjanath Lash,1.0,Lightning Sac,3.0,hunting-horn,False,80,100,40,50,80,50,0
1100,2462,Sulfurteinn Svild,hunting-horn,Fulguring Horn I,N/A,10,1134,0,N/A,True,Paralysis,300.0,N/A,N/A,N/A,4,0,0,N/A,N/A,N/A,N/A,N/A,PRO,N/A,N/A,Sulfurteinn Svild,hunting-horn,Upgrade,Acidic Glavenus Hardfang,3,Acidic Glavenus Spineshell,3.0,Acidic Glavenus Tailedge,1.0,Honed Acidcryst,4.0,hunting-horn,False,160,100,30,30,50,30,0
1101,2463,The Rasping Ballad,hunting-horn,Sulfurteinn Svild,N/A,11,1218,0,N/A,True,Paralysis,330.0,N/A,N/A,N/A,4,0,0,N/A,N/A,N/A,N/A,N/A,PRO,N/A,N/A,The Rasping Ballad,hunting-horn,Upgrade,Vaal Hazak Hardclaw,2,Acidic Glavenus Hardfang,4.0,Acidic Glavenus Spineshell,3.0,Glavenus Mantle,1.0,hunting-horn,False,60,50,110,90,60,20,10
1102,479,Blooming Horn I,hunting-horn,Bone Horn II,N/A,2,504,0,N/A,False,Poison,240.0,N/A,N/A,N/A,0,0,0,N/A,N/A,N/A,N/A,N/A,WGC,N/A,N/A,Blooming Horn I,hunting-horn,Upgrade,Pukei-Pukei Quill,2,Pukei-Pukei Scale,3.0,Poison Sac,1.0,N/A,N/A,hunting-horn,False,70,50,50,80,0,0,0
1103,480,Blooming Horn II,hunting-horn,Blooming Horn I,N/A,3,546,0,N/A,False,Poison,300.0,N/A,N/A,N/A,0,0,0,N/A,N/A,N/A,N/A,N/A,WGC,N/A,N/A,Blooming Horn II,hunting-horn,Upgrade,Coral Crystal,3,Pukei-Pukei Sac,2.0,Pukei-Pukei Shell,3.0,Pukei-Pukei Tail,1.0,hunting-horn,False,110,70,30,90,0,0,0
1104,481,Blooming Horn III,hunting-horn,Blooming Horn II,N/A,4,588,0,N/A,False,Poison,360.0,N/A,N/A,N/A,0,0,0,N/A,N/A,N/A,N/A,N/A,WGC,N/A,N/A,Blooming Horn III,hunting-horn,Upgrade,Monster Bone+,2,Pukei-Pukei Quill,4.0,Pukei-Pukei Sac,2.0,Poison Sac,2.0,hunting-horn,False,100,70,30,100,0,0,0
1105,482,Datura Horn I,hunting-horn,Blooming Horn III,N/A,5,630,0,N/A,False,Poison,420.0,N/A,N/A,N/A,1,1,0,N/A,N/A,N/A,N/A,N/A,PGC,N/A,N/A,Datura Horn I,hunting-horn,Upgrade,Pukei-Pukei Scale+,3,Pukei-Pukei Wing,2.0,Toxin Sac,2.0,Quality Bone,3.0,hunting-horn,False,110,100,40,40,60,0,0
1106,483,Datura Horn II,hunting-horn,Datura Horn I,N/A,6,672,0,N/A,False,Poison,480.0,N/A,N/A,N/A,1,1,0,N/A,N/A,N/A,N/A,N/A,PGC,N/A,N/A,Datura Horn II,hunting-horn,Upgrade,Monster Hardbone,3,Pukei-Pukei Wing,3.0,Pukei-Pukei Carapace,5.0,Toxin Sac,2.0,hunting-horn,False,100,100,40,40,70,0,0
1107,484,Datura Horn III,hunting-horn,Datura Horn II,N/A,6,714,0,N/A,False,Poison,540.0,N/A,N/A,N/A,2,1,0,N/A,N/A,N/A,N/A,N/A,PGC,N/A,N/A,Datura Horn III,hunting-horn,Upgrade,Vaal Hazak Wing,2,Pukei-Pukei Sac+,4.0,Pukei-Pukei Wing,6.0,Bird Wyvern Gem,1.0,hunting-horn,False,110,120,40,50,80,0,0
1108,2464,Datura Maestro I,hunting-horn,Datura Horn III,N/A,9,840,0,N/A,False,Poison,600.0,N/A,N/A,N/A,2,1,0,N/A,N/A,N/A,N/A,N/A,PGC,N/A,N/A,Datura Maestro I,hunting-horn,Create,Pukei-Pukei Shard,6,Pukei-Pukei Fellwing,4.0,Deadly Poison Sac,4.0,Fey Wyvern Gem,1.0,hunting-horn,False,110,30,30,110,40,80,0
1109,2464,Datura Maestro I,hunting-horn,Datura Horn III,N/A,9,840,0,N/A,False,Poison,600.0,N/A,N/A,N/A,2,1,0,N/A,N/A,N/A,N/A,N/A,PGC,N/A,N/A,Datura Maestro I,hunting-horn,Upgrade,Pukei-Pukei Shard,3,Pukei-Pukei Fellwing,2.0,Deadly Poison Sac,2.0,Monster Toughbone,2.0,hunting-horn,False,110,30,30,110,40,80,0
1110,2465,Datura Maestro II,hunting-horn,Datura Maestro I,N/A,10,1008,0,N/A,False,Poison,660.0,N/A,N/A,N/A,2,1,0,N/A,N/A,N/A,N/A,N/A,PGC,N/A,N/A,Datura Maestro II,hunting-horn,Upgrade,Monster Slogbone,3,Rathian Surspike,2.0,Large Pukei-Pukei Sac,1.0,Pukei-Pukei Lash,1.0,hunting-horn,False,120,30,30,60,50,60,50
1111,2466,Icicle Horn I,hunting-horn,Datura Maestro I,N/A,10,966,20,N/A,False,Ice,270.0,N/A,N/A,N/A,0,0,0,N/A,N/A,N/A,N/A,N/A,PRY,N/A,N/A,Icicle Horn I,hunting-horn,Upgrade,Barioth Hardclaw,3,Barioth Cortex,4.0,Cryo Sac,4.0,Frozen Bone,3.0,hunting-horn,False,110,30,30,110,40,80,0
1112,2467,Icicle Horn II,hunting-horn,Icicle Horn I,N/A,10,1050,30,N/A,False,Ice,360.0,N/A,N/A,N/A,1,0,0,N/A,N/A,N/A,N/A,N/A,PRY,N/A,N/A,Icicle Horn II,hunting-horn,Upgrade,Obsidian Icetalon,2,Amber Hardfang,3.0,Barioth Greatspike,3.0,Large Wyvern Gem,1.0,hunting-horn,False,110,30,30,110,40,80,0
1113,3227,Bringuiro,hunting-horn,Icicle Horn I,N/A,11,1134,15,N/A,False,Ice,540.0,N/A,N/A,N/A,0,0,0,N/A,N/A,N/A,N/A,N/A,PRY,N/A,N/A,Bringuiro,hunting-horn,Create,Frostfang Ticket,3,Silverwhite Frostfang,3.0,Bergcrusher Claw,2.0,Large Wyvern Gem,1.0,hunting-horn,False,10,30,50,50,60,120,80
1114,3227,Bringuiro,hunting-horn,Icicle Horn I,N/A,11,1134,15,N/A,False,Ice,540.0,N/A,N/A,N/A,0,0,0,N/A,N/A,N/A,N/A,N/A,PRY,N/A,N/A,Bringuiro,hunting-horn,Upgrade,Frostfang Ticket,2,Silverwhite Frostfang,3.0,Bergcrusher Claw,1.0,Gracium,5.0,hunting-horn,False,10,30,50,50,60,120,80
1115,485,Lumu Horn I,hunting-horn,Blooming Horn I,N/A,3,546,10,N/A,False,N/A,N/A,N/A,N/A,N/A,0,0,0,N/A,N/A,N/A,N/A,N/A,WBC,N/A,N/A,Lumu Horn I,hunting-horn,Upgrade,Paolumu Shell,1,Paolumu Scale,3.0,Paolumu Pelt,2.0,N/A,N/A,hunting-horn,False,120,70,30,80,0,0,0
1116,486,Lumu Horn II,hunting-horn,Lumu Horn I,N/A,4,588,10,N/A,False,N/A,N/A,N/A,N/A,N/A,0,0,0,N/A,N/A,N/A,N/A,N/A,WBC,N/A,N/A,Lumu Horn II,hunting-horn,Upgrade,Diablos Shell,3,Paolumu Shell,3.0,Paolumu Webbing,2.0,Shamos Scale,5.0,hunting-horn,False,100,70,30,100,0,0,0
1117,487,Lumu Barone I,hunting-horn,Lumu Horn II,N/A,5,630,10,N/A,True,Water,420.0,N/A,N/A,N/A,1,1,0,N/A,N/A,N/A,N/A,N/A,PBC,N/A,N/A,Lumu Barone I,hunting-horn,Create,Paolumu Pelt+,6,Paolumu Webbing,6.0,Paolumu Carapace+,4.0,Wyvern Gem,1.0,hunting-horn,False,110,100,40,40,60,0,0
1118,487,Lumu Barone I,hunting-horn,Lumu Horn II,N/A,5,630,10,N/A,True,Water,420.0,N/A,N/A,N/A,1,1,0,N/A,N/A,N/A,N/A,N/A,PBC,N/A,N/A,Lumu Barone I,hunting-horn,Upgrade,Paolumu Carapace+,3,Paolumu Scale+,5.0,Paolumu Pelt+,4.0,Shamos Scale+,5.0,hunting-horn,False,110,100,40,40,60,0,0
1119,488,Lumu Barone II,hunting-horn,Lumu Barone I,N/A,6,672,10,N/A,True,Water,480.0,N/A,N/A,N/A,2,1,0,N/A,N/A,N/A,N/A,N/A,PBC,N/A,N/A,Lumu Barone II,hunting-horn,Upgrade,Blos Medulla,2,Paolumu Carapace+,4.0,Paolumu Wing,3.0,Novacrystal,1.0,hunting-horn,False,90,100,40,40,80,0,0
1120,489,Lumu Barone III,hunting-horn,Lumu Barone II,N/A,6,714,10,N/A,True,Water,570.0,N/A,N/A,N/A,3,1,0,N/A,N/A,N/A,N/A,N/A,PBC,N/A,N/A,Lumu Barone III,hunting-horn,Upgrade,Elder Dragon Bone,3,Paolumu Carapace+,5.0,Paolumu Scale+,7.0,Wyvern Gem,1.0,hunting-horn,False,80,50,60,120,50,40,0
1121,2468,Lumu Drone I,hunting-horn,Lumu Barone III,N/A,9,1008,10,N/A,True,Water,630.0,N/A,N/A,N/A,3,1,0,N/A,N/A,N/A,N/A,N/A,PBC,N/A,N/A,Lumu Drone I,hunting-horn,Upgrade,Paolumu Fellwing,1,Paolumu Cortex,1.0,Paolumu Thickfur,3.0,Shamos Shard,2.0,hunting-horn,False,110,30,30,110,40,80,0
1122,2469,Lumu Drone II,hunting-horn,Lumu Drone I,N/A,10,1050,10,N/A,True,Water,690.0,N/A,N/A,N/A,3,1,0,N/A,N/A,N/A,N/A,N/A,PBC,N/A,N/A,Lumu Drone II,hunting-horn,Upgrade,Rimed Hide,2,Paolumu Shard,3.0,Paolumu Cortex,2.0,Meldspar Ore,5.0,hunting-horn,False,140,30,30,60,50,60,30
1123,2470,Nyx Barone I,hunting-horn,Lumu Barone III,N/A,9,924,0,N/A,False,Sleep,390.0,N/A,N/A,N/A,2,0,0,N/A,N/A,N/A,N/A,N/A,PCO,N/A,N/A,Nyx Barone I,hunting-horn,Upgrade,Nightshade Paolumu Thickfur,3,Paolumu Cortex,2.0,Nightshade Paolumu Fellwing,2.0,Torpor Sac,1.0,hunting-horn,False,80,30,30,110,40,110,0
1124,2471,Nyx Barone II,hunting-horn,Nyx Barone I,N/A,10,1008,0,N/A,False,Sleep,450.0,N/A,N/A,N/A,2,0,0,N/A,N/A,N/A,N/A,N/A,PCO,N/A,N/A,Nyx Barone II,hunting-horn,Upgrade,Black Diablos Chine,2,Nightshade Paolumu Shard,5.0,Nightshade Paolumu Fellwing,3.0,Large Wyvern Gem,1.0,hunting-horn,False,60,30,30,110,40,130,0
1125,490,Rookslayer Drum,hunting-horn,Lumu Barone I,N/A,6,756,-10,N/A,False,Blast,180.0,N/A,N/A,N/A,2,2,0,N/A,N/A,N/A,N/A,N/A,PRG,N/A,N/A,Rookslayer Drum,hunting-horn,Upgrade,Bazelgeuse Talon,3,Bazelgeuse Scale+,5.0,Bazelgeuse Fuse,4.0,Firecell Stone,1.0,hunting-horn,False,110,100,40,40,60,0,0
1126,491,Bazelreid Rookslayer,hunting-horn,Rookslayer Drum,N/A,8,840,-10,N/A,False,Blast,210.0,N/A,N/A,N/A,2,2,0,N/A,N/A,N/A,N/A,N/A,PRG,N/A,N/A,Bazelreid Rookslayer,hunting-horn,Upgrade,Xeno'jiiva Wing,3,Bazelgeuse Wing,4.0,Bazelgeuse Talon,4.0,Bazelgeuse Gem,1.0,hunting-horn,False,70,120,80,60,20,50,0
1127,2472,Rooksearer Drum,hunting-horn,Bazelreid Rookslayer,N/A,11,1008,-10,N/A,False,Blast,240.0,N/A,N/A,N/A,2,2,0,N/A,N/A,N/A,N/A,N/A,PRG,N/A,N/A,Rooksearer Drum,hunting-horn,Upgrade,Bazelgeuse Hardclaw,3,Bazelgeuse Shard,4.0,Distilled Blast Fluid,3.0,Meldspar Ore,5.0,hunting-horn,False,170,30,30,60,50,10,50
1128,2473,Bazel Valdi Rooksearer,hunting-horn,Rooksearer Drum,N/A,12,1092,-10,N/A,False,Blast,300.0,N/A,N/A,N/A,2,2,0,N/A,N/A,N/A,N/A,N/A,PRG,N/A,N/A,Bazel Valdi Rooksearer,hunting-horn,Upgrade,Shara Ishvalda Petalstone,2,Scorching Silverwing,4.0,Bazelgeuse Hardclaw,4.0,Bazelgeuse Mantle,1.0,hunting-horn,False,160,30,30,60,50,20,50
1129,492,Sonic Horn I,hunting-horn,Bone Horn II,N/A,2,462,0,N/A,False,Paralysis,120.0,N/A,N/A,N/A,0,0,0,N/A,N/A,N/A,N/A,N/A,WBY,N/A,N/A,Sonic Horn I,hunting-horn,Upgrade,Vespoid Shell,2,Vespoid Wing,1.0,Ancient Bone,1.0,N/A,N/A,hunting-horn,False,60,70,30,90,0,0,0
1130,493,Sonic Horn II,hunting-horn,Sonic Horn I,N/A,3,504,0,N/A,False,Paralysis,150.0,N/A,N/A,N/A,0,0,0,N/A,N/A,N/A,N/A,N/A,WBY,N/A,N/A,Sonic Horn II,hunting-horn,Upgrade,Vespoid Shell,2,Vespoid Wing,2.0,Monster Fluid,2.0,Paralysis Sac,1.0,hunting-horn,False,100,70,30,100,0,0,0
1131,494,Sonic Horn III,hunting-horn,Sonic Horn II,N/A,4,546,0,N/A,False,Paralysis,180.0,N/A,N/A,N/A,0,0,0,N/A,N/A,N/A,N/A,N/A,WBY,N/A,N/A,Sonic Horn III,hunting-horn,Upgrade,Vespoid Wing,3,Hornetaur Wing,3.0,Girros Fang,6.0,Paralysis Sac,2.0,hunting-horn,False,80,70,30,120,0,0,0
1132,495,Glass Royale,hunting-horn,Sonic Horn III,N/A,5,588,0,N/A,False,Paralysis,240.0,N/A,N/A,N/A,1,1,0,N/A,N/A,N/A,N/A,N/A,PBY,N/A,N/A,Glass Royale,hunting-horn,Upgrade,Vespoid Carapace,6,Vespoid Innerwing,3.0,Monster Broth,5.0,Omniplegia Sac,2.0,hunting-horn,False,90,100,40,40,80,0,0
1133,496,Glass Royale+,hunting-horn,Glass Royale,N/A,6,630,0,N/A,False,Paralysis,270.0,N/A,N/A,N/A,1,1,0,N/A,N/A,N/A,N/A,N/A,PBY,N/A,N/A,Glass Royale+,hunting-horn,Upgrade,Vespoid Innerwing,6,Hornetaur Innerwing,6.0,Great Girros Fang+,5.0,Brutal Bone,2.0,hunting-horn,False,80,100,40,40,90,0,0
1134,497,Queen Vespoid Horn,hunting-horn,Glass Royale+,N/A,7,672,0,N/A,False,Paralysis,300.0,N/A,N/A,N/A,1,1,0,N/A,N/A,N/A,N/A,N/A,PBY,N/A,N/A,Queen Vespoid Horn,hunting-horn,Upgrade,Daora Webbing,3,Vespoid Innerwing,3.0,Hornetaur Head,1.0,Novacrystal,2.0,hunting-horn,False,110,30,60,80,40,80,0
1135,2474,Queen Vespoid Horn+,hunting-horn,Queen Vespoid Horn,N/A,10,1008,0,N/A,False,Paralysis,360.0,N/A,N/A,N/A,4,1,0,N/A,N/A,N/A,N/A,N/A,PBY,N/A,N/A,Queen Vespoid Horn+,hunting-horn,Upgrade,Vespoid Razorwing,2,Tough Claw,2.0,Monster Essence,2.0,Spiritvein Crystal,3.0,hunting-horn,False,100,30,30,110,40,90,0
1136,2475,Queen's Flute II,hunting-horn,Queen Vespoid Horn+,N/A,11,1092,0,N/A,False,Paralysis,420.0,N/A,N/A,N/A,4,1,0,N/A,N/A,N/A,N/A,N/A,PBY,N/A,N/A,Queen's Flute II,hunting-horn,Upgrade,Ebony Odogaron Hardfang,2,Vespoid Razorwing,3.0,Monster Solidbone,3.0,Ultraplegia Sac,2.0,hunting-horn,False,130,30,30,60,50,70,30
1137,498,Spiked Horn I,hunting-horn,Sonic Horn I,N/A,3,546,0,15.0,False,Sleep,150.0,N/A,N/A,N/A,0,0,0,N/A,N/A,N/A,N/A,N/A,WRY,N/A,N/A,Spiked Horn I,hunting-horn,Upgrade,Wyvern Bonemass,2,Radobaan Scale,4.0,Sleep Sac,2.0,N/A,N/A,hunting-horn,False,110,70,30,90,0,0,0
1138,499,Spiked Horn II,hunting-horn,Spiked Horn I,N/A,4,588,0,15.0,False,Sleep,180.0,N/A,N/A,N/A,0,0,0,N/A,N/A,N/A,N/A,N/A,WRY,N/A,N/A,Spiked Horn II,hunting-horn,Upgrade,Monster Bone+,3,Wyvern Bonemass,3.0,Radobaan Oilshell,2.0,Radobaan Marrow,1.0,hunting-horn,False,90,70,30,110,0,0,0
1139,500,Baan Horn I,hunting-horn,Spiked Horn II,N/A,5,672,0,20.0,False,Sleep,210.0,N/A,N/A,N/A,0,0,0,N/A,N/A,N/A,N/A,N/A,PRY,N/A,N/A,Baan Horn I,hunting-horn,Upgrade,Radobaan Carapace,4,Radobaan Oilshell,3.0,Coma Sac,2.0,Monster Keenbone,3.0,hunting-horn,False,110,100,40,40,60,0,0
1140,501,Baan Horn II,hunting-horn,Baan Horn I,N/A,6,756,0,20.0,False,Sleep,240.0,N/A,N/A,N/A,0,0,0,N/A,N/A,N/A,N/A,N/A,PRY,N/A,N/A,Baan Horn II,hunting-horn,Upgrade,Monster Hardbone,5,Radobaan Scale+,8.0,Coma Sac,3.0,Radobaan Medulla,1.0,hunting-horn,False,100,100,40,40,70,0,0
1141,502,Baan Horn III,hunting-horn,Baan Horn II,N/A,6,798,0,20.0,False,Sleep,270.0,N/A,N/A,N/A,0,0,0,N/A,N/A,N/A,N/A,N/A,PRY,N/A,N/A,Baan Horn III,hunting-horn,Upgrade,Elder Dragon Bone,5,Radobaan Carapace,6.0,Coma Sac,4.0,Wyvern Gem,1.0,hunting-horn,False,110,120,40,50,80,0,0
1142,2476,Baan Rattle I,hunting-horn,Baan Horn III,N/A,9,924,0,35.0,False,Sleep,300.0,N/A,N/A,N/A,0,0,0,N/A,N/A,N/A,N/A,N/A,PRY,N/A,N/A,Baan Rattle I,hunting-horn,Create,Radobaan Oilshell+,2,Radobaan Shard,4.0,Torpor Sac,3.0,Large Wyvern Gem,1.0,hunting-horn,False,110,30,30,110,40,80,0
1143,2476,Baan Rattle I,hunting-horn,Baan Horn III,N/A,9,924,0,35.0,False,Sleep,300.0,N/A,N/A,N/A,0,0,0,N/A,N/A,N/A,N/A,N/A,PRY,N/A,N/A,Baan Rattle I,hunting-horn,Upgrade,Radobaan Cortex,2,Radobaan Shard,2.0,Torpor Sac,1.0,Monster Toughbone,3.0,hunting-horn,False,110,30,30,110,40,80,0
1144,2477,Baan Rattle II,hunting-horn,Baan Rattle I,N/A,10,1050,0,35.0,False,Sleep,330.0,N/A,N/A,N/A,0,0,0,N/A,N/A,N/A,N/A,N/A,PRY,N/A,N/A,Baan Rattle II,hunting-horn,Upgrade,Monster Solidbone,3,Large Wyvern Bonemass,3.0,Radobaan Oilshell+,2.0,Thick Bone,5.0,hunting-horn,False,110,30,30,110,40,80,0
1145,2478,Brachydios Horn I,hunting-horn,Baan Rattle I,N/A,10,966,0,N/A,False,Blast,300.0,N/A,N/A,N/A,1,0,0,N/A,N/A,N/A,N/A,N/A,PBC,N/A,N/A,Brachydios Horn I,hunting-horn,Upgrade,Brachydios Crown,2,Brachydios Cortex,4.0,Glowing Slime,3.0,Meldspar Ore,3.0,hunting-horn,False,100,30,30,110,40,90,0
1146,2479,Brachydios Horn II,hunting-horn,Brachydios Horn I,N/A,10,1050,0,N/A,False,Blast,510.0,N/A,N/A,N/A,1,0,0,N/A,N/A,N/A,N/A,N/A,PBC,N/A,N/A,Brachydios Horn II,hunting-horn,Upgrade,Azure Rathalos Fellwing,3,Brachydios Pounder+,4.0,Brachydios Lash,1.0,Glowing Slime,5.0,hunting-horn,False,80,30,30,110,40,110,0
1147,503,Dragonbone Auldhorn I,hunting-horn,N/A,N/A,3,420,0,N/A,False,Dragon,300.0,N/A,N/A,low,0,0,0,N/A,N/A,N/A,N/A,N/A,WCY,N/A,N/A,Dragonbone Auldhorn I,hunting-horn,Create,Warped Bone,5,Coral Bone,5.0,Boulder Bone,5.0,Ancient Bone,5.0,hunting-horn,False,110,70,30,90,0,0,0
1148,504,Dragonbone Auldhorn II,hunting-horn,Dragonbone Auldhorn I,N/A,4,462,0,N/A,False,Dragon,360.0,N/A,N/A,low,0,0,0,N/A,N/A,N/A,N/A,N/A,WCY,N/A,N/A,Dragonbone Auldhorn II,hunting-horn,Upgrade,Monster Bone+,6,Monster Bone L,8.0,Sturdy Bone,8.0,N/A,N/A,hunting-horn,False,70,70,30,130,0,0,0
1149,505,Dragonbone Auldhorn III,hunting-horn,Dragonbone Auldhorn II,N/A,6,672,0,N/A,False,Dragon,420.0,N/A,N/A,low,1,1,0,N/A,N/A,N/A,N/A,N/A,PCY,N/A,N/A,Dragonbone Auldhorn III,hunting-horn,Upgrade,Elder Dragon Bone,10,Brutal Bone,4.0,Dragonbone Relic,2.0,Wyvern Gem,1.0,hunting-horn,False,120,110,40,40,70,20,0
1150,2480,Dragonseal Aldhorn I,hunting-horn,Dragonbone Auldhorn III,N/A,10,882,0,N/A,False,Dragon,570.0,N/A,N/A,average,1,1,0,N/A,N/A,N/A,N/A,N/A,PCY,N/A,N/A,Dragonseal Aldhorn I,hunting-horn,Upgrade,Monster Solidbone,3,Monster Slogbone,4.0,Thick Bone,6.0,Dragonbone Artifact,1.0,hunting-horn,False,130,100,30,30,80,30,0
1151,2481,Dragonseal Aldhorn II,hunting-horn,Dragonseal Aldhorn I,N/A,11,1008,0,N/A,False,Dragon,720.0,N/A,N/A,average,1,1,0,N/A,N/A,N/A,N/A,N/A,PCY,N/A,N/A,Dragonseal Aldhorn II,hunting-horn,Upgrade,Large Elder Dragon Bone,6,Monster Solidbone,4.0,Lavasioth Grandfin,2.0,Large Wyvern Gem,1.0,hunting-horn,False,70,60,60,100,80,30,0
1152,2482,Austere Paradise,hunting-horn,Dragonseal Aldhorn I,N/A,12,1176,0,30.0,True,Dragon,510.0,N/A,N/A,high,1,1,0,N/A,N/A,N/A,N/A,N/A,PBO,N/A,N/A,Austere Paradise,hunting-horn,Upgrade,Shara Ishvalda Tenderclaw,4,Shara Ishvalda Tenderscale,6.0,Shara Ishvalda Tenderplate,2.0,Shara Ishvalda Gem,1.0,hunting-horn,False,170,30,30,60,50,30,30
1153,506,Thundercry Horn,hunting-horn,Dragonbone Auldhorn I,N/A,4,504,0,N/A,False,Thunder,390.0,N/A,N/A,N/A,0,0,0,N/A,N/A,N/A,N/A,N/A,WGY,N/A,N/A,Thundercry Horn,hunting-horn,Upgrade,Kirin Thunderhorn,3,Kirin Hide,3.0,Kirin Tail,1.0,Lightcrystal,1.0,hunting-horn,False,60,50,80,110,0,0,0
1154,507,Thunderbolt Horn I,hunting-horn,Thundercry Horn,N/A,6,588,0,N/A,False,Thunder,480.0,N/A,N/A,N/A,0,0,0,N/A,N/A,N/A,N/A,N/A,PGY,N/A,N/A,Thunderbolt Horn I,hunting-horn,Upgrade,Kirin Azure Horn,4,Kirin Hide+,5.0,Kirin Mane,4.0,Dragonvein Crystal,5.0,hunting-horn,False,110,20,20,150,100,0,0
1155,508,Thunderbolt Horn II,hunting-horn,Thunderbolt Horn I,N/A,7,672,0,N/A,False,Thunder,540.0,N/A,N/A,N/A,0,0,0,N/A,N/A,N/A,N/A,N/A,PGY,N/A,N/A,Thunderbolt Horn II,hunting-horn,Upgrade,Xeno'jiiva Shell,4,Kirin Azure Horn,6.0,Kirin Thundertail,3.0,Novacrystal,2.0,hunting-horn,False,110,20,20,140,110,0,0
1156,2483,Thunderwail Feyhorn,hunting-horn,Thunderbolt Horn II,N/A,11,1008,0,N/A,False,Thunder,660.0,N/A,N/A,N/A,0,0,0,N/A,N/A,N/A,N/A,N/A,PGY,N/A,N/A,Thunderwail Feyhorn,hunting-horn,Upgrade,Kirin Azure Horn+,3,Kirin Finehide,4.0,Kirin Silvermane,3.0,Purecrystal,1.0,hunting-horn,False,60,80,30,30,80,120,0
1157,2484,Hydros Horn,hunting-horn,Thunderbolt Horn II,N/A,11,1134,10,N/A,False,Water,450.0,N/A,N/A,N/A,1,0,0,N/A,N/A,N/A,N/A,N/A,PYO,N/A,N/A,Hydros Horn,hunting-horn,Upgrade,Namielle Hardclaw,4,Namielle Finehide,5.0,Namielle Whisker,2.0,Purecrystal,1.0,hunting-horn,False,70,80,30,30,80,110,0
1158,509,Blacksteel Dragonhorn I,hunting-horn,N/A,N/A,5,420,0,N/A,False,Dragon,120.0,N/A,N/A,low,0,0,0,N/A,N/A,N/A,N/A,N/A,PCY,N/A,N/A,Blacksteel Dragonhorn I,hunting-horn,Create,Dragonvein Crystal,10,Earth Crystal,10.0,Coral Crystal,10.0,Lightcrystal,1.0,hunting-horn,False,150,110,40,40,10,0,0
1159,510,Blacksteel Dragonhorn II,hunting-horn,Blacksteel Dragonhorn I,N/A,6,462,0,N/A,False,Dragon,150.0,N/A,N/A,low,0,0,0,N/A,N/A,N/A,N/A,N/A,PCY,N/A,N/A,Blacksteel Dragonhorn II,hunting-horn,Upgrade,Firecell Stone,1,Fucium Ore,5.0,Carbalite Ore,10.0,Wyvern Gem,1.0,hunting-horn,False,140,110,40,40,20,0,0
1160,511,Teostra's Tiple,hunting-horn,Blacksteel Dragonhorn II,N/A,7,756,0,N/A,False,Blast,330.0,N/A,N/A,N/A,0,0,0,N/A,N/A,N/A,N/A,N/A,PCO,N/A,N/A,Teostra's Tiple,hunting-horn,Upgrade,Teostra Claw+,2,Teostra Mane,2.0,Teostra Carapace,5.0,Teostra Powder,4.0,hunting-horn,False,110,60,80,80,50,20,0
1161,512,Teostra's Orphée,hunting-horn,Teostra's Tiple,N/A,8,798,0,N/A,False,Blast,390.0,N/A,N/A,N/A,0,0,0,N/A,N/A,N/A,N/A,N/A,PCO,N/A,N/A,Teostra's Orphée,hunting-horn,Upgrade,Xeno'jiiva Soulscale,5,Teostra Horn+,5.0,Teostra Claw+,2.0,Teostra Gem,1.0,hunting-horn,False,90,60,60,100,60,30,0
1162,2485,Teostra's Musica,hunting-horn,Teostra's Orphée,N/A,11,1092,10,N/A,False,Blast,420.0,N/A,N/A,N/A,0,0,0,N/A,N/A,N/A,N/A,N/A,PCO,N/A,N/A,Teostra's Musica,hunting-horn,Upgrade,Teostra Hardhorn,5,Fire Dragon Hardclaw,4.0,Teostra Mane+,4.0,Large Elder Dragon Gem,1.0,hunting-horn,False,100,80,30,30,80,80,0
1163,513,Xeno Manasheena,hunting-horn,Blacksteel Dragonhorn II,N/A,8,714,15,N/A,False,Dragon,180.0,N/A,N/A,low,3,3,0,N/A,N/A,N/A,N/A,N/A,PBO,N/A,N/A,Xeno Manasheena,hunting-horn,Upgrade,Xeno'jiiva Claw,4,Xeno'jiiva Shell,6.0,Xeno'jiiva Tail,2.0,Xeno'jiiva Gem,1.0,hunting-horn,False,130,30,60,80,40,60,0
1164,1160,Devil's Maestro,hunting-horn,N/A,N/A,6,840,-30,N/A,False,Dragon,180.0,N/A,N/A,high,0,0,0,N/A,N/A,N/A,N/A,N/A,PRB,N/A,N/A,Devil's Maestro,hunting-horn,Create,Deviljho Scale,6,Deviljho Talon,2.0,Deviljho Tallfang,3.0,Deviljho Saliva,2.0,hunting-horn,False,60,120,80,60,30,50,0
1165,1161,Deep Vero,hunting-horn,Devil's Maestro,N/A,7,924,-30,N/A,False,Dragon,240.0,N/A,N/A,high,0,0,0,N/A,N/A,N/A,N/A,N/A,PRB,N/A,N/A,Deep Vero,hunting-horn,Upgrade,Elder Dragon Blood,5,Deviljho Scalp,2.0,Deviljho Tallfang,5.0,Deviljho Gem,1.0,hunting-horn,False,50,120,80,60,40,50,0
1166,2486,Fate's Dirge,hunting-horn,Deep Vero,N/A,12,1176,-30,N/A,False,Dragon,330.0,N/A,N/A,high,0,0,0,N/A,N/A,N/A,N/A,N/A,PRB,N/A,N/A,Fate's Dirge,hunting-horn,Upgrade,Vile Fang,3,Deviljho Ripper,2.0,Black Blood,3.0,Deviljho Crook,1.0,hunting-horn,False,160,30,30,60,50,40,30
1167,1214,Empress Roar,hunting-horn,N/A,N/A,7,798,0,N/A,False,Blast,150.0,N/A,N/A,N/A,1,0,0,N/A,N/A,N/A,N/A,N/A,PRO,N/A,N/A,Empress Roar,hunting-horn,Create,Lunastra Scale+,4,Lunastra Horn,3.0,Lunastra Mane,3.0,Lunastra Gem,1.0,hunting-horn,False,110,30,60,80,40,80,0
1168,1215,"Empress Roar ""Blaze""",hunting-horn,Empress Roar,N/A,8,798,20,N/A,False,Blast,180.0,N/A,N/A,N/A,1,0,0,N/A,N/A,N/A,N/A,N/A,PRO,N/A,Guts,"Empress Roar ""Blaze""",hunting-horn,Upgrade,Research Commission Ticket,1,Lunastra Horn,2.0,Teostra Horn+,3.0,Bazelgeuse Gem,1.0,hunting-horn,False,110,30,60,80,40,80,0
1169,2487,"Soulfire Chorus ""Blaze""",hunting-horn,"Empress Roar ""Blaze""",N/A,12,1050,20,N/A,False,Blast,270.0,N/A,N/A,N/A,2,1,0,N/A,N/A,N/A,N/A,N/A,PRO,N/A,Guts,"Soulfire Chorus ""Blaze""",hunting-horn,Upgrade,Lunastra Shard,4,Lunastra Hardhorn,4.0,Lunastra Mane+,4.0,Large Elder Dragon Gem,1.0,hunting-horn,False,120,30,90,30,30,80,20
1170,1216,"Empress Roar ""Ruin""",hunting-horn,Empress Roar,N/A,8,840,0,N/A,False,Blast,150.0,N/A,N/A,N/A,2,0,0,N/A,N/A,N/A,N/A,N/A,PGO,N/A,Hasten Recovery,"Empress Roar ""Ruin""",hunting-horn,Upgrade,Research Commission Ticket,1,Lunastra Wing,3.0,Nergigante Horn+,3.0,Nergigante Gem,1.0,hunting-horn,False,110,30,60,80,40,80,0
1171,2488,"Soulfire Chorus ""Ruin""",hunting-horn,"Empress Roar ""Ruin""",N/A,12,1134,0,N/A,False,Blast,210.0,N/A,N/A,N/A,2,2,0,N/A,N/A,N/A,N/A,N/A,PGO,N/A,Hasten Recovery,"Soulfire Chorus ""Ruin""",hunting-horn,Upgrade,Lunastra Shard,4,Annihilating Greathorn,3.0,Eternal Regrowth Plate,3.0,Large Elder Dragon Gem,1.0,hunting-horn,False,120,30,90,30,30,80,20
1172,1217,"Empress Roar ""Styx""",hunting-horn,Empress Roar,N/A,8,798,10,N/A,False,Blast,240.0,N/A,N/A,N/A,3,1,0,N/A,N/A,N/A,N/A,N/A,PBO,N/A,Razor Sharp/Spare Shot,"Empress Roar ""Styx""",hunting-horn,Upgrade,Research Commission Ticket,1,Lunastra Tail,2.0,Xeno'jiiva Horn,3.0,Xeno'jiiva Gem,1.0,hunting-horn,False,110,30,60,80,40,80,0
1173,2489,"Soulfire Chorus ""Styx""",hunting-horn,"Empress Roar ""Styx""",N/A,12,1050,10,N/A,False,Blast,330.0,N/A,N/A,N/A,3,3,0,N/A,N/A,N/A,N/A,N/A,PBO,N/A,Razor Sharp/Spare Shot,"Soulfire Chorus ""Styx""",hunting-horn,Upgrade,Lunastra Shard,5,Lunastra Lash,1.0,Elder Spiritvein Bone,6.0,Large Elder Dragon Gem,1.0,hunting-horn,False,120,30,90,30,30,80,20
1174,3142,Denden Daiko,hunting-horn,N/A,N/A,11,1218,-15,N/A,False,Thunder,90.0,N/A,N/A,N/A,4,0,0,N/A,N/A,N/A,N/A,N/A,PBO,N/A,N/A,Denden Daiko,hunting-horn,Create,Rajang Hardhorn,1,Rajang Hardclaw,1.0,Rajang Hardfang,2.0,Rajang Wildpelt,2.0,hunting-horn,False,110,100,40,50,50,50,0
1175,3143,Denden Doomsounder,hunting-horn,Denden Daiko,N/A,12,1302,-15,N/A,False,Thunder,120.0,N/A,N/A,N/A,4,0,0,N/A,N/A,N/A,N/A,N/A,PBO,N/A,N/A,Denden Doomsounder,hunting-horn,Upgrade,Tempered Glimmerpelt,3,Rajang Hardhorn,3.0,Rajang Hardfang,7.0,Gold Rajang Pelt+,3.0,hunting-horn,False,100,100,40,50,60,50,0
1176,3144,Demonlord Wardrum,hunting-horn,N/A,N/A,12,1176,15,N/A,False,Thunder,300.0,N/A,N/A,N/A,0,0,0,N/A,N/A,N/A,N/A,N/A,PRG,N/A,N/A,Demonlord Wardrum,hunting-horn,Create,Ghoulish Gold Gorer,3,Rajang Apoplexy,2.0,Gold Rajang Pelt+,5.0,Rajang Heart,1.0,hunting-horn,False,120,20,20,70,40,30,100
1177,3145,Brimstren Drakesong,hunting-horn,N/A,N/A,11,1050,0,N/A,False,Dragon,270.0,N/A,N/A,average,2,0,0,N/A,N/A,N/A,N/A,N/A,PYO,N/A,N/A,Brimstren Drakesong,hunting-horn,Create,Stygian Zinogre Hardhorn,1,Stygian Zinogre Hardclaw,1.0,Stygian Zinogre Dragonlocks,2.0,Stygian Zinogre Dragonhold,2.0,hunting-horn,False,150,20,20,70,40,30,70
1178,3146,Stygian Tristitia,hunting-horn,Brimstren Drakesong,N/A,12,1134,0,N/A,False,Dragon,360.0,N/A,N/A,average,2,0,0,N/A,N/A,N/A,N/A,N/A,PYO,N/A,N/A,Stygian Tristitia,hunting-horn,Upgrade,Tempered Dragonhold,3,Stygian Zinogre Hardhorn,2.0,Stygian Zinogre Hardclaw,5.0,Stygian Zinogre Skymerald,1.0,hunting-horn,False,130,20,20,70,40,30,90
1179,3147,Lightbreak Timbre,hunting-horn,N/A,N/A,12,1260,0,N/A,False,Blast,270.0,N/A,N/A,N/A,4,3,0,N/A,N/A,N/A,N/A,N/A,PCO,N/A,N/A,Lightbreak Timbre,hunting-horn,Create,Brach Obliterator,3,Brach Warhead,1.0,Indestructible Ebonshell,4.0,Immortal Reactor,1.0,hunting-horn,True,150,30,90,30,30,50,20
1180,3204,Alatreon Harmony,hunting-horn,N/A,N/A,11,1050,0,N/A,False,Dragon,630.0,N/A,N/A,low,2,0,0,N/A,N/A,N/A,N/A,N/A,PYO,N/A,N/A,Alatreon Harmony,hunting-horn,Create,Alatreon Mantle,3,Skyswayer,1.0,Alatreon Riptalon,3.0,Large Elder Dragon Gem,1.0,hunting-horn,False,120,20,20,70,40,30,100
1181,3205,Alatreon Revival,hunting-horn,Alatreon Harmony,N/A,12,1176,0,N/A,False,Dragon,780.0,N/A,N/A,low,2,2,0,N/A,N/A,N/A,N/A,N/A,PYO,N/A,N/A,Alatreon Revival,hunting-horn,Upgrade,Alatreon Direwing,1,Skyswayer,2.0,Alatreon Riptalon,2.0,Azure Dragonsphire,1.0,hunting-horn,False,80,20,20,70,40,30,140
1182,3248,Fatalis Menace,hunting-horn,N/A,N/A,11,1302,-40,N/A,False,Dragon,90.0,N/A,N/A,high,4,4,0,N/A,N/A,N/A,N/A,N/A,PRO,N/A,N/A,Fatalis Menace,hunting-horn,Create,Fatalis Shard,3,Fatalis Pectus,1.0,Fatalis Hardhorn,1.0,Fatalis Evil Eye,1.0,hunting-horn,False,140,20,20,70,40,30,80
1183,3249,Fatalis Menace Wailer,hunting-horn,Fatalis Menace,N/A,12,1470,-20,N/A,False,Dragon,150.0,N/A,N/A,high,4,4,0,N/A,N/A,N/A,N/A,N/A,PRO,N/A,N/A,Fatalis Menace Wailer,hunting-horn,Upgrade,Large Elder Dragon Gem,1,Fatalis Pectus,2.0,Fatalis Hardhorn,2.0,Fatalis Evil Eye,1.0,hunting-horn,False,140,20,20,70,40,30,80
1184,2490,Guild Palace Bard,hunting-horn,N/A,N/A,10,1050,10,30.0,True,Water,450.0,N/A,N/A,N/A,3,0,0,N/A,N/A,N/A,N/A,N/A,PRB,N/A,N/A,Guild Palace Bard,hunting-horn,Create,Fest Ticket,2,Amber Hardfang,2.0,Gracium,5.0,Purecrystal,1.0,hunting-horn,False,150,30,30,60,50,50,30
1185,2491,Royal Song Symphony,hunting-horn,Guild Palace Bard,N/A,12,1134,15,30.0,True,Water,540.0,N/A,N/A,N/A,3,0,0,N/A,N/A,N/A,N/A,N/A,PRB,N/A,N/A,Royal Song Symphony,hunting-horn,Upgrade,Hero King Coin,1,Namielle Hardclaw,3.0,Large Elder Dragon Bone,5.0,Pure Dragon Blood,3.0,hunting-horn,False,140,30,30,60,50,40,50
1186,2492,Defender Lance I,lance,N/A,N/A,1,299,0,N/A,False,Blast,180.0,N/A,N/A,N/A,0,0,0,N/A,N/A,N/A,N/A,N/A,N/A,N/A,N/A,Defender Lance I,lance,Create,Iron Ore,1,N/A,N/A,N/A,N/A,N/A,N/A,lance,False,30,60,20,140,0,0,0
1187,2493,Defender Lance II,lance,Defender Lance I,N/A,3,391,0,N/A,False,Blast,210.0,N/A,N/A,N/A,0,0,0,N/A,N/A,N/A,N/A,N/A,N/A,N/A,N/A,Defender Lance II,lance,Upgrade,Anjanath Scale,1,N/A,N/A,N/A,N/A,N/A,N/A,lance,False,30,60,20,150,40,0,0
1188,2494,Defender Lance III,lance,Defender Lance II,N/A,5,437,0,N/A,False,Blast,240.0,N/A,N/A,N/A,0,0,0,N/A,N/A,N/A,N/A,N/A,N/A,N/A,N/A,Defender Lance III,lance,Upgrade,Commendation,1,N/A,N/A,N/A,N/A,N/A,N/A,lance,False,50,50,50,80,120,0,0
1189,2495,Defender Lance IV,lance,Defender Lance III,N/A,6,483,0,N/A,False,Blast,270.0,N/A,N/A,N/A,0,0,0,N/A,N/A,N/A,N/A,N/A,N/A,N/A,N/A,Defender Lance IV,lance,Upgrade,Pink Rathian Scale+,1,N/A,N/A,N/A,N/A,N/A,N/A,lance,False,30,50,50,80,140,0,0
1190,2496,Defender Lance V,lance,Defender Lance IV,N/A,7,506,0,N/A,False,Blast,300.0,N/A,N/A,N/A,0,0,0,N/A,N/A,N/A,N/A,N/A,N/A,N/A,N/A,Defender Lance V,lance,Upgrade,Immortal Dragonscale,1,N/A,N/A,N/A,N/A,N/A,N/A,lance,False,90,30,30,110,40,100,0
1191,514,Iron Lance I,lance,N/A,N/A,1,184,0,N/A,False,N/A,N/A,N/A,N/A,N/A,0,0,0,N/A,N/A,N/A,N/A,N/A,N/A,N/A,N/A,Iron Lance I,lance,Create,Iron Ore,1,N/A,N/A,N/A,N/A,N/A,N/A,lance,False,100,50,80,20,0,0,0
1192,515,Iron Lance II,lance,Iron Lance I,N/A,1,207,0,N/A,False,N/A,N/A,N/A,N/A,N/A,0,0,0,N/A,N/A,N/A,N/A,N/A,N/A,N/A,N/A,Iron Lance II,lance,Upgrade,Iron Ore,2,N/A,N/A,N/A,N/A,N/A,N/A,lance,False,80,70,30,70,0,0,0
1193,516,Iron Lance III,lance,Iron Lance II,N/A,2,230,0,N/A,False,N/A,N/A,N/A,N/A,N/A,0,0,0,N/A,N/A,N/A,N/A,N/A,N/A,N/A,N/A,Iron Lance III,lance,Upgrade,Earth Crystal,2,Machalite Ore,2.0,Iron Ore,5.0,N/A,N/A,lance,False,60,70,30,90,0,0,0
1194,517,Steel Lance I,lance,Iron Lance III,N/A,3,253,0,N/A,False,N/A,N/A,N/A,N/A,N/A,0,0,0,N/A,N/A,N/A,N/A,N/A,N/A,N/A,N/A,Steel Lance I,lance,Upgrade,Dragonite Ore,2,Machalite Ore,5.0,Monster Bone M,2.0,N/A,N/A,lance,False,80,50,80,90,0,0,0
1195,518,Steel Lance II,lance,Steel Lance I,N/A,4,299,0,N/A,False,N/A,N/A,N/A,N/A,N/A,0,0,0,N/A,N/A,N/A,N/A,N/A,N/A,N/A,N/A,Steel Lance II,lance,Upgrade,Monster Bone+,2,Dragonite Ore,5.0,Coral Crystal,2.0,Machalite Ore,10.0,lance,False,70,50,80,100,0,0,0
1196,519,Steel Lance III,lance,Steel Lance II,N/A,5,322,0,N/A,True,Paralysis,210.0,N/A,N/A,N/A,1,0,0,N/A,N/A,N/A,N/A,N/A,N/A,N/A,N/A,Steel Lance III,lance,Upgrade,Carbalite Ore,8,Dragonite Ore,5.0,Dragonvein Crystal,2.0,N/A,N/A,lance,False,90,50,50,80,80,0,0
1197,520,Chrome Lance I,lance,Steel Lance III,N/A,6,368,0,N/A,True,Paralysis,240.0,N/A,N/A,N/A,1,0,0,N/A,N/A,N/A,N/A,N/A,N/A,N/A,N/A,Chrome Lance I,lance,Upgrade,Fucium Ore,8,Carbalite Ore,5.0,Dragonite Ore,10.0,Dragonvein Crystal,3.0,lance,False,70,50,50,80,100,0,0
1198,521,Chrome Lance II,lance,Chrome Lance I,N/A,6,414,0,N/A,True,Paralysis,270.0,N/A,N/A,N/A,1,1,0,N/A,N/A,N/A,N/A,N/A,N/A,N/A,N/A,Chrome Lance II,lance,Upgrade,Elder Dragon Blood,2,Fucium Ore,13.0,Carbalite Ore,20.0,Firecell Stone,1.0,lance,False,60,60,20,150,90,20,0
1199,2497,Chrome Drill I,lance,Chrome Lance II,N/A,9,506,0,N/A,True,Paralysis,300.0,N/A,N/A,N/A,1,1,0,N/A,N/A,N/A,N/A,N/A,N/A,N/A,N/A,Chrome Drill I,lance,Create,Eltalite Ore,6,Carbalite Ore,10.0,Firecell Stone,2.0,Purecrystal,1.0,lance,False,90,80,30,30,80,90,0
1200,2497,Chrome Drill I,lance,Chrome Lance II,N/A,9,506,0,N/A,True,Paralysis,300.0,N/A,N/A,N/A,1,1,0,N/A,N/A,N/A,N/A,N/A,N/A,N/A,N/A,Chrome Drill I,lance,Upgrade,Eltalite Ore,2,Carbalite Ore,4.0,Spiritvein Crystal,2.0,Gracium,1.0,lance,False,90,80,30,30,80,90,0
1201,2498,Chrome Drill II,lance,Chrome Drill I,N/A,10,552,0,N/A,True,Paralysis,330.0,N/A,N/A,N/A,1,1,0,N/A,N/A,N/A,N/A,N/A,N/A,N/A,N/A,Chrome Drill II,lance,Upgrade,Monster Slogbone,3,Eltalite Ore,4.0,Meldspar Ore,2.0,Bathycite Ore,2.0,lance,False,80,80,30,30,80,100,0
1202,2499,Chrome Drill III,lance,Chrome Drill II,N/A,11,598,0,N/A,True,Paralysis,360.0,N/A,N/A,N/A,1,1,0,N/A,N/A,N/A,N/A,N/A,N/A,N/A,N/A,Chrome Drill III,lance,Upgrade,Pure Dragon Blood,3,Eltalite Ore,6.0,Meldspar Ore,3.0,Purecrystal,1.0,lance,False,120,30,30,60,50,80,30
1203,2500,Incessant Raven,lance,Chrome Drill II,N/A,10,598,20,N/A,False,Poison,210.0,N/A,N/A,N/A,3,0,0,N/A,N/A,N/A,N/A,N/A,N/A,N/A,N/A,Incessant Raven,lance,Upgrade,Garuga Shard,3,Garuga Silverpelt,4.0,Garuga Auricle,2.0,Fey Wyvern Gem,1.0,lance,False,150,30,90,30,30,50,20
1204,2501,Incessant Wolf,lance,Incessant Raven,N/A,11,621,25,N/A,False,Poison,240.0,N/A,N/A,N/A,3,0,0,N/A,N/A,N/A,N/A,N/A,N/A,N/A,N/A,Incessant Wolf,lance,Upgrade,Scratched Shell,3,Garuga Fellwing,2.0,Fancy Beak,3.0,Large Wyvern Gem,1.0,lance,False,150,30,90,30,30,50,20
1205,522,Nergal Impaler,lance,Chrome Lance I,N/A,7,460,0,N/A,False,Dragon,120.0,N/A,N/A,high,1,0,0,N/A,N/A,N/A,N/A,N/A,N/A,N/A,N/A,Nergal Impaler,lance,Upgrade,Nergigante Talon,3,Nergigante Regrowth Plate,4.0,Nergigante Tail,2.0,Nergigante Carapace,2.0,lance,True,120,120,40,50,70,0,0
1206,523,Perdition's Hand,lance,Nergal Impaler,N/A,8,483,0,N/A,False,Dragon,150.0,N/A,N/A,high,1,0,0,N/A,N/A,N/A,N/A,N/A,N/A,N/A,N/A,Perdition's Hand,lance,Upgrade,Xeno'jiiva Horn,2,Nergigante Horn+,5.0,Nergigante Talon,5.0,Nergigante Gem,1.0,lance,True,110,120,40,50,80,0,0
1207,2502,Ruinous Perdition,lance,Perdition's Hand,N/A,12,667,0,N/A,False,Dragon,180.0,N/A,N/A,high,1,0,0,N/A,N/A,N/A,N/A,N/A,N/A,N/A,N/A,Ruinous Perdition,lance,Upgrade,Annihilating Greathorn,3,Nergigante Hardclaw,4.0,Eternal Regrowth Plate,5.0,Large Elder Dragon Gem,1.0,lance,True,80,30,30,110,40,110,0
1208,524,Glacial Lance I,lance,Steel Lance I,N/A,4,299,0,N/A,False,Ice,270.0,N/A,N/A,N/A,0,0,0,N/A,N/A,N/A,N/A,N/A,N/A,N/A,N/A,Glacial Lance I,lance,Upgrade,Legiana Claw,3,Legiana Scale,4.0,Frost Sac,2.0,N/A,N/A,lance,False,100,70,30,100,0,0,0
1209,525,Glacial Lance II,lance,Glacial Lance I,N/A,5,322,0,N/A,False,Ice,300.0,N/A,N/A,N/A,0,0,0,N/A,N/A,N/A,N/A,N/A,N/A,N/A,N/A,Glacial Lance II,lance,Upgrade,Paolumu Wing,4,Legiana Claw,4.0,Legiana Tail Webbing,3.0,Legiana Plate,1.0,lance,False,110,100,40,40,60,0,0
1210,526,Legiana Halberd I,lance,Glacial Lance II,N/A,6,345,0,N/A,False,Ice,330.0,N/A,N/A,N/A,0,0,0,N/A,N/A,N/A,N/A,N/A,N/A,N/A,N/A,Legiana Halberd I,lance,Upgrade,Legiana Claw+,3,Legiana Scale+,5.0,Legiana Wing,3.0,Freezer Sac,2.0,lance,False,100,100,40,40,70,0,0
1211,527,Legiana Halberd II,lance,Legiana Halberd I,N/A,7,368,0,N/A,False,Ice,360.0,N/A,N/A,N/A,0,0,0,N/A,N/A,N/A,N/A,N/A,N/A,N/A,N/A,Legiana Halberd II,lance,Upgrade,Daora Claw+,2,Legiana Claw+,5.0,Legiana Hide+,3.0,Legiana Gem,1.0,lance,False,130,30,60,80,40,60,0
1212,2503,Legiana Halberd III,lance,Legiana Halberd II,N/A,10,483,0,N/A,False,Ice,420.0,N/A,N/A,N/A,0,0,0,N/A,N/A,N/A,N/A,N/A,N/A,N/A,N/A,Legiana Halberd III,lance,Upgrade,Legiana Hardclaw,2,Legiana Shard,3.0,Legiana Tail Webbing+,2.0,Frozen Bone,4.0,lance,False,100,80,30,30,80,80,0
1213,2504,Hoarcry Halberd,lance,Legiana Halberd III,N/A,10,529,0,N/A,False,Ice,540.0,N/A,N/A,N/A,1,0,0,N/A,N/A,N/A,N/A,N/A,N/A,N/A,N/A,Hoarcry Halberd,lance,Upgrade,Obsidian Icetalon,2,Rimed Hide,5.0,Stark Wing,2.0,Cryo Sac,4.0,lance,False,130,30,30,60,50,70,30
1214,2505,Nyx Halberd I,lance,Legiana Halberd II,N/A,9,506,0,N/A,False,Sleep,360.0,N/A,N/A,N/A,2,0,0,N/A,N/A,N/A,N/A,N/A,N/A,N/A,N/A,Nyx Halberd I,lance,Upgrade,Nightshade Paolumu Thickfur,3,Paolumu Cortex,2.0,Nightshade Paolumu Fellwing,2.0,Torpor Sac,1.0,lance,False,70,80,30,30,80,110,0
1215,2506,Nyx Halberd II,lance,Nyx Halberd I,N/A,10,552,0,N/A,False,Sleep,450.0,N/A,N/A,N/A,2,0,0,N/A,N/A,N/A,N/A,N/A,N/A,N/A,N/A,Nyx Halberd II,lance,Upgrade,Black Diablos Chine,2,Nightshade Paolumu Shard,5.0,Nightshade Paolumu Fellwing,3.0,Large Wyvern Gem,1.0,lance,False,60,80,30,30,80,120,0
1216,528,Kulu Lance I,lance,Iron Lance II,N/A,2,253,15,N/A,False,N/A,N/A,N/A,N/A,N/A,0,0,0,N/A,N/A,N/A,N/A,N/A,N/A,N/A,N/A,Kulu Lance I,lance,Upgrade,Kulu-Ya-Ku Beak,1,Kulu-Ya-Ku Hide,2.0,Kulu-Ya-Ku Scale,3.0,N/A,N/A,lance,False,70,70,30,80,0,0,0
1217,529,Kulu Lance II,lance,Kulu Lance I,N/A,3,276,15,N/A,False,N/A,N/A,N/A,N/A,N/A,0,0,0,N/A,N/A,N/A,N/A,N/A,N/A,N/A,N/A,Kulu Lance II,lance,Upgrade,Radobaan Scale,3,Kulu-Ya-Ku Beak,2.0,Kulu-Ya-Ku Plume,2.0,Boulder Bone,3.0,lance,False,80,50,80,90,0,0,0
1218,530,Kulu Lance III,lance,Kulu Lance II,N/A,4,299,15,N/A,False,N/A,N/A,N/A,N/A,N/A,0,0,0,N/A,N/A,N/A,N/A,N/A,N/A,N/A,N/A,Kulu Lance III,lance,Upgrade,Odogaron Claw,2,Kulu-Ya-Ku Beak,2.0,Kulu-Ya-Ku Plume,4.0,Warped Bone,3.0,lance,False,60,50,80,110,0,0,0
1219,531,Kulu Hasta I,lance,Kulu Lance III,N/A,5,345,25,N/A,True,Sleep,300.0,N/A,N/A,N/A,0,0,0,N/A,N/A,N/A,N/A,N/A,N/A,N/A,N/A,Kulu Hasta I,lance,Create,Kulu-Ya-Ku Beak+,3,Kulu-Ya-Ku Hide+,6.0,Kulu-Ya-Ku Scale+,6.0,Carbalite Ore,10.0,lance,False,110,50,50,80,60,0,0
1220,531,Kulu Hasta I,lance,Kulu Lance III,N/A,5,345,25,N/A,True,Sleep,300.0,N/A,N/A,N/A,0,0,0,N/A,N/A,N/A,N/A,N/A,N/A,N/A,N/A,Kulu Hasta I,lance,Upgrade,Kulu-Ya-Ku Beak+,3,Kulu-Ya-Ku Hide+,4.0,Kulu-Ya-Ku Scale+,6.0,N/A,N/A,lance,False,110,50,50,80,60,0,0
1221,532,Kulu Hasta II,lance,Kulu Hasta I,N/A,6,368,25,N/A,True,Sleep,330.0,N/A,N/A,N/A,0,0,0,N/A,N/A,N/A,N/A,N/A,N/A,N/A,N/A,Kulu Hasta II,lance,Upgrade,Odogaron Claw+,2,Kulu-Ya-Ku Beak+,4.0,Kulu-Ya-Ku Plume+,3.0,Brutal Bone,3.0,lance,False,90,50,50,80,80,0,0
1222,533,Kulu Hasta III,lance,Kulu Hasta II,N/A,6,391,25,N/A,True,Sleep,360.0,N/A,N/A,N/A,0,0,0,N/A,N/A,N/A,N/A,N/A,N/A,N/A,N/A,Kulu Hasta III,lance,Upgrade,Nergigante Talon,2,Kulu-Ya-Ku Beak+,5.0,Kulu-Ya-Ku Plume+,4.0,Bird Wyvern Gem,1.0,lance,False,90,60,60,100,60,30,0
1223,2507,Minqar al-Nasr I,lance,Kulu Hasta III,N/A,9,483,25,N/A,True,Sleep,390.0,N/A,N/A,N/A,0,0,0,N/A,N/A,N/A,N/A,N/A,N/A,N/A,N/A,Minqar al-Nasr I,lance,Upgrade,Large Kulu-Ya-Ku Beak,1,Kulu-Ya-Ku Thickhide,2.0,Kulu-Ya-Ku Shard,3.0,Thick Bone,2.0,lance,False,110,30,30,110,40,80,0
1224,2508,Minqar al-Nasr II,lance,Minqar al-Nasr I,N/A,10,598,25,N/A,True,Sleep,420.0,N/A,N/A,N/A,0,0,0,N/A,N/A,N/A,N/A,N/A,N/A,N/A,N/A,Minqar al-Nasr II,lance,Upgrade,Nargacuga Hardfang,2,Large Kulu-Ya-Ku Beak,2.0,Large Kulu-Ya-Ku Plume,3.0,Monster Slogbone,3.0,lance,False,80,30,30,110,40,110,0
1225,2509,Tusk Lance,lance,Minqar al-Nasr I,N/A,10,506,25,N/A,False,Ice,330.0,N/A,N/A,N/A,0,0,0,N/A,N/A,N/A,N/A,N/A,N/A,N/A,N/A,Tusk Lance,lance,Upgrade,Barioth Hardclaw,3,Barioth Cortex,4.0,Cryo Sac,4.0,Frozen Bone,3.0,lance,False,100,30,30,110,40,90,0
1226,2510,Tusk Lance+,lance,Tusk Lance,N/A,10,552,25,N/A,False,Ice,360.0,N/A,N/A,N/A,0,0,0,N/A,N/A,N/A,N/A,N/A,N/A,N/A,N/A,Tusk Lance+,lance,Upgrade,Obsidian Icetalon,2,Amber Hardfang,3.0,Barioth Greatspike,3.0,Large Wyvern Gem,1.0,lance,False,100,30,30,110,40,90,0
1227,2511,Sabertooth,lance,Tusk Lance+,N/A,11,575,30,N/A,False,Ice,420.0,N/A,N/A,N/A,0,0,0,N/A,N/A,N/A,N/A,N/A,N/A,N/A,N/A,Sabertooth,lance,Upgrade,Velkhana Hardclaw,2,Barioth Hardclaw,4.0,Amber Hardfang,2.0,Large Elder Dragon Bone,5.0,lance,False,100,30,30,110,40,90,0
1228,3228,Saber Fang,lance,Tusk Lance,N/A,11,621,15,N/A,False,Ice,540.0,N/A,N/A,N/A,0,0,0,N/A,N/A,N/A,N/A,N/A,N/A,N/A,N/A,Saber Fang,lance,Create,Frostfang Ticket,3,Silverwhite Frostfang,3.0,Bergcrusher Claw,2.0,Large Wyvern Gem,1.0,lance,False,10,30,50,50,60,120,80
1229,3228,Saber Fang,lance,Tusk Lance,N/A,11,621,15,N/A,False,Ice,540.0,N/A,N/A,N/A,0,0,0,N/A,N/A,N/A,N/A,N/A,N/A,N/A,N/A,Saber Fang,lance,Upgrade,Frostfang Ticket,2,Silverwhite Frostfang,3.0,Bergcrusher Claw,1.0,Gracium,5.0,lance,False,10,30,50,50,60,120,80
1230,534,Gama Pilebunker I,lance,Kulu Hasta I,N/A,6,368,0,N/A,False,Blast,180.0,N/A,N/A,N/A,2,2,0,N/A,N/A,N/A,N/A,N/A,N/A,N/A,N/A,Gama Pilebunker I,lance,Upgrade,Dodogama Talon,4,Dodogama Scale+,6.0,Dodogama Hide+,4.0,N/A,N/A,lance,False,100,50,50,80,70,0,0
1231,535,Gama Pilebunker II,lance,Gama Pilebunker I,N/A,7,391,0,N/A,False,Blast,210.0,N/A,N/A,N/A,2,2,0,N/A,N/A,N/A,N/A,N/A,N/A,N/A,N/A,Gama Pilebunker II,lance,Upgrade,Fire Dragon Scale+,4,Dodogama Jaw,4.0,Dodogama Tail,3.0,Wyvern Gem,1.0,lance,False,90,60,80,80,70,20,0
1232,2512,Gama Drill I,lance,Gama Pilebunker II,N/A,9,460,0,N/A,False,Blast,240.0,N/A,N/A,N/A,3,2,0,N/A,N/A,N/A,N/A,N/A,N/A,N/A,N/A,Gama Drill I,lance,Upgrade,Dodogama Hardclaw,2,Dodogama Shard,3.0,Dodogama Thickhide,2.0,Gastodon Husk,2.0,lance,False,100,80,30,30,80,80,0
1233,2513,Gama Drill II,lance,Gama Drill I,N/A,10,552,0,N/A,False,Blast,270.0,N/A,N/A,N/A,3,2,0,N/A,N/A,N/A,N/A,N/A,N/A,N/A,N/A,Gama Drill II,lance,Upgrade,Fine Brachydios Ebonshell,2,Dodogama Mandible,2.0,Dodogama Lash,1.0,Monster Slogbone,5.0,lance,False,140,30,30,60,50,60,30
1234,2514,Hidden Hastur I,lance,Gama Drill I,N/A,10,483,15,N/A,True,Poison,390.0,N/A,N/A,N/A,0,0,0,N/A,N/A,N/A,N/A,N/A,N/A,N/A,N/A,Hidden Hastur I,lance,Upgrade,Nargacuga Hardfang,2,Nargacuga Shard,3.0,Nargacuga Tailspear,2.0,Meldspar Ore,1.0,lance,False,80,80,30,30,80,100,0
1235,2515,Hidden Hastur II,lance,Hidden Hastur I,N/A,10,529,20,N/A,True,Poison,570.0,N/A,N/A,N/A,1,0,0,N/A,N/A,N/A,N/A,N/A,N/A,N/A,N/A,Hidden Hastur II,lance,Upgrade,Fulgur Anjanath Hardfang,2,Nargacuga Cutwing+,3.0,Nargacuga Lash,2.0,Nargacuga Mantle,1.0,lance,False,140,20,20,70,40,30,80
1236,536,Thunder Lance I,lance,Kulu Lance I,N/A,3,276,0,N/A,False,Thunder,120.0,N/A,N/A,N/A,0,0,0,N/A,N/A,N/A,N/A,N/A,N/A,N/A,N/A,Thunder Lance I,lance,Upgrade,Dragonite Ore,5,Tobi-Kadachi Electrode,1.0,Tobi-Kadachi Claw,2.0,Electro Sac,1.0,lance,False,90,50,80,80,0,0,0
1237,537,Thunder Lance II,lance,Thunder Lance I,N/A,4,322,0,N/A,False,Thunder,150.0,N/A,N/A,N/A,0,0,0,N/A,N/A,N/A,N/A,N/A,N/A,N/A,N/A,Thunder Lance II,lance,Upgrade,Monster Bone+,2,Tobi-Kadachi Electrode,2.0,Tobi-Kadachi Membrane,2.0,Coral Crystal,3.0,lance,False,80,50,80,90,0,0,0
1238,538,Lightning Spire I,lance,Thunder Lance II,N/A,5,368,0,N/A,False,Thunder,180.0,N/A,N/A,N/A,2,0,0,N/A,N/A,N/A,N/A,N/A,N/A,N/A,N/A,Lightning Spire I,lance,Upgrade,Carbalite Ore,5,Tobi-Kadachi Scale+,4.0,Tobi-Kadachi Pelt+,3.0,Vespoid Innerwing,3.0,lance,False,60,50,80,150,10,0,0
1239,539,Lightning Spire II,lance,Lightning Spire I,N/A,6,391,0,N/A,False,Thunder,210.0,N/A,N/A,N/A,2,0,0,N/A,N/A,N/A,N/A,N/A,N/A,N/A,N/A,Lightning Spire II,lance,Upgrade,Fucium Ore,5,Tobi-Kadachi Electrode+,2.0,Tobi-Kadachi Membrane,4.0,Thunder Sac,3.0,lance,False,110,50,50,80,60,0,0
1240,540,Lightning Spire III,lance,Lightning Spire II,N/A,6,414,0,N/A,False,Thunder,240.0,N/A,N/A,N/A,2,0,0,N/A,N/A,N/A,N/A,N/A,N/A,N/A,N/A,Lightning Spire III,lance,Upgrade,Elder Dragon Blood,3,Tobi-Kadachi Electrode+,4.0,Tobi-Kadachi Claw+,6.0,Wyvern Gem,1.0,lance,False,90,60,80,80,70,20,0
1241,2516,Lightning Bolt I,lance,Lightning Spire III,N/A,9,483,0,N/A,False,Thunder,270.0,N/A,N/A,N/A,2,0,0,N/A,N/A,N/A,N/A,N/A,N/A,N/A,N/A,Lightning Bolt I,lance,Create,Tobi-Kadachi Hardclaw,2,Tobi-Kadachi Cathode,2.0,Tobi-Kadachi Shard,6.0,Large Wyvern Gem,1.0,lance,False,100,100,40,50,60,50,0
1242,2516,Lightning Bolt I,lance,Lightning Spire III,N/A,9,483,0,N/A,False,Thunder,270.0,N/A,N/A,N/A,2,0,0,N/A,N/A,N/A,N/A,N/A,N/A,N/A,N/A,Lightning Bolt I,lance,Upgrade,Tobi-Kadachi Hardclaw,1,Tobi-Kadachi Shard,2.0,Tobi-Kadachi Thickfur,2.0,Lightning Sac,1.0,lance,False,100,100,40,50,60,50,0
1243,2517,Lightning Bolt II,lance,Lightning Bolt I,N/A,10,529,0,N/A,False,Thunder,300.0,N/A,N/A,N/A,2,0,0,N/A,N/A,N/A,N/A,N/A,N/A,N/A,N/A,Lightning Bolt II,lance,Upgrade,Hard Odogaron Sinew,2,Tobi-Kadachi Cathode,2.0,Tobi-Kadachi Hardclaw,2.0,Tobi-Kadachi Membrane+,2.0,lance,False,90,100,40,50,70,50,0
1244,2518,Thunderpierce I,lance,Lightning Bolt II,N/A,10,552,0,N/A,False,Thunder,360.0,N/A,N/A,N/A,2,0,0,N/A,N/A,N/A,N/A,N/A,N/A,N/A,N/A,Thunderpierce I,lance,Upgrade,Zinogre Hardclaw,3,Zinogre Deathly Shocker,2.0,Zinogre Cortex,5.0,Lightning Sac,3.0,lance,False,100,80,30,30,80,80,0
1245,2519,Thunderpierce II,lance,Thunderpierce I,N/A,11,575,0,N/A,False,Thunder,420.0,N/A,N/A,N/A,2,1,0,N/A,N/A,N/A,N/A,N/A,N/A,N/A,N/A,Thunderpierce II,lance,Upgrade,Zinogre Hardhorn,3,Zinogre Electrofur+,4.0,Fulgurbug,5.0,Zinogre Skymerald,1.0,lance,False,130,30,90,30,30,70,20
1246,541,Blooming Lance I,lance,Iron Lance II,N/A,2,230,0,N/A,False,Poison,240.0,N/A,N/A,N/A,0,0,0,N/A,N/A,N/A,N/A,N/A,N/A,N/A,N/A,Blooming Lance I,lance,Upgrade,Pukei-Pukei Quill,2,Pukei-Pukei Scale,3.0,Poison Sac,1.0,N/A,N/A,lance,False,60,70,30,90,0,0,0
1247,542,Blooming Lance II,lance,Blooming Lance I,N/A,3,253,0,N/A,False,Poison,300.0,N/A,N/A,N/A,0,0,0,N/A,N/A,N/A,N/A,N/A,N/A,N/A,N/A,Blooming Lance II,lance,Upgrade,Coral Crystal,3,Pukei-Pukei Sac,2.0,Pukei-Pukei Shell,3.0,Pukei-Pukei Tail,1.0,lance,False,70,50,80,100,0,0,0
1248,543,Blooming Lance III,lance,Blooming Lance II,N/A,4,299,0,N/A,False,Poison,360.0,N/A,N/A,N/A,0,0,0,N/A,N/A,N/A,N/A,N/A,N/A,N/A,N/A,Blooming Lance III,lance,Upgrade,Monster Bone+,2,Pukei-Pukei Quill,4.0,Pukei-Pukei Sac,2.0,Poison Sac,2.0,lance,False,60,50,80,110,0,0,0
1249,544,Datura Pike I,lance,Blooming Lance III,N/A,5,345,0,N/A,False,Poison,420.0,N/A,N/A,N/A,1,1,0,N/A,N/A,N/A,N/A,N/A,N/A,N/A,N/A,Datura Pike I,lance,Upgrade,Pukei-Pukei Scale+,3,Pukei-Pukei Wing,2.0,Toxin Sac,2.0,Quality Bone,3.0,lance,False,110,50,50,80,60,0,0
1250,545,Datura Pike II,lance,Datura Pike I,N/A,6,368,0,N/A,False,Poison,480.0,N/A,N/A,N/A,2,1,0,N/A,N/A,N/A,N/A,N/A,N/A,N/A,N/A,Datura Pike II,lance,Upgrade,Monster Hardbone,3,Pukei-Pukei Wing,3.0,Pukei-Pukei Carapace,5.0,Toxin Sac,2.0,lance,False,100,50,50,80,70,0,0
1251,546,Datura Pike III,lance,Datura Pike II,N/A,6,391,0,N/A,False,Poison,540.0,N/A,N/A,N/A,2,1,0,N/A,N/A,N/A,N/A,N/A,N/A,N/A,N/A,Datura Pike III,lance,Upgrade,Vaal Hazak Wing,2,Pukei-Pukei Sac+,4.0,Pukei-Pukei Wing,6.0,Bird Wyvern Gem,1.0,lance,False,100,120,40,50,90,0,0
1252,2520,Datura Stalk I,lance,Datura Pike III,N/A,9,460,0,N/A,False,Poison,600.0,N/A,N/A,N/A,2,1,0,N/A,N/A,N/A,N/A,N/A,N/A,N/A,N/A,Datura Stalk I,lance,Create,Pukei-Pukei Shard,6,Pukei-Pukei Fellwing,4.0,Deadly Poison Sac,4.0,Fey Wyvern Gem,1.0,lance,False,90,80,30,30,80,90,0
1253,2520,Datura Stalk I,lance,Datura Pike III,N/A,9,460,0,N/A,False,Poison,600.0,N/A,N/A,N/A,2,1,0,N/A,N/A,N/A,N/A,N/A,N/A,N/A,N/A,Datura Stalk I,lance,Upgrade,Pukei-Pukei Shard,3,Pukei-Pukei Fellwing,2.0,Deadly Poison Sac,2.0,Monster Toughbone,2.0,lance,False,90,80,30,30,80,90,0
1254,2521,Datura Stalk II,lance,Datura Stalk I,N/A,10,552,0,N/A,False,Poison,660.0,N/A,N/A,N/A,2,1,0,N/A,N/A,N/A,N/A,N/A,N/A,N/A,N/A,Datura Stalk II,lance,Upgrade,Monster Slogbone,3,Rathian Surspike,2.0,Large Pukei-Pukei Sac,1.0,Pukei-Pukei Lash,1.0,lance,False,120,30,30,60,50,60,50
1255,2522,Laguna Pike I,lance,Datura Stalk I,N/A,9,506,0,N/A,False,Water,510.0,N/A,N/A,N/A,2,1,0,N/A,N/A,N/A,N/A,N/A,N/A,N/A,N/A,Laguna Pike I,lance,Upgrade,Coral Pukei-Pukei Shard,3,Coral Pukei-Pukei Fellwing,2.0,Flood Sac,2.0,Bathycite Ore,2.0,lance,False,70,80,30,30,80,110,0
1256,2523,Laguna Pike II,lance,Laguna Pike I,N/A,10,552,0,N/A,False,Water,540.0,N/A,N/A,N/A,2,1,0,N/A,N/A,N/A,N/A,N/A,N/A,N/A,N/A,Laguna Pike II,lance,Upgrade,Acidic Glavenus Hardfang,2,Monster Solidbone,3.0,Large Coral Pukei-Pukei Sac,1.0,Coral Pukei-Pukei Lash,1.0,lance,False,120,30,30,60,50,60,50
1257,547,Flame Lance I,lance,Blooming Lance II,N/A,4,299,10,N/A,False,Fire,180.0,N/A,N/A,N/A,0,0,0,N/A,N/A,N/A,N/A,N/A,N/A,N/A,N/A,Flame Lance I,lance,Upgrade,Rathalos Scale,1,Rathalos Webbing,2.0,Flame Sac,2.0,Rathalos Marrow,1.0,lance,False,50,50,80,120,0,0,0
1258,548,Flame Lance II,lance,Flame Lance I,N/A,5,322,10,N/A,False,Fire,210.0,N/A,N/A,N/A,1,0,0,N/A,N/A,N/A,N/A,N/A,N/A,N/A,N/A,Flame Lance II,lance,Upgrade,Rathalos Scale,6,Rathalos Tail,2.0,Rathalos Plate,1.0,Inferno Sac,3.0,lance,False,90,50,80,100,30,0,0
1259,549,Red Tail,lance,Flame Lance II,N/A,6,391,10,N/A,False,Fire,240.0,N/A,N/A,N/A,1,0,0,N/A,N/A,N/A,N/A,N/A,N/A,N/A,N/A,Red Tail,lance,Create,Rathalos Scale+,4,Rathalos Wing,4.0,Rathalos Tail,3.0,Rathalos Medulla,1.0,lance,False,110,50,50,80,60,0,0
1260,549,Red Tail,lance,Flame Lance II,N/A,6,391,10,N/A,False,Fire,240.0,N/A,N/A,N/A,1,0,0,N/A,N/A,N/A,N/A,N/A,N/A,N/A,N/A,Red Tail,lance,Upgrade,Rathalos Scale+,6,Rathalos Carapace,4.0,Rathalos Wing,2.0,Rathalos Medulla,1.0,lance,False,110,50,50,80,60,0,0
1261,550,Blue Tail,lance,Red Tail,N/A,7,414,20,N/A,False,Fire,270.0,N/A,N/A,N/A,1,0,0,N/A,N/A,N/A,N/A,N/A,N/A,N/A,N/A,Blue Tail,lance,Upgrade,Azure Rathalos Scale+,6,Azure Rathalos Carapace,4.0,Azure Rathalos Wing,3.0,Rathalos Ruby,1.0,lance,False,110,60,80,80,50,20,0
1262,551,Blue Prominence,lance,Blue Tail,N/A,8,437,20,N/A,False,Fire,300.0,N/A,N/A,N/A,1,0,0,N/A,N/A,N/A,N/A,N/A,N/A,N/A,N/A,Blue Prominence,lance,Upgrade,Teostra Horn+,2,Azure Rathalos Scale+,8.0,Azure Rathalos Tail,3.0,Rathalos Ruby,1.0,lance,False,90,60,60,100,60,30,0
1263,2524,Blue Prominence+,lance,Blue Prominence,N/A,10,506,20,N/A,False,Fire,330.0,N/A,N/A,N/A,1,0,0,N/A,N/A,N/A,N/A,N/A,N/A,N/A,N/A,Blue Prominence+,lance,Upgrade,Rathalos Shard,6,Rathalos Cortex,4.0,Rathalos Fellwing,2.0,Rath Wingtalon+,4.0,lance,False,100,100,40,50,60,50,0
1264,2525,Soul Prominence,lance,Blue Prominence+,N/A,10,552,20,N/A,False,Fire,360.0,N/A,N/A,N/A,1,0,0,N/A,N/A,N/A,N/A,N/A,N/A,N/A,N/A,Soul Prominence,lance,Upgrade,Azure Rathalos Shard,6,Azure Rathalos Cortex,4.0,Azure Rathalos Fellwing,3.0,Rathalos Mantle,1.0,lance,False,110,30,30,110,40,80,0
1265,2526,Silver Prominence,lance,Soul Prominence,N/A,12,621,20,N/A,False,Fire,390.0,N/A,N/A,N/A,2,0,0,N/A,N/A,N/A,N/A,N/A,N/A,N/A,N/A,Silver Prominence,lance,Upgrade,Silver Rathalos Shard,8,Silver Rathalos Cortex,4.0,Silver Rathalos Lash,3.0,Rath Gleam,2.0,lance,False,130,30,30,60,50,70,30
1266,552,Bone Lance I,lance,N/A,N/A,1,207,0,N/A,False,N/A,N/A,N/A,N/A,N/A,0,0,0,N/A,N/A,N/A,N/A,N/A,N/A,N/A,N/A,Bone Lance I,lance,Create,Monster Bone S,1,N/A,N/A,N/A,N/A,N/A,N/A,lance,False,100,60,80,10,0,0,0
1267,553,Bone Lance II,lance,Bone Lance I,N/A,1,230,0,N/A,False,N/A,N/A,N/A,N/A,N/A,0,0,0,N/A,N/A,N/A,N/A,N/A,N/A,N/A,N/A,Bone Lance II,lance,Upgrade,Monster Bone S,2,N/A,N/A,N/A,N/A,N/A,N/A,lance,False,90,50,80,30,0,0,0
1268,554,Bone Lance III,lance,Bone Lance II,N/A,2,253,0,N/A,False,N/A,N/A,N/A,N/A,N/A,0,0,0,N/A,N/A,N/A,N/A,N/A,N/A,N/A,N/A,Bone Lance III,lance,Upgrade,Monster Bone M,2,Ancient Bone,1.0,N/A,N/A,N/A,N/A,lance,False,80,50,50,70,0,0,0
1269,555,Hard Bone Lance I,lance,Bone Lance III,N/A,3,322,0,N/A,False,N/A,N/A,N/A,N/A,N/A,0,0,0,N/A,N/A,N/A,N/A,N/A,N/A,N/A,N/A,Hard Bone Lance I,lance,Upgrade,Monster Bone L,1,Monster Bone M,5.0,Boulder Bone,2.0,N/A,N/A,lance,False,120,70,30,80,0,0,0
1270,556,Hard Bone Lance II,lance,Hard Bone Lance I,N/A,4,345,0,N/A,False,N/A,N/A,N/A,N/A,N/A,0,0,0,N/A,N/A,N/A,N/A,N/A,N/A,N/A,N/A,Hard Bone Lance II,lance,Upgrade,Monster Bone+,2,Monster Bone L,1.0,Sturdy Bone,4.0,N/A,N/A,lance,False,110,70,30,90,0,0,0
1271,557,Hard Bone Lance III,lance,Hard Bone Lance II,N/A,5,368,0,N/A,True,Poison,180.0,N/A,N/A,N/A,2,0,0,N/A,N/A,N/A,N/A,N/A,N/A,N/A,N/A,Hard Bone Lance III,lance,Upgrade,Monster Keenbone,2,Monster Bone+,2.0,Quality Bone,2.0,N/A,N/A,lance,False,140,70,30,100,10,0,0
1272,558,Heavy Bone Lance I,lance,Hard Bone Lance III,N/A,6,391,0,10.0,True,Poison,210.0,N/A,N/A,N/A,2,0,0,N/A,N/A,N/A,N/A,N/A,N/A,N/A,N/A,Heavy Bone Lance I,lance,Upgrade,Monster Hardbone,4,Monster Keenbone,6.0,Quality Bone,10.0,N/A,N/A,lance,False,100,100,40,40,70,0,0
1273,559,Heavy Bone Lance II,lance,Heavy Bone Lance I,N/A,6,437,0,10.0,True,Poison,240.0,N/A,N/A,N/A,3,0,0,N/A,N/A,N/A,N/A,N/A,N/A,N/A,N/A,Heavy Bone Lance II,lance,Upgrade,Elder Dragon Bone,4,Monster Hardbone,6.0,Quality Bone,20.0,Dragonbone Relic,1.0,lance,False,100,120,40,50,90,0,0
1274,2527,Grand Halberd I,lance,Heavy Bone Lance II,N/A,9,529,0,35.0,True,Poison,270.0,N/A,N/A,N/A,3,0,0,N/A,N/A,N/A,N/A,N/A,N/A,N/A,N/A,Grand Halberd I,lance,Create,Thick Bone,6,Quality Bone,8.0,Monster Toughbone,4.0,Dragonbone Artifact,1.0,lance,False,100,100,40,50,60,50,0
1275,2527,Grand Halberd I,lance,Heavy Bone Lance II,N/A,9,529,0,35.0,True,Poison,270.0,N/A,N/A,N/A,3,0,0,N/A,N/A,N/A,N/A,N/A,N/A,N/A,N/A,Grand Halberd I,lance,Upgrade,Thick Bone,2,Quality Bone,4.0,Monster Hardbone,4.0,Frozen Bone,1.0,lance,False,100,100,40,50,60,50,0
1276,2528,Grand Halberd II,lance,Grand Halberd I,N/A,10,575,0,35.0,True,Poison,300.0,N/A,N/A,N/A,3,0,0,N/A,N/A,N/A,N/A,N/A,N/A,N/A,N/A,Grand Halberd II,lance,Upgrade,Monster Solidbone,2,Monster Slogbone,3.0,Thick Bone,4.0,Monster Essence,2.0,lance,False,90,100,40,50,70,50,0
1277,2529,Grand Halberd III,lance,Grand Halberd II,N/A,11,644,0,35.0,True,Poison,330.0,N/A,N/A,N/A,3,0,0,N/A,N/A,N/A,N/A,N/A,N/A,N/A,N/A,Grand Halberd III,lance,Upgrade,Large Elder Dragon Bone,3,Monster Solidbone,4.0,Thick Bone,6.0,Dragonbone Artifact,1.0,lance,False,80,100,40,50,80,50,0
1278,2530,Iceborer,lance,Grand Halberd II,N/A,11,598,0,N/A,False,Ice,330.0,N/A,N/A,N/A,4,0,0,N/A,N/A,N/A,N/A,N/A,N/A,N/A,N/A,Iceborer,lance,Upgrade,Crystal Shard,4,Velkhana Hardclaw,2.0,Velkhana Lash,2.0,Purecrystal,1.0,lance,False,150,30,30,60,50,30,50
1279,2531,Knightly Ectis,lance,Iceborer,N/A,12,621,0,N/A,False,Ice,360.0,N/A,N/A,N/A,4,0,0,N/A,N/A,N/A,N/A,N/A,N/A,N/A,N/A,Knightly Ectis,lance,Upgrade,Shara Ishvalda Tenderclaw,3,Velkhana Crownhorn,4.0,Velkhana Hardclaw,4.0,Velkhana Crystal,1.0,lance,False,140,30,30,60,50,40,50
1280,560,Hazak Wächter,lance,Heavy Bone Lance I,N/A,7,437,0,N/A,False,Dragon,240.0,N/A,N/A,average,2,0,0,N/A,N/A,N/A,N/A,N/A,N/A,N/A,N/A,Hazak Wächter,lance,Upgrade,Vaal Hazak Talon,4,Vaal Hazak Fang+,5.0,Deceased Scale,6.0,Vaal Hazak Membrane,4.0,lance,False,140,110,40,40,50,20,0
1281,561,Love's Sorrow,lance,Hazak Wächter,N/A,8,460,0,N/A,False,Dragon,270.0,N/A,N/A,average,2,0,0,N/A,N/A,N/A,N/A,N/A,N/A,N/A,N/A,Love's Sorrow,lance,Upgrade,Xeno'jiiva Veil,3,Vaal Hazak Talon,6.0,Vaal Hazak Tail,2.0,Vaal Hazak Gem,1.0,lance,False,200,70,20,20,50,40,0
1282,2532,Love's Tragedy,lance,Love's Sorrow,N/A,11,552,0,N/A,False,Dragon,360.0,N/A,N/A,average,2,2,0,N/A,N/A,N/A,N/A,N/A,N/A,N/A,N/A,Love's Tragedy,lance,Upgrade,Vaal Hazak Hardclaw,3,Shadowpierce Fang,2.0,Deceased Shard,5.0,Deathweaver Membrane,3.0,lance,False,80,80,30,30,80,100,0
1283,2533,Love's End,lance,Love's Tragedy,N/A,12,575,0,N/A,False,Dragon,480.0,N/A,N/A,average,2,2,0,N/A,N/A,N/A,N/A,N/A,N/A,N/A,N/A,Love's End,lance,Upgrade,Shara Ishvalda Tenderclaw,2,Vaal Hazak Hardclaw,5.0,Vaal Hazak Flail,2.0,Large Elder Dragon Gem,1.0,lance,False,70,80,30,30,80,110,0
1284,562,Taurus Lance I,lance,Bone Lance III,N/A,3,276,0,N/A,False,N/A,N/A,N/A,N/A,N/A,0,0,0,N/A,N/A,N/A,N/A,N/A,N/A,N/A,N/A,Taurus Lance I,lance,Upgrade,Hornetaur Shell,3,Hornetaur Wing,2.0,Monster Fluid,2.0,N/A,N/A,lance,False,110,70,30,90,0,0,0
1285,563,Taurus Lance II,lance,Taurus Lance I,N/A,4,299,0,N/A,False,N/A,N/A,N/A,N/A,N/A,0,0,0,N/A,N/A,N/A,N/A,N/A,N/A,N/A,N/A,Taurus Lance II,lance,Upgrade,Odogaron Fang,2,Hornetaur Shell,5.0,Hornetaur Wing,4.0,Hornetaur Head,2.0,lance,False,100,70,30,100,0,0,0
1286,564,Dark Stinger I,lance,Taurus Lance II,N/A,5,322,0,N/A,True,Blast,180.0,N/A,N/A,N/A,3,0,0,N/A,N/A,N/A,N/A,N/A,N/A,N/A,N/A,Dark Stinger I,lance,Create,Hornetaur Carapace,6,Hornetaur Innerwing,4.0,Hornetaur Head,1.0,Novacrystal,1.0,lance,False,100,100,40,40,70,0,0
1287,564,Dark Stinger I,lance,Taurus Lance II,N/A,5,322,0,N/A,True,Blast,180.0,N/A,N/A,N/A,3,0,0,N/A,N/A,N/A,N/A,N/A,N/A,N/A,N/A,Dark Stinger I,lance,Upgrade,Hornetaur Carapace,5,Hornetaur Innerwing,4.0,Monster Broth,2.0,Dragonvein Crystal,3.0,lance,False,100,100,40,40,70,0,0
1288,565,Dark Stinger II,lance,Dark Stinger I,N/A,6,345,0,N/A,True,Blast,210.0,N/A,N/A,N/A,3,0,0,N/A,N/A,N/A,N/A,N/A,N/A,N/A,N/A,Dark Stinger II,lance,Upgrade,Azure Rathalos Wing,2,Hornetaur Carapace,5.0,Hornetaur Innerwing,4.0,Novacrystal,1.0,lance,False,90,100,40,40,80,0,0
1289,566,Dark Stinger III,lance,Dark Stinger II,N/A,6,368,0,N/A,True,Blast,240.0,N/A,N/A,N/A,3,0,0,N/A,N/A,N/A,N/A,N/A,N/A,N/A,N/A,Dark Stinger III,lance,Upgrade,Vaal Hazak Fang+,3,Hornetaur Carapace,8.0,Hornetaur Innerwing,6.0,Wyvern Gem,1.0,lance,False,110,30,60,80,40,80,0
1290,2534,Abyss Aggressor I,lance,Dark Stinger III,N/A,9,460,0,N/A,True,Blast,300.0,N/A,N/A,N/A,3,0,0,N/A,N/A,N/A,N/A,N/A,N/A,N/A,N/A,Abyss Aggressor I,lance,Upgrade,Hornetaur Razorwing,2,Tough Claw,1.0,Monster Essence,2.0,Spiritvein Crystal,3.0,lance,False,110,30,30,110,40,80,0
1291,2535,Abyss Aggressor II,lance,Abyss Aggressor I,N/A,10,529,0,N/A,True,Blast,360.0,N/A,N/A,N/A,3,0,0,N/A,N/A,N/A,N/A,N/A,N/A,N/A,N/A,Abyss Aggressor II,lance,Upgrade,Odogaron Hardclaw,2,Hornetaur Razorwing,3.0,Monster Essence,3.0,Dragonbone Artifact,1.0,lance,False,120,20,20,70,40,30,100
1292,2536,Svarog Blazer,lance,Abyss Aggressor I,N/A,10,506,0,N/A,False,Fire,300.0,N/A,N/A,N/A,1,0,0,N/A,N/A,N/A,N/A,N/A,N/A,N/A,N/A,Svarog Blazer,lance,Upgrade,Glavenus Hardfang,2,Glavenus Shard,4.0,Molten Bursa,2.0,Eltalite Ore,6.0,lance,False,90,30,30,110,40,100,0
1293,2537,Svarog Blazer+,lance,Svarog Blazer,N/A,10,552,0,N/A,False,Fire,390.0,N/A,N/A,N/A,1,0,0,N/A,N/A,N/A,N/A,N/A,N/A,N/A,N/A,Svarog Blazer+,lance,Upgrade,Ebony Odogaron Hardfang,2,Glavenus Hellshell,3.0,Glavenus Tailedge,2.0,Glavenus Mantle,1.0,lance,False,120,30,30,60,50,80,30
1294,2538,Glavenus Granat,lance,Svarog Blazer+,N/A,11,598,0,N/A,False,Fire,480.0,N/A,N/A,N/A,1,0,0,N/A,N/A,N/A,N/A,N/A,N/A,N/A,N/A,Glavenus Granat,lance,Upgrade,Fire Dragon Hardclaw,2,Glavenus Hardfang,5.0,Glavenus Hellshell,4.0,Pure Dragon Blood,3.0,lance,False,110,30,30,60,50,90,30
1295,567,Carapace Lance I,lance,Bone Lance II,N/A,2,253,-20,10.0,False,N/A,N/A,N/A,N/A,N/A,0,0,0,N/A,N/A,N/A,N/A,N/A,N/A,N/A,N/A,Carapace Lance I,lance,Upgrade,Barroth Claw,1,Barroth Shell,3.0,Barroth Ridge,2.0,N/A,N/A,lance,False,70,50,50,80,0,0,0
1296,568,Carapace Lance II,lance,Carapace Lance I,N/A,3,276,-20,10.0,False,N/A,N/A,N/A,N/A,N/A,0,0,0,N/A,N/A,N/A,N/A,N/A,N/A,N/A,N/A,Carapace Lance II,lance,Upgrade,Dragonite Ore,3,Barroth Claw,2.0,Barroth Tail,1.0,Kestodon Shell,3.0,lance,False,110,70,30,90,0,0,0
1297,569,Carapace Lance III,lance,Carapace Lance II,N/A,4,345,-20,10.0,False,N/A,N/A,N/A,N/A,N/A,0,0,0,N/A,N/A,N/A,N/A,N/A,N/A,N/A,N/A,Carapace Lance III,lance,Upgrade,Diablos Shell,3,Barroth Claw,4.0,Barroth Scalp,2.0,Monster Bone+,3.0,lance,False,100,70,30,100,0,0,0
1298,570,Barroth Stinger I,lance,Carapace Lance III,N/A,5,391,-20,15.0,True,Paralysis,300.0,N/A,N/A,N/A,1,0,0,N/A,N/A,N/A,N/A,N/A,N/A,N/A,N/A,Barroth Stinger I,lance,Upgrade,Barroth Claw+,2,Barroth Carapace,3.0,Barroth Ridge+,2.0,Kestodon Carapace,5.0,lance,False,130,70,30,100,20,0,0
1299,571,Barroth Stinger II,lance,Barroth Stinger I,N/A,6,437,-20,15.0,True,Paralysis,330.0,N/A,N/A,N/A,1,1,0,N/A,N/A,N/A,N/A,N/A,N/A,N/A,N/A,Barroth Stinger II,lance,Upgrade,Diablos Carapace,3,Barroth Claw+,4.0,Barroth Carapace,3.0,Gastodon Carapace,5.0,lance,False,110,70,30,100,40,0,0
1300,572,Barroth Stinger III,lance,Barroth Stinger II,N/A,6,460,-20,15.0,True,Paralysis,390.0,N/A,N/A,N/A,2,1,0,N/A,N/A,N/A,N/A,N/A,N/A,N/A,N/A,Barroth Stinger III,lance,Upgrade,Nergigante Horn+,1,Barroth Claw+,5.0,Barroth Ridge+,5.0,Wyvern Gem,1.0,lance,False,100,120,40,50,90,0,0
1301,2539,Barroth Halberd I,lance,Barroth Stinger III,N/A,9,552,-20,25.0,True,Paralysis,420.0,N/A,N/A,N/A,2,1,0,N/A,N/A,N/A,N/A,N/A,N/A,N/A,N/A,Barroth Halberd I,lance,Create,Barroth Hardclaw,2,Barroth Crown,2.0,Barroth Chine,4.0,Large Wyvern Gem,1.0,lance,False,130,100,30,30,80,30,0
1302,2539,Barroth Halberd I,lance,Barroth Stinger III,N/A,9,552,-20,25.0,True,Paralysis,420.0,N/A,N/A,N/A,2,1,0,N/A,N/A,N/A,N/A,N/A,N/A,N/A,N/A,Barroth Halberd I,lance,Upgrade,Barroth Hardclaw,1,Barroth Cortex,2.0,Barroth Chine,2.0,Kestodon Husk,2.0,lance,False,130,100,30,30,80,30,0
1303,2540,Barroth Halberd II,lance,Barroth Halberd I,N/A,10,621,-20,25.0,True,Paralysis,450.0,N/A,N/A,N/A,2,2,0,N/A,N/A,N/A,N/A,N/A,N/A,N/A,N/A,Barroth Halberd II,lance,Upgrade,Diablos Cortex,2,Barroth Hardclaw,2.0,Barroth Crown,1.0,Monster Slogbone,3.0,lance,False,70,60,60,100,80,30,0
1304,2541,Dios Halberd I,lance,Barroth Halberd I,N/A,10,552,0,N/A,False,Blast,420.0,N/A,N/A,N/A,0,0,0,N/A,N/A,N/A,N/A,N/A,N/A,N/A,N/A,Dios Halberd I,lance,Upgrade,Brachydios Crown,2,Brachydios Cortex,4.0,Glowing Slime,3.0,Meldspar Ore,3.0,lance,False,100,100,40,50,60,50,0
1305,2542,Dios Halberd II,lance,Dios Halberd I,N/A,10,575,0,N/A,False,Blast,480.0,N/A,N/A,N/A,1,0,0,N/A,N/A,N/A,N/A,N/A,N/A,N/A,N/A,Dios Halberd II,lance,Upgrade,Azure Rathalos Fellwing,2,Brachydios Pounder+,3.0,Brachydios Lash,2.0,Glowing Slime,5.0,lance,False,100,30,30,110,40,90,0
1306,573,Garon Lance I,lance,Carapace Lance II,N/A,4,299,15,N/A,False,N/A,N/A,N/A,N/A,N/A,0,0,0,N/A,N/A,N/A,N/A,N/A,N/A,N/A,N/A,Garon Lance I,lance,Upgrade,Odogaron Claw,2,Odogaron Scale,4.0,Odogaron Fang,2.0,N/A,N/A,lance,False,90,70,30,110,0,0,0
1307,574,Garon Lance II,lance,Garon Lance I,N/A,5,322,15,N/A,True,Fire,150.0,N/A,N/A,N/A,0,0,0,N/A,N/A,N/A,N/A,N/A,N/A,N/A,N/A,Garon Lance II,lance,Upgrade,Quality Bone,5,Odogaron Claw,2.0,Odogaron Tail,2.0,Odogaron Plate,1.0,lance,False,100,100,40,40,70,0,0
1308,575,Garon Dhara I,lance,Garon Lance II,N/A,6,345,30,N/A,True,Fire,180.0,N/A,N/A,N/A,0,0,0,N/A,N/A,N/A,N/A,N/A,N/A,N/A,N/A,Garon Dhara I,lance,Create,Odogaron Shard,3,Dragonbone Artifact,1.0,Odogaron Scale+,8.0,Wyvern Gem,1.0,lance,False,80,100,40,40,90,0,0
1309,575,Garon Dhara I,lance,Garon Lance II,N/A,6,345,30,N/A,True,Fire,180.0,N/A,N/A,N/A,0,0,0,N/A,N/A,N/A,N/A,N/A,N/A,N/A,N/A,Garon Dhara I,lance,Upgrade,Odogaron Claw+,4,Odogaron Scale+,8.0,Odogaron Fang+,3.0,Dragonbone Relic,1.0,lance,False,80,100,40,40,90,0,0
1310,576,Garon Dhara II,lance,Garon Dhara I,N/A,7,391,30,N/A,True,Fire,210.0,N/A,N/A,N/A,0,0,0,N/A,N/A,N/A,N/A,N/A,N/A,N/A,N/A,Garon Dhara II,lance,Upgrade,Teostra Claw+,2,Odogaron Claw+,6.0,Odogaron Fang+,5.0,Odogaron Gem,1.0,lance,True,170,100,30,30,40,30,0
1311,2543,Odogaron's Misery I,lance,Garon Dhara II,N/A,10,506,30,N/A,True,Fire,300.0,N/A,N/A,N/A,0,0,0,N/A,N/A,N/A,N/A,N/A,N/A,N/A,N/A,Odogaron's Misery I,lance,Upgrade,Odogaron Hardclaw,2,Odogaron Shard,3.0,Odogaron Hardfang,2.0,Monster Slogbone,3.0,lance,True,120,80,30,30,80,60,0
1312,2544,Odogaron's Misery II,lance,Odogaron's Misery I,N/A,10,529,35,N/A,True,Fire,330.0,N/A,N/A,N/A,0,0,0,N/A,N/A,N/A,N/A,N/A,N/A,N/A,N/A,Odogaron's Misery II,lance,Upgrade,Acidic Glavenus Tailedge,2,Odogaron Hardclaw,4.0,Odogaron Lash,2.0,Odogaron Mantle,1.0,lance,True,110,80,30,30,80,70,0
1313,2545,Death Garon Lance,lance,Odogaron's Misery I,N/A,10,529,25,N/A,False,Dragon,300.0,N/A,N/A,high,1,0,0,N/A,N/A,N/A,N/A,N/A,N/A,N/A,N/A,Death Garon Lance,lance,Upgrade,Ebony Odogaron Hardclaw,3,Ebony Odogaron Shard,5.0,Ebony Odogaron Hardfang,2.0,Dragonbone Artifact,1.0,lance,True,110,80,30,30,80,70,0
1314,577,Aqua Horn I,lance,Bone Lance II,N/A,2,253,0,N/A,False,Water,150.0,N/A,N/A,N/A,0,0,0,N/A,N/A,N/A,N/A,N/A,N/A,N/A,N/A,Aqua Horn I,lance,Upgrade,Boulder Bone,2,Jyuratodus Shell,1.0,Jyuratodus Scale,3.0,Aqua Sac,1.0,lance,False,80,50,50,70,0,0,0
1315,578,Aqua Horn II,lance,Aqua Horn I,N/A,3,276,0,N/A,False,Water,180.0,N/A,N/A,N/A,0,0,0,N/A,N/A,N/A,N/A,N/A,N/A,N/A,N/A,Aqua Horn II,lance,Upgrade,Sturdy Bone,5,Jyuratodus Fin,3.0,Jyuratodus Fang,2.0,Gajau Skin,3.0,lance,False,120,70,30,80,0,0,0
1316,579,Aqua Horn III,lance,Aqua Horn II,N/A,4,322,0,N/A,False,Water,210.0,N/A,N/A,N/A,0,0,0,N/A,N/A,N/A,N/A,N/A,N/A,N/A,N/A,Aqua Horn III,lance,Upgrade,Monster Bone+,2,Jyuratodus Fang,4.0,Coral Bone,2.0,Gajau Whisker,3.0,lance,False,110,70,30,90,0,0,0
1317,580,Water Spike I,lance,Aqua Horn III,N/A,5,345,0,N/A,False,Water,240.0,N/A,N/A,N/A,2,0,0,N/A,N/A,N/A,N/A,N/A,N/A,N/A,N/A,Water Spike I,lance,Upgrade,Quality Bone,5,Jyuratodus Carapace,2.0,Jyuratodus Scale+,3.0,Gajau Scale,5.0,lance,False,140,70,30,100,10,0,0
1318,581,Water Spike II,lance,Water Spike I,N/A,6,391,0,N/A,False,Water,270.0,N/A,N/A,N/A,2,0,0,N/A,N/A,N/A,N/A,N/A,N/A,N/A,N/A,Water Spike II,lance,Upgrade,Monster Hardbone,3,Jyuratodus Fin+,4.0,Torrent Sac,3.0,Grand Gajau Whisker,3.0,lance,False,100,100,40,40,70,0,0
1319,582,Water Spike III,lance,Water Spike II,N/A,6,437,0,N/A,False,Water,300.0,N/A,N/A,N/A,2,0,0,N/A,N/A,N/A,N/A,N/A,N/A,N/A,N/A,Water Spike III,lance,Upgrade,Elder Dragon Bone,4,Jyuratodus Fin+,6.0,Jyuratodus Fang+,5.0,Wyvern Gem,1.0,lance,False,110,120,40,50,80,0,0
1320,2546,Water Spike IV,lance,Water Spike III,N/A,9,529,0,N/A,False,Water,330.0,N/A,N/A,N/A,2,0,0,N/A,N/A,N/A,N/A,N/A,N/A,N/A,N/A,Water Spike IV,lance,Create,Jyuratodus Grandfin,2,Jyuratodus Hardfang,2.0,Jyuratodus Shard,6.0,Large Wyvern Gem,1.0,lance,False,110,100,40,50,50,50,0
1321,2546,Water Spike IV,lance,Water Spike III,N/A,9,529,0,N/A,False,Water,330.0,N/A,N/A,N/A,2,0,0,N/A,N/A,N/A,N/A,N/A,N/A,N/A,N/A,Water Spike IV,lance,Upgrade,Jyuratodus Grandfin,1,Jyuratodus Hardfang,1.0,Jyuratodus Shard,3.0,Gajau Thickhide,2.0,lance,False,110,100,40,50,50,50,0
1322,2547,Hydros Ullr,lance,Water Spike IV,N/A,11,621,10,N/A,False,Water,390.0,N/A,N/A,N/A,0,0,0,N/A,N/A,N/A,N/A,N/A,N/A,N/A,N/A,Hydros Ullr,lance,Upgrade,Namielle Hardclaw,4,Namielle Finehide,5.0,Namielle Whisker,2.0,Purecrystal,1.0,lance,False,80,30,30,110,40,110,0
1323,2548,Tiger Stinger,lance,Water Spike IV,N/A,10,575,-20,N/A,True,Blast,270.0,N/A,N/A,N/A,0,0,0,N/A,N/A,N/A,N/A,N/A,N/A,N/A,N/A,Tiger Stinger,lance,Upgrade,Tigrex Hardclaw,3,Tigrex Shard,4.0,Monster Slogbone,3.0,Thick Bone,5.0,lance,False,70,30,30,110,40,120,0
1324,2549,Tiger Stinger+,lance,Tiger Stinger,N/A,10,621,-20,N/A,True,Blast,300.0,N/A,N/A,N/A,0,0,0,N/A,N/A,N/A,N/A,N/A,N/A,N/A,N/A,Tiger Stinger+,lance,Upgrade,Blackcurl Stouthorn,1,Tigrex Hardfang,3.0,Tigrex Lash,2.0,Tigrex Mantle,1.0,lance,False,60,30,30,110,40,130,0
1325,2550,Tigrex Lance,lance,Tiger Stinger+,N/A,11,644,-20,N/A,True,Blast,330.0,N/A,N/A,N/A,0,0,0,N/A,N/A,N/A,N/A,N/A,N/A,N/A,N/A,Tigrex Lance,lance,Upgrade,Daora Hardclaw,2,Tigrex Hardfang,2.0,Tigrex Cortex,4.0,Pure Dragon Blood,5.0,lance,False,50,30,30,110,40,140,0
1326,2551,Accursed Stinger,lance,Tiger Stinger,N/A,11,644,-30,N/A,True,Sleep,300.0,N/A,N/A,N/A,0,0,0,N/A,N/A,N/A,N/A,N/A,N/A,N/A,N/A,Accursed Stinger,lance,Upgrade,Brute Tigrex Hardclaw,3,Brute Tigrex Shard,5.0,Brute Tigrex Hardfang,2.0,Large Wyvern Gem,1.0,lance,False,100,20,30,90,90,30,40
1327,2552,Backbite,lance,Accursed Stinger,N/A,12,667,-30,N/A,True,Sleep,330.0,N/A,N/A,N/A,0,0,0,N/A,N/A,N/A,N/A,N/A,N/A,N/A,N/A,Backbite,lance,Upgrade,Tempered Ebonjaw,5,Brute Tigrex Hardclaw,4.0,Brute Tigrex Hardfang,3.0,Tigrex Mantle,1.0,lance,False,90,20,30,90,90,40,40
1328,2553,Sulfurteinn Keton,lance,Water Spike IV,N/A,10,621,0,N/A,True,Paralysis,300.0,N/A,N/A,N/A,4,0,0,N/A,N/A,N/A,N/A,N/A,N/A,N/A,N/A,Sulfurteinn Keton,lance,Upgrade,Acidic Glavenus Hardfang,2,Acidic Glavenus Spineshell,2.0,Acidic Glavenus Tailedge,2.0,Honed Acidcryst,4.0,lance,False,150,100,30,30,60,30,0
1329,2554,The Solvent Spindle,lance,Sulfurteinn Keton,N/A,11,667,0,N/A,True,Paralysis,330.0,N/A,N/A,N/A,4,0,0,N/A,N/A,N/A,N/A,N/A,N/A,N/A,N/A,The Solvent Spindle,lance,Upgrade,Vaal Hazak Hardclaw,2,Acidic Glavenus Hardfang,4.0,Acidic Glavenus Spineshell,3.0,Glavenus Mantle,1.0,lance,False,50,50,110,90,70,20,10
1330,583,Dragonbone Lance I,lance,N/A,N/A,3,230,0,N/A,False,Dragon,300.0,N/A,N/A,low,0,0,0,N/A,N/A,N/A,N/A,N/A,N/A,N/A,N/A,Dragonbone Lance I,lance,Create,Warped Bone,5,Coral Bone,5.0,Boulder Bone,5.0,Ancient Bone,5.0,lance,False,110,70,30,90,0,0,0
1331,584,Dragonbone Lance II,lance,Dragonbone Lance I,N/A,4,253,0,N/A,False,Dragon,360.0,N/A,N/A,low,0,0,0,N/A,N/A,N/A,N/A,N/A,N/A,N/A,N/A,Dragonbone Lance II,lance,Upgrade,Monster Bone+,6,Monster Bone L,8.0,Sturdy Bone,8.0,N/A,N/A,lance,False,70,70,30,130,0,0,0
1332,585,Dragonbone Lance III,lance,Dragonbone Lance II,N/A,6,368,0,N/A,False,Dragon,420.0,N/A,N/A,low,1,1,0,N/A,N/A,N/A,N/A,N/A,N/A,N/A,N/A,Dragonbone Lance III,lance,Upgrade,Elder Dragon Bone,10,Brutal Bone,4.0,Dragonbone Relic,2.0,Wyvern Gem,1.0,lance,False,120,110,40,40,70,20,0
1333,2555,Dragonseal Aldspear I,lance,Dragonbone Lance III,N/A,10,483,0,N/A,False,Dragon,540.0,N/A,N/A,average,1,1,0,N/A,N/A,N/A,N/A,N/A,N/A,N/A,N/A,Dragonseal Aldspear I,lance,Upgrade,Monster Solidbone,3,Monster Slogbone,4.0,Thick Bone,6.0,Dragonbone Artifact,1.0,lance,False,130,100,30,30,80,30,0
1334,2556,Dragonseal Aldspear II,lance,Dragonseal Aldspear I,N/A,11,552,0,N/A,False,Dragon,630.0,N/A,N/A,average,1,1,0,N/A,N/A,N/A,N/A,N/A,N/A,N/A,N/A,Dragonseal Aldspear II,lance,Upgrade,Large Elder Dragon Bone,6,Monster Solidbone,4.0,Lavasioth Grandfin,2.0,Large Wyvern Gem,1.0,lance,False,70,60,60,100,80,30,0
1335,2557,Unblinking Gatekeeper,lance,Dragonseal Aldspear I,N/A,12,644,0,30.0,True,Dragon,510.0,N/A,N/A,high,1,1,0,N/A,N/A,N/A,N/A,N/A,N/A,N/A,N/A,Unblinking Gatekeeper,lance,Upgrade,Shara Ishvalda Tenderclaw,4,Shara Ishvalda Tenderscale,6.0,Shara Ishvalda Tenderplate,2.0,Shara Ishvalda Gem,1.0,lance,False,170,30,30,60,50,30,30
1336,586,Rookslayer Lance,lance,Dragonbone Lance II,N/A,6,414,-10,N/A,False,Blast,180.0,N/A,N/A,N/A,0,0,0,N/A,N/A,N/A,N/A,N/A,N/A,N/A,N/A,Rookslayer Lance,lance,Upgrade,Bazelgeuse Talon,3,Bazelgeuse Scale+,5.0,Bazelgeuse Fuse,4.0,Firecell Stone,1.0,lance,False,110,100,40,40,60,0,0
1337,587,Bazel Myniad Rookslayer,lance,Rookslayer Lance,N/A,8,460,-10,N/A,False,Blast,210.0,N/A,N/A,N/A,0,0,0,N/A,N/A,N/A,N/A,N/A,N/A,N/A,N/A,Bazel Myniad Rookslayer,lance,Upgrade,Xeno'jiiva Wing,3,Bazelgeuse Wing,4.0,Bazelgeuse Talon,4.0,Bazelgeuse Gem,1.0,lance,False,70,120,80,60,20,50,0
1338,2558,Blasting Siegespear,lance,Bazel Myniad Rookslayer,N/A,11,575,-10,N/A,False,Blast,270.0,N/A,N/A,N/A,1,1,0,N/A,N/A,N/A,N/A,N/A,N/A,N/A,N/A,Blasting Siegespear,lance,Upgrade,Bazelgeuse Hardclaw,3,Bazelgeuse Shard,4.0,Distilled Blast Fluid,3.0,Meldspar Ore,5.0,lance,False,160,30,30,60,50,20,50
1339,2559,Bazel Rocket Rooksearer,lance,Blasting Siegespear,N/A,12,598,-10,N/A,False,Blast,330.0,N/A,N/A,N/A,1,1,0,N/A,N/A,N/A,N/A,N/A,N/A,N/A,N/A,Bazel Rocket Rooksearer,lance,Upgrade,Shara Ishvalda Petalstone,2,Scorching Silverwing,4.0,Bazelgeuse Hardclaw,4.0,Bazelgeuse Mantle,1.0,lance,False,150,30,30,60,50,30,50
1340,588,Thunderpike,lance,Dragonbone Lance I,N/A,4,253,10,N/A,False,Thunder,420.0,N/A,N/A,N/A,0,0,0,N/A,N/A,N/A,N/A,N/A,N/A,N/A,N/A,Thunderpike,lance,Upgrade,Kirin Thunderhorn,3,Kirin Hide,3.0,Kirin Tail,1.0,Lightcrystal,1.0,lance,False,60,50,80,110,0,0,0
1341,589,Thunderspear,lance,Thunderpike,N/A,7,345,10,N/A,False,Thunder,480.0,N/A,N/A,N/A,0,0,0,N/A,N/A,N/A,N/A,N/A,N/A,N/A,N/A,Thunderspear,lance,Upgrade,Kirin Azure Horn,4,Kirin Hide+,5.0,Kirin Mane,4.0,Dragonvein Crystal,5.0,lance,False,110,20,20,150,100,0,0
1342,590,Thunderpiercer,lance,Thunderspear,N/A,8,368,10,N/A,False,Thunder,540.0,N/A,N/A,N/A,0,0,0,N/A,N/A,N/A,N/A,N/A,N/A,N/A,N/A,Thunderpiercer,lance,Upgrade,Xeno'jiiva Shell,4,Kirin Azure Horn,6.0,Kirin Thundertail,3.0,Novacrystal,2.0,lance,False,110,20,20,140,110,0,0
1343,2560,Naar Thunderlance,lance,Thunderpiercer,N/A,11,529,10,N/A,False,Thunder,600.0,N/A,N/A,N/A,0,0,0,N/A,N/A,N/A,N/A,N/A,N/A,N/A,N/A,Naar Thunderlance,lance,Upgrade,Kirin Azure Horn+,3,Kirin Finehide,4.0,Kirin Silvermane,3.0,Purecrystal,1.0,lance,False,60,80,30,30,80,120,0
1344,591,Blacksteel Lance I,lance,N/A,N/A,5,230,0,N/A,False,Dragon,120.0,N/A,N/A,low,0,0,0,N/A,N/A,N/A,N/A,N/A,N/A,N/A,N/A,Blacksteel Lance I,lance,Create,Dragonvein Crystal,10,Earth Crystal,10.0,Coral Crystal,10.0,Lightcrystal,1.0,lance,False,150,110,40,40,10,0,0
1345,592,Blacksteel Lance II,lance,Blacksteel Lance I,N/A,6,253,0,N/A,False,Dragon,150.0,N/A,N/A,low,0,0,0,N/A,N/A,N/A,N/A,N/A,N/A,N/A,N/A,Blacksteel Lance II,lance,Upgrade,Firecell Stone,1,Fucium Ore,5.0,Carbalite Ore,10.0,Wyvern Gem,1.0,lance,False,140,110,40,40,20,0,0
1346,593,Icesteel Spear,lance,Blacksteel Lance II,N/A,7,391,10,N/A,False,Ice,210.0,N/A,N/A,N/A,2,0,0,N/A,N/A,N/A,N/A,N/A,N/A,N/A,N/A,Icesteel Spear,lance,Upgrade,Daora Claw+,3,Daora Webbing,4.0,Nergigante Carapace,5.0,Daora Tail,2.0,lance,False,110,60,80,80,50,20,0
1347,594,Daora's Fang,lance,Icesteel Spear,N/A,8,414,10,N/A,False,Ice,240.0,N/A,N/A,N/A,2,0,0,N/A,N/A,N/A,N/A,N/A,N/A,N/A,N/A,Daora's Fang,lance,Upgrade,Xeno'jiiva Wing,2,Daora Horn+,5.0,Daora Claw+,4.0,Daora Gem,1.0,lance,False,90,60,80,80,70,20,0
1348,2561,Daora's Regulus,lance,Daora's Fang,N/A,11,598,10,N/A,False,Ice,270.0,N/A,N/A,N/A,2,0,0,N/A,N/A,N/A,N/A,N/A,N/A,N/A,N/A,Daora's Regulus,lance,Upgrade,Daora Hardhorn,5,Daora Hardclaw,4.0,Daora Shard,5.0,Large Elder Dragon Gem,1.0,lance,False,140,30,30,60,50,60,30
1349,595,Xeno Zauta,lance,Blacksteel Lance II,N/A,8,391,15,N/A,False,Dragon,180.0,N/A,N/A,low,3,3,0,N/A,N/A,N/A,N/A,N/A,N/A,N/A,N/A,Xeno Zauta,lance,Upgrade,Xeno'jiiva Claw,4,Xeno'jiiva Shell,6.0,Xeno'jiiva Tail,2.0,Xeno'jiiva Gem,1.0,lance,False,130,30,60,80,40,60,0
1350,596,Babel Spear,lance,N/A,N/A,6,414,0,20.0,True,Fire,270.0,N/A,N/A,N/A,2,0,0,N/A,N/A,N/A,N/A,N/A,N/A,N/A,N/A,Babel Spear,lance,Create,Hunter King Coin,5,Rathalos Coin,4.0,Gama Coin,4.0,Novacrystal,1.0,lance,False,120,120,40,50,70,0,0
1351,597,Elder Babel Spear,lance,Babel Spear,N/A,8,460,0,20.0,True,Fire,330.0,N/A,N/A,N/A,3,0,0,N/A,N/A,N/A,N/A,N/A,N/A,N/A,N/A,Elder Babel Spear,lance,Upgrade,Ace Hunter Coin,5,Brute Coin,4.0,Flying Coin,4.0,Wyvern Gem,2.0,lance,False,110,120,40,50,80,0,0
1352,2562,Lost Babel,lance,Elder Babel Spear,N/A,11,598,0,40.0,True,Fire,360.0,N/A,N/A,N/A,4,0,0,N/A,N/A,N/A,N/A,N/A,N/A,N/A,N/A,Lost Babel,lance,Upgrade,Hero King Coin,1,Glavenus Coin,2.0,Nargacuga Coin,2.0,Banbaro Coin,2.0,lance,False,60,30,30,110,40,130,0
1353,1162,Grief Lance,lance,N/A,N/A,6,483,-25,N/A,False,Dragon,150.0,N/A,N/A,high,0,0,0,N/A,N/A,N/A,N/A,N/A,N/A,N/A,N/A,Grief Lance,lance,Create,Deviljho Scale,6,Deviljho Talon,2.0,Deviljho Tallfang,3.0,Deviljho Saliva,2.0,lance,False,60,120,80,60,30,50,0
1354,1163,Fiendish Tower,lance,Grief Lance,N/A,7,529,-25,N/A,False,Dragon,210.0,N/A,N/A,high,0,0,0,N/A,N/A,N/A,N/A,N/A,N/A,N/A,N/A,Fiendish Tower,lance,Upgrade,Elder Dragon Blood,5,Deviljho Scalp,2.0,Deviljho Tallfang,5.0,Deviljho Gem,1.0,lance,False,50,120,80,60,40,50,0
1355,2563,Fate's Spindle,lance,Fiendish Tower,N/A,12,644,-30,N/A,False,Dragon,360.0,N/A,N/A,high,0,0,0,N/A,N/A,N/A,N/A,N/A,N/A,N/A,N/A,Fate's Spindle,lance,Upgrade,Vile Fang,3,Deviljho Ripper,2.0,Black Blood,3.0,Deviljho Crook,1.0,lance,False,160,30,30,60,50,40,30
1356,1218,Empress Lance,lance,N/A,N/A,7,414,0,N/A,False,Blast,150.0,N/A,N/A,N/A,2,1,0,N/A,N/A,N/A,N/A,N/A,N/A,N/A,N/A,Empress Lance,lance,Create,Lunastra Scale+,4,Lunastra Horn,3.0,Lunastra Mane,3.0,Lunastra Gem,1.0,lance,False,110,30,60,80,40,80,0
1357,1219,"Empress Lance ""Blaze""",lance,Empress Lance,N/A,8,414,20,N/A,False,Blast,180.0,N/A,N/A,N/A,2,1,0,N/A,N/A,N/A,N/A,N/A,N/A,N/A,Guts,"Empress Lance ""Blaze""",lance,Upgrade,Research Commission Ticket,1,Lunastra Horn,2.0,Teostra Horn+,3.0,Bazelgeuse Gem,1.0,lance,False,110,30,60,80,40,80,0
1358,2564,"Soulfire Spike ""Blaze""",lance,"Empress Lance ""Blaze""",N/A,12,575,20,N/A,False,Blast,270.0,N/A,N/A,N/A,2,1,0,N/A,N/A,N/A,N/A,N/A,N/A,N/A,Guts,"Soulfire Spike ""Blaze""",lance,Upgrade,Lunastra Shard,4,Lunastra Hardhorn,4.0,Lunastra Mane+,4.0,Large Elder Dragon Gem,1.0,lance,False,120,30,90,30,30,80,20
1359,1220,"Empress Lance ""Ruin""",lance,Empress Lance,N/A,8,437,0,N/A,False,Blast,150.0,N/A,N/A,N/A,2,2,0,N/A,N/A,N/A,N/A,N/A,N/A,N/A,Hasten Recovery,"Empress Lance ""Ruin""",lance,Upgrade,Research Commission Ticket,1,Lunastra Wing,3.0,Nergigante Horn+,3.0,Nergigante Gem,1.0,lance,False,110,30,60,80,40,80,0
1360,2565,"Soulfire Spike ""Ruin""",lance,"Empress Lance ""Ruin""",N/A,12,621,0,N/A,False,Blast,210.0,N/A,N/A,N/A,2,2,0,N/A,N/A,N/A,N/A,N/A,N/A,N/A,Hasten Recovery,"Soulfire Spike ""Ruin""",lance,Upgrade,Lunastra Shard,4,Annihilating Greathorn,3.0,Eternal Regrowth Plate,3.0,Large Elder Dragon Gem,1.0,lance,False,120,30,90,30,30,80,20
1361,1221,"Empress Lance ""Styx""",lance,Empress Lance,N/A,8,414,10,N/A,False,Blast,240.0,N/A,N/A,N/A,3,3,0,N/A,N/A,N/A,N/A,N/A,N/A,N/A,Razor Sharp/Spare Shot,"Empress Lance ""Styx""",lance,Upgrade,Research Commission Ticket,1,Lunastra Tail,2.0,Xeno'jiiva Horn,3.0,Xeno'jiiva Gem,1.0,lance,False,110,30,60,80,40,80,0
1362,2566,"Soulfire Spike ""Styx""",lance,"Empress Lance ""Styx""",N/A,12,575,10,N/A,False,Blast,330.0,N/A,N/A,N/A,3,3,0,N/A,N/A,N/A,N/A,N/A,N/A,N/A,Razor Sharp/Spare Shot,"Soulfire Spike ""Styx""",lance,Upgrade,Lunastra Shard,4,Lunastra Lash,2.0,Elder Spiritvein Bone,5.0,Large Elder Dragon Gem,1.0,lance,False,120,30,90,30,30,80,20
1363,1222,Shooting Star Lance,lance,N/A,N/A,4,299,0,N/A,False,Paralysis,120.0,N/A,N/A,N/A,0,0,0,N/A,N/A,N/A,N/A,N/A,N/A,N/A,N/A,Shooting Star Lance,lance,Create,First Fleet Ticket,1,Rathalos Webbing,2.0,Sturdy Bone,5.0,Paralysis Sac,2.0,lance,False,60,50,80,110,0,0,0
1364,1223,Sapphire Star Lance,lance,Shooting Star Lance,N/A,7,437,0,N/A,False,Paralysis,180.0,N/A,N/A,N/A,0,0,0,N/A,N/A,N/A,N/A,N/A,N/A,N/A,N/A,Sapphire Star Lance,lance,Upgrade,First Fleet Ticket,2,Rathalos Wing,2.0,Omniplegia Sac,3.0,High Commendation,1.0,lance,False,90,50,50,80,130,0,0
1365,2567,Shining Star Lance,lance,Sapphire Star Lance,N/A,11,598,0,N/A,False,Paralysis,300.0,N/A,N/A,N/A,0,0,0,N/A,N/A,N/A,N/A,N/A,N/A,N/A,N/A,Shining Star Lance,lance,Upgrade,Research Commission Ticket+,2,Namielle Fellwing,3.0,Ultraplegia Sac,4.0,Conqueror's Seal,1.0,lance,False,60,80,30,30,80,120,0
1366,1256,Fair Wind Lance,lance,N/A,N/A,4,299,0,N/A,False,Sleep,120.0,N/A,N/A,N/A,0,0,0,N/A,N/A,N/A,N/A,N/A,N/A,N/A,N/A,Fair Wind Lance,lance,Create,Appreciation Ticket,3,Legiana Hide,3.0,Sturdy Bone,5.0,Sleep Sac,2.0,lance,False,60,50,80,110,0,0,0
1367,1257,White Wind Lance,lance,Fair Wind Lance,N/A,7,391,0,N/A,False,Sleep,180.0,N/A,N/A,N/A,0,0,0,N/A,N/A,N/A,N/A,N/A,N/A,N/A,N/A,White Wind Lance,lance,Upgrade,Appreciation Ticket,5,Legiana Hide+,3.0,Coma Sac,3.0,High Commendation,1.0,lance,False,220,20,20,20,30,90,0
1368,2568,Sweeping Gale Lance,lance,White Wind Lance,N/A,11,598,0,N/A,False,Sleep,270.0,N/A,N/A,N/A,0,0,0,N/A,N/A,N/A,N/A,N/A,N/A,N/A,N/A,Sweeping Gale Lance,lance,Upgrade,Research Commission Ticket+,2,Namielle Whisker,3.0,Torpor Sac,4.0,Conqueror's Seal,1.0,lance,False,70,80,30,30,80,110,0
1369,3148,Demon Lance,lance,N/A,N/A,11,667,-15,N/A,False,Thunder,90.0,N/A,N/A,N/A,4,0,0,N/A,N/A,N/A,N/A,N/A,N/A,N/A,N/A,Demon Lance,lance,Create,Rajang Hardhorn,1,Rajang Hardclaw,1.0,Rajang Hardfang,2.0,Rajang Wildpelt,2.0,lance,False,110,100,40,50,50,50,0
1370,3149,Great Demon Lance,lance,Demon Lance,N/A,12,713,-15,N/A,False,Thunder,120.0,N/A,N/A,N/A,4,0,0,N/A,N/A,N/A,N/A,N/A,N/A,N/A,N/A,Great Demon Lance,lance,Upgrade,Tempered Glimmerpelt,3,Rajang Hardhorn,3.0,Rajang Hardfang,7.0,Gold Rajang Pelt+,3.0,lance,False,100,100,40,50,60,50,0
1371,3150,Demonlord Rajang,lance,N/A,N/A,12,667,15,N/A,False,Thunder,360.0,N/A,N/A,N/A,0,0,0,N/A,N/A,N/A,N/A,N/A,N/A,N/A,N/A,Demonlord Rajang,lance,Create,Ghoulish Gold Gorer,3,Rajang Apoplexy,2.0,Gold Rajang Pelt+,5.0,Rajang Heart,1.0,lance,False,120,20,20,70,40,30,100
1372,3151,Infernal Warlance,lance,N/A,N/A,11,575,0,N/A,False,Dragon,270.0,N/A,N/A,average,2,0,0,N/A,N/A,N/A,N/A,N/A,N/A,N/A,N/A,Infernal Warlance,lance,Create,Stygian Zinogre Hardhorn,1,Stygian Zinogre Hardclaw,1.0,Stygian Zinogre Dragonlocks,2.0,Stygian Zinogre Dragonhold,2.0,lance,False,140,20,20,70,40,30,80
1373,3152,Infernal Warlance+,lance,Infernal Warlance,N/A,12,621,0,N/A,False,Dragon,330.0,N/A,N/A,average,2,0,0,N/A,N/A,N/A,N/A,N/A,N/A,N/A,N/A,Infernal Warlance+,lance,Upgrade,Tempered Dragonhold,3,Stygian Zinogre Hardhorn,2.0,Stygian Zinogre Hardclaw,5.0,Stygian Zinogre Skymerald,1.0,lance,False,110,20,20,70,40,30,110
1374,3153,Lightbreak Lance,lance,N/A,N/A,12,690,0,N/A,False,Blast,270.0,N/A,N/A,N/A,4,3,0,N/A,N/A,N/A,N/A,N/A,N/A,N/A,N/A,Lightbreak Lance,lance,Create,Brach Obliterator,3,Brach Warhead,1.0,Indestructible Ebonshell,4.0,Immortal Reactor,1.0,lance,True,120,30,30,60,50,80,30
1375,3206,Alatreon Lance,lance,N/A,N/A,11,575,0,N/A,False,Dragon,510.0,N/A,N/A,low,2,0,0,N/A,N/A,N/A,N/A,N/A,N/A,N/A,N/A,Alatreon Lance,lance,Create,Alatreon Mantle,3,Skyswayer,1.0,Alatreon Riptalon,3.0,Large Elder Dragon Gem,1.0,lance,False,120,20,20,70,40,30,100
1376,3207,Alatreon Gleam,lance,Alatreon Lance,N/A,12,644,0,N/A,False,Dragon,660.0,N/A,N/A,low,2,2,0,N/A,N/A,N/A,N/A,N/A,N/A,N/A,N/A,Alatreon Gleam,lance,Upgrade,Alatreon Direwing,1,Skyswayer,2.0,Alatreon Riptalon,2.0,Azure Dragonsphire,1.0,lance,False,80,20,20,70,40,30,140
1377,3250,Fatalis Lance,lance,N/A,N/A,11,782,-40,N/A,False,Dragon,60.0,N/A,N/A,high,4,4,0,N/A,N/A,N/A,N/A,N/A,N/A,N/A,N/A,Fatalis Lance,lance,Create,Fatalis Shard,3,Fatalis Pectus,1.0,Fatalis Hardhorn,1.0,Fatalis Evil Eye,1.0,lance,False,140,20,20,70,40,30,80
1378,3251,True Fatalis Lance,lance,Fatalis Lance,N/A,12,851,-20,N/A,False,Dragon,120.0,N/A,N/A,high,4,4,0,N/A,N/A,N/A,N/A,N/A,N/A,N/A,N/A,True Fatalis Lance,lance,Upgrade,Large Elder Dragon Gem,1,Fatalis Pectus,2.0,Fatalis Hardhorn,2.0,Fatalis Evil Eye,1.0,lance,False,140,20,20,70,40,30,80
1379,2569,Guild Palace Tower,lance,N/A,N/A,10,575,10,30.0,True,Water,450.0,N/A,N/A,N/A,3,0,0,N/A,N/A,N/A,N/A,N/A,N/A,N/A,N/A,Guild Palace Tower,lance,Create,Fest Ticket,2,Amber Hardfang,2.0,Gracium,5.0,Purecrystal,1.0,lance,False,150,30,30,60,50,50,30
1380,2570,Royal Grace Pike,lance,Guild Palace Tower,N/A,12,621,15,30.0,True,Water,540.0,N/A,N/A,N/A,3,0,0,N/A,N/A,N/A,N/A,N/A,N/A,N/A,N/A,Royal Grace Pike,lance,Upgrade,Hero King Coin,1,Namielle Hardclaw,3.0,Large Elder Dragon Bone,5.0,Pure Dragon Blood,3.0,lance,False,140,30,30,60,50,40,50
1381,2571,Defender Gunlance I,gunlance,N/A,N/A,1,299,0,N/A,False,Blast,180.0,N/A,N/A,N/A,0,0,0,N/A,N/A,N/A,wide,1.0,N/A,N/A,N/A,Defender Gunlance I,gunlance,Create,Iron Ore,1,N/A,N/A,N/A,N/A,N/A,N/A,gunlance,False,30,60,20,140,0,0,0
1382,2572,Defender Gunlance II,gunlance,Defender Gunlance I,N/A,3,391,0,N/A,False,Blast,210.0,N/A,N/A,N/A,0,0,0,N/A,N/A,N/A,wide,1.0,N/A,N/A,N/A,Defender Gunlance II,gunlance,Upgrade,Anjanath Scale,1,N/A,N/A,N/A,N/A,N/A,N/A,gunlance,False,30,60,20,150,40,0,0
1383,2573,Defender Gunlance III,gunlance,Defender Gunlance II,N/A,5,437,0,N/A,False,Blast,240.0,N/A,N/A,N/A,0,0,0,N/A,N/A,N/A,wide,2.0,N/A,N/A,N/A,Defender Gunlance III,gunlance,Upgrade,Commendation,1,N/A,N/A,N/A,N/A,N/A,N/A,gunlance,False,50,50,50,80,120,0,0
1384,2574,Defender Gunlance IV,gunlance,Defender Gunlance III,N/A,6,483,0,N/A,False,Blast,270.0,N/A,N/A,N/A,0,0,0,N/A,N/A,N/A,wide,3.0,N/A,N/A,N/A,Defender Gunlance IV,gunlance,Upgrade,Pink Rathian Scale+,1,N/A,N/A,N/A,N/A,N/A,N/A,gunlance,False,30,50,50,80,140,0,0
1385,2575,Defender Gunlance V,gunlance,Defender Gunlance IV,N/A,7,506,0,N/A,False,Blast,300.0,N/A,N/A,N/A,0,0,0,N/A,N/A,N/A,wide,4.0,N/A,N/A,N/A,Defender Gunlance V,gunlance,Upgrade,Immortal Dragonscale,1,N/A,N/A,N/A,N/A,N/A,N/A,gunlance,False,90,30,30,110,40,100,0
1386,598,Iron Gunlance I,gunlance,N/A,N/A,1,184,0,N/A,False,N/A,N/A,N/A,N/A,N/A,0,0,0,N/A,N/A,N/A,normal,1.0,N/A,N/A,N/A,Iron Gunlance I,gunlance,Create,Iron Ore,1,N/A,N/A,N/A,N/A,N/A,N/A,gunlance,False,100,50,80,20,0,0,0
1387,599,Iron Gunlance II,gunlance,Iron Gunlance I,N/A,1,207,0,N/A,False,N/A,N/A,N/A,N/A,N/A,0,0,0,N/A,N/A,N/A,normal,1.0,N/A,N/A,N/A,Iron Gunlance II,gunlance,Upgrade,Iron Ore,2,N/A,N/A,N/A,N/A,N/A,N/A,gunlance,False,70,70,30,80,0,0,0
1388,600,Iron Gunlance III,gunlance,Iron Gunlance II,N/A,2,230,0,N/A,False,N/A,N/A,N/A,N/A,N/A,0,0,0,N/A,N/A,N/A,normal,1.0,N/A,N/A,N/A,Iron Gunlance III,gunlance,Upgrade,Earth Crystal,2,Machalite Ore,2.0,Iron Ore,5.0,N/A,N/A,gunlance,False,60,70,30,90,0,0,0
1389,601,Steel Gunlance I,gunlance,Iron Gunlance III,N/A,3,253,0,N/A,False,N/A,N/A,N/A,N/A,N/A,0,0,0,N/A,N/A,N/A,normal,2.0,N/A,N/A,N/A,Steel Gunlance I,gunlance,Upgrade,Dragonite Ore,2,Machalite Ore,5.0,Monster Bone M,2.0,N/A,N/A,gunlance,False,80,50,80,90,0,0,0
1390,602,Steel Gunlance II,gunlance,Steel Gunlance I,N/A,4,299,0,N/A,False,N/A,N/A,N/A,N/A,N/A,0,0,0,N/A,N/A,N/A,normal,2.0,N/A,N/A,N/A,Steel Gunlance II,gunlance,Upgrade,Monster Bone+,2,Dragonite Ore,5.0,Coral Crystal,2.0,Machalite Ore,10.0,gunlance,False,70,50,80,100,0,0,0
1391,603,Steel Gunlance III,gunlance,Steel Gunlance II,N/A,5,322,0,N/A,True,Blast,210.0,N/A,N/A,N/A,1,0,0,N/A,N/A,N/A,normal,2.0,N/A,N/A,N/A,Steel Gunlance III,gunlance,Upgrade,Carbalite Ore,8,Dragonite Ore,5.0,Dragonvein Crystal,2.0,N/A,N/A,gunlance,False,90,50,50,80,80,0,0
1392,604,Chrome Gunlance I,gunlance,Steel Gunlance III,N/A,6,368,0,N/A,True,Blast,240.0,N/A,N/A,N/A,1,0,0,N/A,N/A,N/A,normal,3.0,N/A,N/A,N/A,Chrome Gunlance I,gunlance,Upgrade,Fucium Ore,8,Carbalite Ore,5.0,Dragonite Ore,10.0,Dragonvein Crystal,3.0,gunlance,False,70,50,50,80,100,0,0
1393,605,Chrome Gunlance II,gunlance,Chrome Gunlance I,N/A,6,414,0,N/A,True,Blast,270.0,N/A,N/A,N/A,1,1,0,N/A,N/A,N/A,normal,3.0,N/A,N/A,N/A,Chrome Gunlance II,gunlance,Upgrade,Elder Dragon Blood,2,Fucium Ore,13.0,Carbalite Ore,20.0,Firecell Stone,1.0,gunlance,False,60,60,20,150,90,20,0
1394,2576,Chrome Halberd I,gunlance,Chrome Gunlance II,N/A,9,506,0,N/A,True,Blast,300.0,N/A,N/A,N/A,1,1,0,N/A,N/A,N/A,normal,4.0,N/A,N/A,N/A,Chrome Halberd I,gunlance,Create,Eltalite Ore,6,Carbalite Ore,10.0,Firecell Stone,2.0,Purecrystal,1.0,gunlance,False,80,80,30,30,80,100,0
1395,2576,Chrome Halberd I,gunlance,Chrome Gunlance II,N/A,9,506,0,N/A,True,Blast,300.0,N/A,N/A,N/A,1,1,0,N/A,N/A,N/A,normal,4.0,N/A,N/A,N/A,Chrome Halberd I,gunlance,Upgrade,Eltalite Ore,2,Carbalite Ore,4.0,Spiritvein Crystal,2.0,Gracium,1.0,gunlance,False,80,80,30,30,80,100,0
1396,2577,Chrome Halberd II,gunlance,Chrome Halberd I,N/A,10,552,0,N/A,True,Blast,330.0,N/A,N/A,N/A,1,1,0,N/A,N/A,N/A,normal,5.0,N/A,N/A,N/A,Chrome Halberd II,gunlance,Upgrade,Monster Slogbone,3,Eltalite Ore,4.0,Meldspar Ore,2.0,Bathycite Ore,2.0,gunlance,False,70,80,30,30,80,110,0
1397,2578,Chrome Halberd III,gunlance,Chrome Halberd II,N/A,11,598,0,N/A,True,Blast,360.0,N/A,N/A,N/A,1,1,0,N/A,N/A,N/A,normal,6.0,N/A,N/A,N/A,Chrome Halberd III,gunlance,Upgrade,Pure Dragon Blood,3,Eltalite Ore,6.0,Meldspar Ore,3.0,Purecrystal,1.0,gunlance,False,110,30,30,60,50,90,30
1398,2579,Blackwing Gunlance I,gunlance,Chrome Halberd II,N/A,10,598,20,N/A,False,Poison,210.0,N/A,N/A,N/A,3,0,0,N/A,N/A,N/A,long,5.0,N/A,N/A,N/A,Blackwing Gunlance I,gunlance,Upgrade,Garuga Shard,3,Garuga Silverpelt,4.0,Garuga Auricle,2.0,Fey Wyvern Gem,1.0,gunlance,False,140,30,90,30,30,60,20
1399,2580,Blackwing Gunlance II,gunlance,Blackwing Gunlance I,N/A,11,621,25,N/A,False,Poison,240.0,N/A,N/A,N/A,3,0,0,N/A,N/A,N/A,long,6.0,N/A,N/A,N/A,Blackwing Gunlance II,gunlance,Upgrade,Scratched Shell,3,Garuga Fellwing,2.0,Fancy Beak,3.0,Large Wyvern Gem,1.0,gunlance,False,140,30,90,30,30,60,20
1400,606,Nergal Ram,gunlance,Chrome Gunlance I,N/A,7,460,0,N/A,False,Dragon,120.0,N/A,N/A,high,1,0,0,N/A,N/A,N/A,wide,2.0,N/A,N/A,N/A,Nergal Ram,gunlance,Upgrade,Nergigante Talon,3,Nergigante Regrowth Plate,4.0,Nergigante Tail,2.0,Nergigante Carapace,2.0,gunlance,True,120,120,40,50,70,0,0
1401,607,Eradication Flame,gunlance,Nergal Ram,N/A,8,483,0,N/A,False,Dragon,150.0,N/A,N/A,high,2,0,0,N/A,N/A,N/A,wide,2.0,N/A,N/A,N/A,Eradication Flame,gunlance,Upgrade,Xeno'jiiva Horn,2,Nergigante Horn+,5.0,Nergigante Talon,5.0,Nergigante Gem,1.0,gunlance,True,110,120,40,50,80,0,0
1402,2581,Ruinous Eradication,gunlance,Eradication Flame,N/A,12,667,0,N/A,False,Dragon,210.0,N/A,N/A,high,2,0,0,N/A,N/A,N/A,wide,5.0,N/A,N/A,N/A,Ruinous Eradication,gunlance,Upgrade,Annihilating Greathorn,3,Nergigante Hardclaw,4.0,Eternal Regrowth Plate,5.0,Large Elder Dragon Gem,1.0,gunlance,True,80,30,30,110,40,110,0
1403,608,Pulsar Gunlance I,gunlance,Iron Gunlance II,N/A,2,230,10,N/A,False,Thunder,120.0,N/A,N/A,N/A,0,0,0,N/A,N/A,N/A,long,1.0,N/A,N/A,N/A,Pulsar Gunlance I,gunlance,Upgrade,Tobi-Kadachi Claw,1,Tobi-Kadachi Scale,3.0,Tobi-Kadachi Pelt,2.0,N/A,N/A,gunlance,False,70,70,30,80,0,0,0
1404,609,Pulsar Gunlance II,gunlance,Pulsar Gunlance I,N/A,3,253,10,N/A,False,Thunder,150.0,N/A,N/A,N/A,0,0,0,N/A,N/A,N/A,long,1.0,N/A,N/A,N/A,Pulsar Gunlance II,gunlance,Upgrade,Tobi-Kadachi Electrode,2,Tobi-Kadachi Claw,3.0,Electro Sac,2.0,Coral Crystal,3.0,gunlance,False,80,50,80,90,0,0,0
1405,610,Pulsar Gunlance III,gunlance,Pulsar Gunlance II,N/A,4,299,10,N/A,False,Thunder,180.0,N/A,N/A,N/A,0,0,0,N/A,N/A,N/A,long,1.0,N/A,N/A,N/A,Pulsar Gunlance III,gunlance,Upgrade,Monster Bone+,2,Tobi-Kadachi Electrode,2.0,Tobi-Kadachi Membrane,2.0,Warped Bone,2.0,gunlance,False,70,50,80,100,0,0,0
1406,611,Kadachi Striker,gunlance,Pulsar Gunlance III,N/A,5,345,20,N/A,False,Thunder,210.0,N/A,N/A,N/A,1,0,0,N/A,N/A,N/A,long,2.0,N/A,N/A,N/A,Kadachi Striker,gunlance,Create,Tobi-Kadachi Electrode+,2,Tobi-Kadachi Claw+,6.0,Tobi-Kadachi Pelt+,7.0,Wyvern Gem,1.0,gunlance,False,110,50,50,80,60,0,0
1407,611,Kadachi Striker,gunlance,Pulsar Gunlance III,N/A,5,345,20,N/A,False,Thunder,210.0,N/A,N/A,N/A,1,0,0,N/A,N/A,N/A,long,2.0,N/A,N/A,N/A,Kadachi Striker,gunlance,Upgrade,Tobi-Kadachi Claw+,3,Tobi-Kadachi Scale+,4.0,Tobi-Kadachi Pelt+,3.0,Dragonvein Crystal,3.0,gunlance,False,110,50,50,80,60,0,0
1408,612,Kadachi Striker+,gunlance,Kadachi Striker,N/A,6,391,20,N/A,False,Thunder,240.0,N/A,N/A,N/A,1,0,0,N/A,N/A,N/A,long,2.0,N/A,N/A,N/A,Kadachi Striker+,gunlance,Upgrade,Majestic Horn,2,Tobi-Kadachi Electrode+,2.0,Tobi-Kadachi Claw+,4.0,Thunder Sac,3.0,gunlance,False,100,50,50,80,70,0,0
1409,613,Mythic Kadachi Striker,gunlance,Kadachi Striker+,N/A,7,414,20,N/A,False,Thunder,270.0,N/A,N/A,N/A,1,0,0,N/A,N/A,N/A,long,3.0,N/A,N/A,N/A,Mythic Kadachi Striker,gunlance,Upgrade,Nergigante Talon,2,Tobi-Kadachi Electrode+,4.0,Tobi-Kadachi Claw+,6.0,Wyvern Gem,1.0,gunlance,False,100,60,60,100,50,30,0
1410,2582,Mythic Kadachi Striker+,gunlance,Mythic Kadachi Striker,N/A,9,483,20,N/A,False,Thunder,450.0,N/A,N/A,N/A,1,0,0,N/A,N/A,N/A,long,4.0,N/A,N/A,N/A,Mythic Kadachi Striker+,gunlance,Upgrade,Tobi-Kadachi Hardclaw,1,Tobi-Kadachi Shard,2.0,Tobi-Kadachi Thickfur,2.0,Lightning Sac,1.0,gunlance,False,90,80,30,30,80,90,0
1411,2583,Thundering Striker,gunlance,Mythic Kadachi Striker+,N/A,10,529,20,N/A,False,Thunder,510.0,N/A,N/A,N/A,1,0,0,N/A,N/A,N/A,long,5.0,N/A,N/A,N/A,Thundering Striker,gunlance,Upgrade,Hard Odogaron Sinew,2,Tobi-Kadachi Cathode,2.0,Tobi-Kadachi Hardclaw,2.0,Tobi-Kadachi Membrane+,2.0,gunlance,False,120,30,90,30,30,80,20
1412,2584,Crimson Ember,gunlance,Mythic Kadachi Striker,N/A,9,529,15,N/A,False,Paralysis,270.0,N/A,N/A,N/A,1,0,0,N/A,N/A,N/A,long,4.0,N/A,N/A,N/A,Crimson Ember,gunlance,Upgrade,Viper Tobi-Kadachi Hardclaw,1,Viper Tobi-Kadachi Shard,2.0,Viper Tobi-Kadachi Thickfur,2.0,Ultraplegia Sac,1.0,gunlance,False,90,80,30,30,80,90,0
1413,2585,Crimson Ember+,gunlance,Crimson Ember,N/A,10,575,15,N/A,False,Paralysis,300.0,N/A,N/A,N/A,1,0,0,N/A,N/A,N/A,long,5.0,N/A,N/A,N/A,Crimson Ember+,gunlance,Upgrade,Acidic Glavenus Spineshell,2,Viper Tobi-Kadachi Thorn,2.0,Viper Tobi-Kadachi Hardclaw,2.0,Viper Tobi-Kadachi Membrane+,2.0,gunlance,False,120,30,90,30,30,80,20
1414,2586,Crimson Hornet,gunlance,Crimson Ember+,N/A,11,598,15,N/A,False,Paralysis,330.0,N/A,N/A,N/A,1,0,0,N/A,N/A,N/A,long,6.0,N/A,N/A,N/A,Crimson Hornet,gunlance,Upgrade,Large Elder Dragon Bone,3,Viper Tobi-Kadachi Thorn,3.0,Ultraplegia Sac,3.0,Large Wyvern Gem,1.0,gunlance,False,120,30,90,30,30,80,20
1415,614,Rath Gunlance I,gunlance,Pulsar Gunlance II,N/A,4,276,15,N/A,False,Fire,120.0,N/A,N/A,N/A,0,0,0,N/A,N/A,N/A,long,1.0,N/A,N/A,N/A,Rath Gunlance I,gunlance,Upgrade,Rathalos Scale,1,Rathalos Webbing,2.0,Flame Sac,2.0,Rathalos Marrow,2.0,gunlance,False,60,50,80,110,0,0,0
1416,615,Rath Gunlance II,gunlance,Rath Gunlance I,N/A,5,322,15,N/A,False,Fire,150.0,N/A,N/A,N/A,1,0,0,N/A,N/A,N/A,long,1.0,N/A,N/A,N/A,Rath Gunlance II,gunlance,Upgrade,Rathalos Scale,6,Rathalos Tail,2.0,Rathalos Plate,1.0,Inferno Sac,3.0,gunlance,False,90,50,80,100,30,0,0
1417,616,Red Rook,gunlance,Rath Gunlance II,N/A,6,345,20,N/A,False,Fire,180.0,N/A,N/A,N/A,1,0,0,N/A,N/A,N/A,long,2.0,N/A,N/A,N/A,Red Rook,gunlance,Upgrade,Rathalos Scale+,6,Rathalos Carapace,4.0,Rathalos Wing,2.0,Rathalos Medulla,1.0,gunlance,False,110,50,50,80,60,0,0
1418,617,Blue Rook,gunlance,Red Rook,N/A,7,414,20,N/A,False,Fire,210.0,N/A,N/A,N/A,1,0,0,N/A,N/A,N/A,long,2.0,N/A,N/A,N/A,Blue Rook,gunlance,Upgrade,Azure Rathalos Scale+,6,Azure Rathalos Carapace,4.0,Azure Rathalos Wing,3.0,Wyvern Gem,1.0,gunlance,False,110,60,80,80,50,20,0
1419,618,Blue Chariot,gunlance,Blue Rook,N/A,8,437,20,N/A,False,Fire,240.0,N/A,N/A,N/A,1,0,0,N/A,N/A,N/A,long,3.0,N/A,N/A,N/A,Blue Chariot,gunlance,Upgrade,Teostra Horn+,2,Azure Rathalos Scale+,8.0,Azure Rathalos Tail,3.0,Rathalos Ruby,1.0,gunlance,False,80,50,60,120,50,40,0
1420,2587,Blue Chariot+,gunlance,Blue Chariot,N/A,10,506,20,N/A,False,Fire,270.0,N/A,N/A,N/A,1,0,0,N/A,N/A,N/A,long,5.0,N/A,N/A,N/A,Blue Chariot+,gunlance,Upgrade,Rathalos Shard,6,Rathalos Cortex,4.0,Rathalos Fellwing,2.0,Rath Wingtalon+,4.0,gunlance,False,100,100,40,50,60,50,0
1421,2588,Soul Chariot,gunlance,Blue Chariot+,N/A,10,552,20,N/A,False,Fire,300.0,N/A,N/A,N/A,1,0,0,N/A,N/A,N/A,long,5.0,N/A,N/A,N/A,Soul Chariot,gunlance,Upgrade,Azure Rathalos Shard,6,Azure Rathalos Cortex,4.0,Azure Rathalos Fellwing,3.0,Rathalos Mantle,1.0,gunlance,False,100,30,30,110,40,90,0
1422,2589,Chariot Gun,gunlance,Soul Chariot,N/A,12,621,20,N/A,False,Fire,330.0,N/A,N/A,N/A,2,0,0,N/A,N/A,N/A,long,6.0,N/A,N/A,N/A,Chariot Gun,gunlance,Upgrade,Silver Rathalos Shard,8,Silver Rathalos Cortex,4.0,Silver Rathalos Lash,3.0,Rath Gleam,2.0,gunlance,False,120,30,30,60,50,80,30
1423,619,Princess Panoply,gunlance,Pulsar Gunlance I,N/A,3,276,10,N/A,False,Poison,240.0,N/A,N/A,N/A,0,0,0,N/A,N/A,N/A,normal,2.0,N/A,N/A,N/A,Princess Panoply,gunlance,Upgrade,Rathian Spike,3,Rathian Scale,5.0,Rathian Shell,4.0,N/A,N/A,gunlance,False,70,50,80,100,0,0,0
1424,620,Princess Panoply+,gunlance,Princess Panoply,N/A,5,345,10,N/A,False,Poison,270.0,N/A,N/A,N/A,1,0,0,N/A,N/A,N/A,normal,2.0,N/A,N/A,N/A,Princess Panoply+,gunlance,Upgrade,Rathian Spike+,3,Rathian Scale+,5.0,Rathian Carapace,4.0,Rathian Plate,1.0,gunlance,False,100,50,50,80,70,0,0
1425,621,Rose Burst,gunlance,Princess Panoply+,N/A,6,391,15,N/A,False,Poison,300.0,N/A,N/A,N/A,1,0,0,N/A,N/A,N/A,normal,3.0,N/A,N/A,N/A,Rose Burst,gunlance,Upgrade,Rathian Spike+,4,Pink Rathian Scale+,5.0,Pink Rathian Carapace,4.0,Wyvern Gem,1.0,gunlance,False,90,50,50,80,80,0,0
1426,622,Royal Burst,gunlance,Rose Burst,N/A,7,437,15,N/A,False,Poison,330.0,N/A,N/A,N/A,1,0,0,N/A,N/A,N/A,normal,4.0,N/A,N/A,N/A,Royal Burst,gunlance,Upgrade,Elder Dragon Blood,3,Rathian Spike+,5.0,Pink Rathian Scale+,6.0,Rathian Ruby,1.0,gunlance,False,80,60,60,100,70,30,0
1427,2590,Royal Burst+,gunlance,Royal Burst,N/A,9,529,15,N/A,False,Poison,360.0,N/A,N/A,N/A,1,0,0,N/A,N/A,N/A,normal,5.0,N/A,N/A,N/A,Royal Burst+,gunlance,Upgrade,Rathian Surspike,3,Rathian Shard,5.0,Rathian Cortex,4.0,N/A,N/A,gunlance,False,90,100,40,50,70,50,0
1428,2591,Highness's Fury,gunlance,Royal Burst+,N/A,10,598,15,N/A,False,Poison,390.0,N/A,N/A,N/A,1,0,0,N/A,N/A,N/A,normal,5.0,N/A,N/A,N/A,Highness's Fury,gunlance,Upgrade,Monster Solidbone,5,Pink Rathian Shard,4.0,Pink Rathian Cortex,3.0,Rathian Mantle,1.0,gunlance,False,100,30,30,110,40,90,0
1429,2592,Queen's Panoply,gunlance,Highness's Fury,N/A,12,667,15,N/A,False,Poison,450.0,N/A,N/A,N/A,1,0,0,N/A,N/A,N/A,normal,6.0,N/A,N/A,N/A,Queen's Panoply,gunlance,Upgrade,Gold Rathian Surspike,3,Gold Rathian Shard,5.0,Gold Rathian Cortex,4.0,Rath Gleam,1.0,gunlance,False,60,80,30,30,80,120,0
1430,623,Madness Gunlance I,gunlance,Iron Gunlance II,N/A,2,253,0,N/A,False,Water,210.0,N/A,N/A,N/A,0,0,0,N/A,N/A,N/A,wide,1.0,N/A,N/A,N/A,Madness Gunlance I,gunlance,Upgrade,Jyuratodus Fin,1,Jyuratodus Shell,1.0,Jyuratodus Scale,3.0,Aqua Sac,1.0,gunlance,False,60,70,30,90,0,0,0
1431,624,Madness Gunlance II,gunlance,Madness Gunlance I,N/A,3,276,0,N/A,False,Water,240.0,N/A,N/A,N/A,0,0,0,N/A,N/A,N/A,wide,1.0,N/A,N/A,N/A,Madness Gunlance II,gunlance,Upgrade,Great Girros Hide,2,Jyuratodus Fin,3.0,Jyuratodus Shell,3.0,Gajau Skin,3.0,gunlance,False,70,50,80,100,0,0,0
1432,625,Madness Gunlance III,gunlance,Madness Gunlance II,N/A,4,299,0,N/A,False,Water,270.0,N/A,N/A,N/A,0,0,0,N/A,N/A,N/A,wide,1.0,N/A,N/A,N/A,Madness Gunlance III,gunlance,Upgrade,Monster Bone+,2,Jyuratodus Fang,4.0,Jyuratodus Shell,3.0,Gajau Whisker,3.0,gunlance,False,60,50,80,110,0,0,0
1433,626,Jyura Buster I,gunlance,Madness Gunlance III,N/A,5,345,0,N/A,False,Water,300.0,N/A,N/A,N/A,1,0,0,N/A,N/A,N/A,wide,2.0,N/A,N/A,N/A,Jyura Buster I,gunlance,Upgrade,Jyuratodus Fin+,2,Jyuratodus Carapace,2.0,Jyuratodus Scale+,3.0,Gajau Scale,5.0,gunlance,False,100,50,80,100,20,0,0
1434,627,Jyura Buster II,gunlance,Jyura Buster I,N/A,6,368,0,N/A,False,Water,330.0,N/A,N/A,N/A,1,0,0,N/A,N/A,N/A,wide,2.0,N/A,N/A,N/A,Jyura Buster II,gunlance,Upgrade,Monster Hardbone,3,Jyuratodus Fin+,4.0,Torrent Sac,3.0,Grand Gajau Whisker,3.0,gunlance,False,110,50,50,80,60,0,0
1435,628,Jyura Buster III,gunlance,Jyura Buster II,N/A,6,437,0,N/A,False,Water,360.0,N/A,N/A,N/A,1,0,0,N/A,N/A,N/A,wide,3.0,N/A,N/A,N/A,Jyura Buster III,gunlance,Upgrade,Elder Dragon Bone,2,Jyuratodus Fin+,6.0,Jyuratodus Fang+,5.0,Wyvern Gem,1.0,gunlance,False,110,60,80,80,50,20,0
1436,2593,Jyura Demolisher I,gunlance,Jyura Buster III,N/A,9,506,0,N/A,False,Water,390.0,N/A,N/A,N/A,3,1,0,N/A,N/A,N/A,wide,4.0,N/A,N/A,N/A,Jyura Demolisher I,gunlance,Create,Jyuratodus Grandfin,2,Jyuratodus Hardfang,2.0,Jyuratodus Shard,6.0,Large Wyvern Gem,1.0,gunlance,False,90,100,40,50,70,50,0
1437,2593,Jyura Demolisher I,gunlance,Jyura Buster III,N/A,9,506,0,N/A,False,Water,390.0,N/A,N/A,N/A,3,1,0,N/A,N/A,N/A,wide,4.0,N/A,N/A,N/A,Jyura Demolisher I,gunlance,Upgrade,Jyuratodus Grandfin,1,Jyuratodus Hardfang,1.0,Jyuratodus Shard,3.0,Gajau Thickhide,2.0,gunlance,False,90,100,40,50,70,50,0
1438,2594,Jyura Demolisher II,gunlance,Jyura Demolisher I,N/A,10,598,0,N/A,False,Water,420.0,N/A,N/A,N/A,3,1,0,N/A,N/A,N/A,wide,5.0,N/A,N/A,N/A,Jyura Demolisher II,gunlance,Upgrade,Monster Slogbone,2,Jyuratodus Grandfin,2.0,Flood Sac,2.0,Steel Gajau Whisker,1.0,gunlance,False,90,100,40,50,70,50,0
1439,2595,Twinfang,gunlance,Jyura Demolisher I,N/A,10,506,20,N/A,False,Ice,210.0,N/A,N/A,N/A,0,0,0,N/A,N/A,N/A,wide,4.0,N/A,N/A,N/A,Twinfang,gunlance,Upgrade,Barioth Hardclaw,3,Barioth Cortex,4.0,Cryo Sac,4.0,Frozen Bone,3.0,gunlance,False,100,30,30,110,40,90,0
1440,2596,Twinfang+,gunlance,Twinfang,N/A,10,529,25,N/A,False,Ice,270.0,N/A,N/A,N/A,0,0,0,N/A,N/A,N/A,wide,5.0,N/A,N/A,N/A,Twinfang+,gunlance,Upgrade,Obsidian Icetalon,2,Amber Hardfang,3.0,Barioth Greatspike,3.0,Large Wyvern Gem,1.0,gunlance,False,100,30,30,110,40,90,0
1441,2597,Ambermarch,gunlance,Twinfang+,N/A,11,575,30,N/A,False,Ice,330.0,N/A,N/A,N/A,0,0,0,N/A,N/A,N/A,wide,5.0,N/A,N/A,N/A,Ambermarch,gunlance,Upgrade,Velkhana Hardclaw,2,Barioth Hardclaw,4.0,Amber Hardfang,2.0,Large Elder Dragon Bone,5.0,gunlance,False,100,30,30,110,40,90,0
1442,3229,White Night,gunlance,Twinfang,N/A,11,621,15,N/A,False,Ice,480.0,N/A,N/A,N/A,0,0,0,N/A,N/A,N/A,normal,7.0,N/A,N/A,N/A,White Night,gunlance,Create,Frostfang Ticket,3,Silverwhite Frostfang,3.0,Bergcrusher Claw,2.0,Large Wyvern Gem,1.0,gunlance,False,10,30,50,50,60,120,80
1443,3229,White Night,gunlance,Twinfang,N/A,11,621,15,N/A,False,Ice,480.0,N/A,N/A,N/A,0,0,0,N/A,N/A,N/A,normal,7.0,N/A,N/A,N/A,White Night,gunlance,Upgrade,Frostfang Ticket,2,Silverwhite Frostfang,3.0,Bergcrusher Claw,1.0,Gracium,5.0,gunlance,False,10,30,50,50,60,120,80
1444,629,Glacial Gunlance I,gunlance,Madness Gunlance II,N/A,4,299,0,N/A,False,Ice,180.0,N/A,N/A,N/A,0,0,0,N/A,N/A,N/A,normal,2.0,N/A,N/A,N/A,Glacial Gunlance I,gunlance,Upgrade,Legiana Claw,3,Legiana Scale,4.0,Frost Sac,2.0,N/A,N/A,gunlance,False,50,50,80,120,0,0,0
1445,630,Glacial Gunlance II,gunlance,Glacial Gunlance I,N/A,5,322,0,N/A,False,Ice,240.0,N/A,N/A,N/A,0,0,0,N/A,N/A,N/A,normal,2.0,N/A,N/A,N/A,Glacial Gunlance II,gunlance,Upgrade,Paolumu Wing,4,Legiana Claw,4.0,Legiana Tail Webbing,3.0,Legiana Plate,1.0,gunlance,False,100,50,50,80,70,0,0
1446,631,Legiana Cannon I,gunlance,Glacial Gunlance II,N/A,6,345,0,N/A,False,Ice,300.0,N/A,N/A,N/A,0,0,0,N/A,N/A,N/A,normal,3.0,N/A,N/A,N/A,Legiana Cannon I,gunlance,Create,Legiana Claw+,2,Legiana Wing,5.0,Freezer Sac,3.0,Legiana Plate,1.0,gunlance,False,80,50,50,80,90,0,0
1447,631,Legiana Cannon I,gunlance,Glacial Gunlance II,N/A,6,345,0,N/A,False,Ice,300.0,N/A,N/A,N/A,0,0,0,N/A,N/A,N/A,normal,3.0,N/A,N/A,N/A,Legiana Cannon I,gunlance,Upgrade,Legiana Claw+,3,Legiana Scale+,5.0,Legiana Wing,3.0,Freezer Sac,2.0,gunlance,False,80,50,50,80,90,0,0
1448,632,Legiana Cannon II,gunlance,Legiana Cannon I,N/A,7,368,0,N/A,False,Ice,360.0,N/A,N/A,N/A,0,0,0,N/A,N/A,N/A,normal,3.0,N/A,N/A,N/A,Legiana Cannon II,gunlance,Upgrade,Daora Claw+,2,Legiana Claw+,5.0,Legiana Hide+,3.0,Legiana Gem,1.0,gunlance,False,130,30,60,80,40,60,0
1449,2598,Legiana Cannon III,gunlance,Legiana Cannon II,N/A,10,483,0,N/A,False,Ice,450.0,N/A,N/A,N/A,0,0,0,N/A,N/A,N/A,normal,5.0,N/A,N/A,N/A,Legiana Cannon III,gunlance,Upgrade,Legiana Hardclaw,2,Legiana Shard,3.0,Legiana Tail Webbing+,2.0,Frozen Bone,4.0,gunlance,False,100,80,30,30,80,80,0
1450,2599,Hoarcry Cannon,gunlance,Legiana Cannon III,N/A,10,529,0,N/A,False,Ice,570.0,N/A,N/A,N/A,1,0,0,N/A,N/A,N/A,normal,6.0,N/A,N/A,N/A,Hoarcry Cannon,gunlance,Upgrade,Obsidian Icetalon,2,Rimed Hide,5.0,Stark Wing,2.0,Cryo Sac,4.0,gunlance,False,120,30,30,60,50,80,30
1451,2600,Hidden Cannon I,gunlance,Legiana Cannon II,N/A,10,483,15,N/A,True,Poison,420.0,N/A,N/A,N/A,0,0,0,N/A,N/A,N/A,wide,4.0,N/A,N/A,N/A,Hidden Cannon I,gunlance,Upgrade,Nargacuga Hardfang,2,Nargacuga Shard,3.0,Nargacuga Tailspear,2.0,Meldspar Ore,1.0,gunlance,False,90,80,30,30,80,90,0
1452,2601,Hidden Cannon II,gunlance,Hidden Cannon I,N/A,10,529,20,N/A,True,Poison,570.0,N/A,N/A,N/A,1,0,0,N/A,N/A,N/A,wide,5.0,N/A,N/A,N/A,Hidden Cannon II,gunlance,Upgrade,Fulgur Anjanath Hardfang,2,Nargacuga Cutwing+,3.0,Nargacuga Lash,2.0,Nargacuga Mantle,1.0,gunlance,False,130,20,20,70,40,30,90
1453,633,Bone Gunlance I,gunlance,N/A,N/A,1,207,0,N/A,False,N/A,N/A,N/A,N/A,N/A,0,0,0,N/A,N/A,N/A,normal,1.0,N/A,N/A,N/A,Bone Gunlance I,gunlance,Create,Monster Bone S,1,N/A,N/A,N/A,N/A,N/A,N/A,gunlance,False,100,60,80,10,0,0,0
1454,634,Bone Gunlance II,gunlance,Bone Gunlance I,N/A,1,230,0,N/A,False,N/A,N/A,N/A,N/A,N/A,0,0,0,N/A,N/A,N/A,normal,1.0,N/A,N/A,N/A,Bone Gunlance II,gunlance,Upgrade,Monster Bone S,2,N/A,N/A,N/A,N/A,N/A,N/A,gunlance,False,80,50,80,40,0,0,0
1455,635,Bone Gunlance III,gunlance,Bone Gunlance II,N/A,2,253,0,N/A,False,N/A,N/A,N/A,N/A,N/A,0,0,0,N/A,N/A,N/A,normal,1.0,N/A,N/A,N/A,Bone Gunlance III,gunlance,Upgrade,Monster Bone M,2,Ancient Bone,1.0,N/A,N/A,N/A,N/A,gunlance,False,80,50,50,70,0,0,0
1456,636,Bone Cannon I,gunlance,Bone Gunlance III,N/A,3,276,0,N/A,False,N/A,N/A,N/A,N/A,N/A,0,0,0,N/A,N/A,N/A,long,1.0,N/A,N/A,N/A,Bone Cannon I,gunlance,Upgrade,Monster Bone L,1,Monster Bone M,5.0,Boulder Bone,2.0,N/A,N/A,gunlance,False,120,70,30,80,0,0,0
1457,637,Bone Cannon II,gunlance,Bone Cannon I,N/A,4,322,0,N/A,False,N/A,N/A,N/A,N/A,N/A,0,0,0,N/A,N/A,N/A,long,1.0,N/A,N/A,N/A,Bone Cannon II,gunlance,Upgrade,Monster Bone+,2,Monster Bone L,1.0,Sturdy Bone,4.0,N/A,N/A,gunlance,False,110,70,30,90,0,0,0
1458,638,Bone Cannon III,gunlance,Bone Cannon II,N/A,5,368,0,N/A,True,Thunder,210.0,N/A,N/A,N/A,1,0,0,N/A,N/A,N/A,long,1.0,N/A,N/A,N/A,Bone Cannon III,gunlance,Upgrade,Monster Keenbone,2,Monster Bone+,2.0,Quality Bone,2.0,N/A,N/A,gunlance,False,140,70,30,100,10,0,0
1459,639,Great Bone Gunlance I,gunlance,Bone Cannon III,N/A,6,391,0,10.0,True,Thunder,240.0,N/A,N/A,N/A,2,0,0,N/A,N/A,N/A,long,2.0,N/A,N/A,N/A,Great Bone Gunlance I,gunlance,Upgrade,Monster Hardbone,4,Monster Keenbone,6.0,Quality Bone,10.0,N/A,N/A,gunlance,False,100,100,40,40,70,0,0
1460,640,Great Bone Gunlance II,gunlance,Great Bone Gunlance I,N/A,6,437,0,10.0,True,Thunder,270.0,N/A,N/A,N/A,3,0,0,N/A,N/A,N/A,long,2.0,N/A,N/A,N/A,Great Bone Gunlance II,gunlance,Upgrade,Elder Dragon Bone,4,Monster Hardbone,6.0,Quality Bone,20.0,Dragonbone Relic,1.0,gunlance,False,100,120,40,50,90,0,0
1461,2602,"Dragonpike ""Quake"" I",gunlance,Great Bone Gunlance II,N/A,9,529,0,35.0,True,Thunder,300.0,N/A,N/A,N/A,3,0,0,N/A,N/A,N/A,long,4.0,N/A,N/A,N/A,"Dragonpike ""Quake"" I",gunlance,Create,Thick Bone,6,Quality Bone,8.0,Monster Toughbone,4.0,Dragonbone Artifact,1.0,gunlance,False,100,100,40,50,60,50,0
1462,2602,"Dragonpike ""Quake"" I",gunlance,Great Bone Gunlance II,N/A,9,529,0,35.0,True,Thunder,300.0,N/A,N/A,N/A,3,0,0,N/A,N/A,N/A,long,4.0,N/A,N/A,N/A,"Dragonpike ""Quake"" I",gunlance,Upgrade,Thick Bone,2,Quality Bone,4.0,Monster Hardbone,4.0,Frozen Bone,1.0,gunlance,False,100,100,40,50,60,50,0
1463,2603,"Dragonpike ""Quake"" II",gunlance,"Dragonpike ""Quake"" I",N/A,10,575,0,35.0,True,Thunder,330.0,N/A,N/A,N/A,3,0,0,N/A,N/A,N/A,long,5.0,N/A,N/A,N/A,"Dragonpike ""Quake"" II",gunlance,Upgrade,Monster Solidbone,2,Monster Slogbone,3.0,Thick Bone,4.0,Monster Essence,2.0,gunlance,False,90,100,40,50,70,50,0
1464,2604,"Dragonpike ""Quake"" III",gunlance,"Dragonpike ""Quake"" II",N/A,11,644,0,35.0,True,Thunder,360.0,N/A,N/A,N/A,3,0,0,N/A,N/A,N/A,long,5.0,N/A,N/A,N/A,"Dragonpike ""Quake"" III",gunlance,Upgrade,Large Elder Dragon Bone,3,Monster Solidbone,4.0,Thick Bone,6.0,Dragonbone Artifact,1.0,gunlance,False,80,100,40,50,80,50,0
1465,2605,Eisritter,gunlance,"Dragonpike ""Quake"" II",N/A,11,598,0,N/A,False,Ice,240.0,N/A,N/A,N/A,4,0,0,N/A,N/A,N/A,normal,6.0,N/A,N/A,N/A,Eisritter,gunlance,Upgrade,Crystal Shard,4,Velkhana Hardclaw,2.0,Velkhana Lash,2.0,Purecrystal,1.0,gunlance,False,140,30,30,60,50,40,50
1466,2606,Vorpal Icefort,gunlance,Eisritter,N/A,12,621,0,N/A,False,Ice,270.0,N/A,N/A,N/A,4,0,0,N/A,N/A,N/A,normal,6.0,N/A,N/A,N/A,Vorpal Icefort,gunlance,Upgrade,Shara Ishvalda Tenderclaw,3,Velkhana Crownhorn,4.0,Velkhana Hardclaw,4.0,Velkhana Crystal,1.0,gunlance,False,130,30,30,60,50,50,50
1467,641,Bazel Buster I,gunlance,Bone Cannon III,N/A,6,437,-10,N/A,False,Blast,180.0,N/A,N/A,N/A,1,0,0,N/A,N/A,N/A,wide,3.0,N/A,N/A,N/A,Bazel Buster I,gunlance,Upgrade,Bazelgeuse Talon,3,Bazelgeuse Scale+,5.0,Bazelgeuse Fuse,4.0,Firecell Stone,1.0,gunlance,False,100,100,40,40,70,0,0
1468,642,Bazel Buster II,gunlance,Bazel Buster I,N/A,7,460,-10,N/A,False,Blast,210.0,N/A,N/A,N/A,1,0,0,N/A,N/A,N/A,wide,3.0,N/A,N/A,N/A,Bazel Buster II,gunlance,Upgrade,Teostra Powder,3,Bazelgeuse Wing,4.0,Bazelgeuse Talon,4.0,Bazelgeuse Gem,1.0,gunlance,False,60,120,80,60,30,50,0
1469,2607,Bazelpride,gunlance,Bazel Buster II,N/A,11,598,-10,N/A,False,Blast,270.0,N/A,N/A,N/A,1,1,0,N/A,N/A,N/A,wide,5.0,N/A,N/A,N/A,Bazelpride,gunlance,Upgrade,Bazelgeuse Hardclaw,3,Bazelgeuse Shard,4.0,Distilled Blast Fluid,3.0,Meldspar Ore,5.0,gunlance,False,160,30,30,60,50,20,50
1470,643,Jagras Gunlance I,gunlance,Bone Gunlance II,N/A,2,253,0,N/A,False,N/A,N/A,N/A,N/A,N/A,0,0,0,N/A,N/A,N/A,normal,2.0,N/A,N/A,N/A,Jagras Gunlance I,gunlance,Upgrade,Great Jagras Claw,1,Great Jagras Hide,1.0,Great Jagras Scale,3.0,Sharp Claw,1.0,gunlance,False,90,50,50,60,0,0,0
1471,644,Jagras Gunlance II,gunlance,Jagras Gunlance I,N/A,3,276,0,N/A,False,N/A,N/A,N/A,N/A,N/A,0,0,0,N/A,N/A,N/A,normal,2.0,N/A,N/A,N/A,Jagras Gunlance II,gunlance,Upgrade,Great Jagras Claw,2,Great Jagras Mane,2.0,Coral Bone,2.0,Tzitzi-Ya-Ku Claw,3.0,gunlance,False,110,70,30,90,0,0,0
1472,645,Jagras Gunlance III,gunlance,Jagras Gunlance II,N/A,4,322,0,N/A,False,N/A,N/A,N/A,N/A,N/A,0,0,0,N/A,N/A,N/A,normal,2.0,N/A,N/A,N/A,Jagras Gunlance III,gunlance,Upgrade,Monster Bone+,3,Great Jagras Scale,5.0,Great Jagras Claw,3.0,Great Jagras Mane,3.0,gunlance,False,90,70,30,110,0,0,0
1473,646,Glutton Gunlance I,gunlance,Jagras Gunlance III,N/A,5,345,0,N/A,True,Sleep,240.0,N/A,N/A,N/A,2,1,0,N/A,N/A,N/A,normal,3.0,N/A,N/A,N/A,Glutton Gunlance I,gunlance,Upgrade,Great Jagras Scale+,6,Great Jagras Claw+,4.0,Great Jagras Mane,6.0,Piercing Claw,5.0,gunlance,False,130,70,30,100,20,0,0
1474,647,Glutton Gunlance II,gunlance,Glutton Gunlance I,N/A,6,437,0,N/A,True,Sleep,270.0,N/A,N/A,N/A,2,2,0,N/A,N/A,N/A,normal,3.0,N/A,N/A,N/A,Glutton Gunlance II,gunlance,Upgrade,Monster Hardbone,4,Great Jagras Claw+,6.0,Jagras Hide+,6.0,Tzitzi-Ya-Ku Claw+,5.0,gunlance,False,110,50,50,80,60,0,0
1475,648,Glutton Gunlance III,gunlance,Glutton Gunlance II,N/A,6,437,0,N/A,True,Sleep,300.0,N/A,N/A,N/A,3,2,0,N/A,N/A,N/A,normal,3.0,N/A,N/A,N/A,Glutton Gunlance III,gunlance,Upgrade,Vaal Hazak Talon,2,Great Jagras Claw+,8.0,Great Jagras Hide+,6.0,Novacrystal,1.0,gunlance,False,90,120,40,50,100,0,0
1476,2608,Glutton's Fang I,gunlance,Glutton Gunlance III,N/A,9,529,0,N/A,True,Sleep,360.0,N/A,N/A,N/A,3,3,0,N/A,N/A,N/A,normal,4.0,N/A,N/A,N/A,Glutton's Fang I,gunlance,Create,Great Jagras Shard,4,Great Jagras Hardclaw,2.0,Great Jagras Mane+,3.0,Fey Wyvern Gem,1.0,gunlance,False,100,50,50,80,120,0,0
1477,2608,Glutton's Fang I,gunlance,Glutton Gunlance III,N/A,9,529,0,N/A,True,Sleep,360.0,N/A,N/A,N/A,3,3,0,N/A,N/A,N/A,normal,4.0,N/A,N/A,N/A,Glutton's Fang I,gunlance,Upgrade,Great Jagras Shard,2,Great Jagras Hardclaw,1.0,Great Jagras Mane+,2.0,Jagras Shard,2.0,gunlance,False,100,50,50,80,120,0,0
1478,2609,Glutton's Fang II,gunlance,Glutton's Fang I,N/A,10,598,0,N/A,True,Sleep,420.0,N/A,N/A,N/A,3,3,0,N/A,N/A,N/A,normal,6.0,N/A,N/A,N/A,Glutton's Fang II,gunlance,Upgrade,Monster Slogbone,3,Great Jagras Hardclaw,3.0,Great Jagras Thickhide,3.0,Tough Claw,3.0,gunlance,False,100,80,30,30,80,80,0
1479,2610,Tiger Blast,gunlance,Glutton's Fang I,N/A,10,575,-15,N/A,True,Blast,300.0,N/A,N/A,N/A,0,0,0,N/A,N/A,N/A,long,5.0,N/A,N/A,N/A,Tiger Blast,gunlance,Upgrade,Tigrex Hardclaw,3,Tigrex Shard,4.0,Monster Slogbone,3.0,Thick Bone,5.0,gunlance,False,70,30,30,110,40,120,0
1480,2611,Tiger Blast+,gunlance,Tiger Blast,N/A,10,621,-15,N/A,True,Blast,330.0,N/A,N/A,N/A,0,0,0,N/A,N/A,N/A,long,5.0,N/A,N/A,N/A,Tiger Blast+,gunlance,Upgrade,Blackcurl Stouthorn,1,Tigrex Hardfang,3.0,Tigrex Lash,2.0,Tigrex Mantle,1.0,gunlance,False,60,30,30,110,40,130,0
1481,2612,Tigrex Gunlance,gunlance,Tiger Blast+,N/A,11,644,-15,N/A,True,Blast,360.0,N/A,N/A,N/A,0,0,0,N/A,N/A,N/A,long,5.0,N/A,N/A,N/A,Tigrex Gunlance,gunlance,Upgrade,Daora Hardclaw,2,Tigrex Hardfang,2.0,Tigrex Cortex,4.0,Pure Dragon Blood,5.0,gunlance,False,50,30,30,110,40,140,0
1482,2613,Accursed Blast,gunlance,Tiger Blast,N/A,11,644,-30,N/A,True,Sleep,240.0,N/A,N/A,N/A,0,0,0,N/A,N/A,N/A,wide,5.0,N/A,N/A,N/A,Accursed Blast,gunlance,Upgrade,Brute Tigrex Hardclaw,3,Brute Tigrex Shard,5.0,Brute Tigrex Hardfang,2.0,Large Wyvern Gem,1.0,gunlance,False,100,20,30,90,90,30,40
1483,2614,Flamebite,gunlance,Accursed Blast,N/A,12,667,-30,N/A,True,Sleep,270.0,N/A,N/A,N/A,0,0,0,N/A,N/A,N/A,wide,5.0,N/A,N/A,N/A,Flamebite,gunlance,Upgrade,Tempered Ebonjaw,5,Brute Tigrex Hardclaw,4.0,Brute Tigrex Hardfang,3.0,Tigrex Mantle,1.0,gunlance,False,90,20,30,90,90,40,40
1484,649,Girros Gunlance I,gunlance,Jagras Gunlance I,N/A,3,276,0,N/A,False,Paralysis,210.0,N/A,N/A,N/A,0,0,0,N/A,N/A,N/A,normal,2.0,N/A,N/A,N/A,Girros Gunlance I,gunlance,Upgrade,Great Girros Fang,1,Great Girros Scale,3.0,Girros Fang,3.0,N/A,N/A,gunlance,False,120,70,30,80,0,0,0
1485,650,Girros Gunlance II,gunlance,Girros Gunlance I,N/A,4,299,0,N/A,False,Paralysis,270.0,N/A,N/A,N/A,0,0,0,N/A,N/A,N/A,normal,2.0,N/A,N/A,N/A,Girros Gunlance II,gunlance,Upgrade,Diablos Fang,2,Great Girros Fang,3.0,Great Girros Hood,2.0,Paralysis Sac,2.0,gunlance,False,110,70,30,90,0,0,0
1486,651,Deathfang Gunlance I,gunlance,Girros Gunlance II,N/A,5,322,10,N/A,False,Paralysis,330.0,N/A,N/A,N/A,0,0,0,N/A,N/A,N/A,normal,3.0,N/A,N/A,N/A,Deathfang Gunlance I,gunlance,Create,Great Girros Hood+,3,Great Girros Fang+,5.0,Omniplegia Sac,6.0,Quality Bone,5.0,gunlance,False,140,70,30,100,10,0,0
1487,651,Deathfang Gunlance I,gunlance,Girros Gunlance II,N/A,5,322,10,N/A,False,Paralysis,330.0,N/A,N/A,N/A,0,0,0,N/A,N/A,N/A,normal,3.0,N/A,N/A,N/A,Deathfang Gunlance I,gunlance,Upgrade,Great Girros Fang+,3,Great Girros Scale+,5.0,Great Girros Tail,2.0,Girros Scale+,6.0,gunlance,False,140,70,30,100,10,0,0
1488,652,Deathfang Gunlance II,gunlance,Deathfang Gunlance I,N/A,6,345,10,N/A,False,Paralysis,390.0,N/A,N/A,N/A,0,0,0,N/A,N/A,N/A,normal,3.0,N/A,N/A,N/A,Deathfang Gunlance II,gunlance,Upgrade,Blos Medulla,1,Great Girros Fang+,4.0,Great Girros Hood+,2.0,Omniplegia Sac,4.0,gunlance,False,100,100,40,40,70,0,0
1489,653,Deathfang Gunlance III,gunlance,Deathfang Gunlance II,N/A,6,368,10,N/A,False,Paralysis,450.0,N/A,N/A,N/A,0,0,0,N/A,N/A,N/A,normal,3.0,N/A,N/A,N/A,Deathfang Gunlance III,gunlance,Upgrade,Vaal Hazak Fang+,2,Great Girros Fang+,5.0,Great Girros Hood+,3.0,Bird Wyvern Gem,1.0,gunlance,False,150,100,30,30,60,30,0
1490,2615,Nightveil Gunlance I,gunlance,Deathfang Gunlance III,N/A,9,460,20,N/A,False,Paralysis,480.0,N/A,N/A,N/A,0,0,0,N/A,N/A,N/A,normal,4.0,N/A,N/A,N/A,Nightveil Gunlance I,gunlance,Upgrade,Great Girros Hardfang,2,Great Girros Lash,1.0,Ultraplegia Sac,2.0,Tough Claw,2.0,gunlance,False,90,100,40,50,80,40,0
1491,2616,Nightveil Gunlance II,gunlance,Nightveil Gunlance I,N/A,10,552,20,N/A,False,Paralysis,510.0,N/A,N/A,N/A,0,0,0,N/A,N/A,N/A,normal,5.0,N/A,N/A,N/A,Nightveil Gunlance II,gunlance,Upgrade,Odogaron Hardfang,2,Great Girros Shard,4.0,Great Girros Hardhood,2.0,Fey Wyvern Gem,1.0,gunlance,False,70,100,40,50,100,40,0
1492,2617,Glavenus Buster I,gunlance,Nightveil Gunlance I,N/A,10,529,0,N/A,False,Fire,300.0,N/A,N/A,N/A,1,0,0,N/A,N/A,N/A,wide,4.0,N/A,N/A,N/A,Glavenus Buster I,gunlance,Upgrade,Glavenus Hardfang,2,Glavenus Shard,4.0,Molten Bursa,2.0,Eltalite Ore,6.0,gunlance,False,100,30,30,110,40,90,0
1493,2618,Glavenus Buster II,gunlance,Glavenus Buster I,N/A,10,575,0,N/A,False,Fire,390.0,N/A,N/A,N/A,1,1,0,N/A,N/A,N/A,wide,5.0,N/A,N/A,N/A,Glavenus Buster II,gunlance,Upgrade,Ebony Odogaron Hardfang,2,Glavenus Hellshell,3.0,Glavenus Tailedge,2.0,Glavenus Mantle,1.0,gunlance,False,120,30,30,60,50,80,30
1494,654,Hazak Spysa I,gunlance,Deathfang Gunlance II,N/A,7,437,0,N/A,False,Dragon,240.0,N/A,N/A,average,1,0,0,N/A,N/A,N/A,long,3.0,N/A,N/A,N/A,Hazak Spysa I,gunlance,Upgrade,Vaal Hazak Talon,4,Vaal Hazak Fang+,5.0,Deceased Scale,6.0,Vaal Hazak Membrane,4.0,gunlance,False,140,110,40,40,50,20,0
1495,655,Hazak Spysa II,gunlance,Hazak Spysa I,N/A,7,460,0,N/A,False,Dragon,270.0,N/A,N/A,average,2,0,0,N/A,N/A,N/A,long,3.0,N/A,N/A,N/A,Hazak Spysa II,gunlance,Upgrade,Xeno'jiiva Veil,3,Vaal Hazak Talon,6.0,Vaal Hazak Tail,2.0,Vaal Hazak Gem,1.0,gunlance,False,200,70,20,20,50,40,0
1496,2619,Deathlance Vaal Spysa,gunlance,Hazak Spysa II,N/A,11,575,0,N/A,False,Dragon,510.0,N/A,N/A,average,2,2,0,N/A,N/A,N/A,long,6.0,N/A,N/A,N/A,Deathlance Vaal Spysa,gunlance,Upgrade,Vaal Hazak Hardclaw,3,Shadowpierce Fang,2.0,Deceased Shard,5.0,Deathweaver Membrane,3.0,gunlance,False,70,80,30,30,80,110,0
1497,2620,Acid Buster I,gunlance,Hazak Spysa II,N/A,10,621,0,N/A,True,Paralysis,300.0,N/A,N/A,N/A,4,0,0,N/A,N/A,N/A,normal,5.0,N/A,N/A,N/A,Acid Buster I,gunlance,Upgrade,Acidic Glavenus Hardfang,2,Acidic Glavenus Spineshell,2.0,Acidic Glavenus Tailedge,2.0,Honed Acidcryst,4.0,gunlance,False,160,100,30,30,50,30,0
1498,2621,Acid Buster II,gunlance,Acid Buster I,N/A,11,667,0,N/A,True,Paralysis,330.0,N/A,N/A,N/A,4,0,0,N/A,N/A,N/A,normal,6.0,N/A,N/A,N/A,Acid Buster II,gunlance,Upgrade,Vaal Hazak Hardclaw,2,Acidic Glavenus Hardfang,4.0,Acidic Glavenus Spineshell,3.0,Glavenus Mantle,1.0,gunlance,False,60,50,110,90,60,20,10
1499,656,Carapace Cannon I,gunlance,Bone Gunlance II,N/A,2,276,-10,10.0,False,N/A,N/A,N/A,N/A,N/A,0,0,0,N/A,N/A,N/A,wide,1.0,N/A,N/A,N/A,Carapace Cannon I,gunlance,Upgrade,Barroth Claw,1,Barroth Shell,3.0,Barroth Ridge,2.0,N/A,N/A,gunlance,False,80,50,50,70,0,0,0
1500,657,Carapace Cannon II,gunlance,Carapace Cannon I,N/A,3,299,-10,10.0,False,N/A,N/A,N/A,N/A,N/A,0,0,0,N/A,N/A,N/A,wide,1.0,N/A,N/A,N/A,Carapace Cannon II,gunlance,Upgrade,Dragonite Ore,3,Barroth Claw,2.0,Barroth Tail,1.0,Kestodon Shell,3.0,gunlance,False,110,70,30,90,0,0,0
1501,658,Carapace Cannon III,gunlance,Carapace Cannon II,N/A,4,345,-10,10.0,False,N/A,N/A,N/A,N/A,N/A,0,0,0,N/A,N/A,N/A,wide,1.0,N/A,N/A,N/A,Carapace Cannon III,gunlance,Upgrade,Diablos Shell,3,Barroth Claw,4.0,Barroth Scalp,2.0,Monster Bone+,3.0,gunlance,False,90,70,30,110,0,0,0
1502,659,Barroth Blaster I,gunlance,Carapace Cannon III,N/A,5,391,-10,15.0,True,Paralysis,270.0,N/A,N/A,N/A,0,0,0,N/A,N/A,N/A,wide,2.0,N/A,N/A,N/A,Barroth Blaster I,gunlance,Upgrade,Barroth Claw+,2,Barroth Carapace,3.0,Barroth Ridge+,2.0,Kestodon Carapace,5.0,gunlance,False,120,70,30,100,30,0,0
1503,660,Barroth Blaster II,gunlance,Barroth Blaster I,N/A,6,437,-10,15.0,True,Paralysis,330.0,N/A,N/A,N/A,0,0,0,N/A,N/A,N/A,wide,2.0,N/A,N/A,N/A,Barroth Blaster II,gunlance,Upgrade,Diablos Carapace,3,Barroth Claw+,4.0,Barroth Carapace,3.0,Gastodon Carapace,5.0,gunlance,False,100,50,50,80,70,0,0
1504,661,Barroth Blaster III,gunlance,Barroth Blaster II,N/A,6,460,-10,15.0,True,Paralysis,390.0,N/A,N/A,N/A,0,0,0,N/A,N/A,N/A,wide,3.0,N/A,N/A,N/A,Barroth Blaster III,gunlance,Upgrade,Nergigante Horn+,1,Barroth Claw+,5.0,Barroth Ridge+,5.0,Wyvern Gem,1.0,gunlance,False,120,70,30,100,80,0,0
1505,2622,Barroth Bluff I,gunlance,Barroth Blaster III,N/A,9,529,-10,25.0,True,Paralysis,450.0,N/A,N/A,N/A,2,2,0,N/A,N/A,N/A,wide,4.0,N/A,N/A,N/A,Barroth Bluff I,gunlance,Create,Barroth Hardclaw,2,Barroth Crown,2.0,Barroth Chine,4.0,Large Wyvern Gem,1.0,gunlance,False,60,60,60,100,90,30,0
1506,2622,Barroth Bluff I,gunlance,Barroth Blaster III,N/A,9,529,-10,25.0,True,Paralysis,450.0,N/A,N/A,N/A,2,2,0,N/A,N/A,N/A,wide,4.0,N/A,N/A,N/A,Barroth Bluff I,gunlance,Upgrade,Barroth Hardclaw,1,Barroth Cortex,2.0,Barroth Chine,2.0,Kestodon Husk,2.0,gunlance,False,60,60,60,100,90,30,0
1507,2623,Barroth Bluff II,gunlance,Barroth Bluff I,N/A,10,621,-10,25.0,True,Paralysis,510.0,N/A,N/A,N/A,2,2,0,N/A,N/A,N/A,wide,5.0,N/A,N/A,N/A,Barroth Bluff II,gunlance,Upgrade,Diablos Cortex,2,Barroth Hardclaw,2.0,Barroth Crown,1.0,Monster Slogbone,3.0,gunlance,False,50,60,20,150,90,30,0
1508,2624,Brachydios Buster I,gunlance,Barroth Bluff I,N/A,10,529,0,N/A,False,Blast,300.0,N/A,N/A,N/A,0,0,0,N/A,N/A,N/A,normal,5.0,N/A,N/A,N/A,Brachydios Buster I,gunlance,Upgrade,Brachydios Crown,2,Brachydios Cortex,4.0,Glowing Slime,3.0,Meldspar Ore,3.0,gunlance,False,90,100,40,50,70,50,0
1509,2625,Brachydios Buster II,gunlance,Brachydios Buster I,N/A,10,552,0,N/A,False,Blast,480.0,N/A,N/A,N/A,1,0,0,N/A,N/A,N/A,normal,6.0,N/A,N/A,N/A,Brachydios Buster II,gunlance,Upgrade,Azure Rathalos Fellwing,2,Brachydios Pounder+,3.0,Brachydios Lash,2.0,Glowing Slime,5.0,gunlance,False,90,30,30,110,40,100,0
1510,2626,Mammoth Gunlance I,gunlance,Barroth Blaster III,N/A,9,552,0,N/A,True,Ice,420.0,N/A,N/A,N/A,4,0,0,N/A,N/A,N/A,normal,5.0,N/A,N/A,N/A,Mammoth Gunlance I,gunlance,Create,Banbaro Cortex,5,Banbaro Chine,4.0,Frozen Bone,3.0,Purecrystal,1.0,gunlance,False,80,50,50,80,140,0,0
1511,2626,Mammoth Gunlance I,gunlance,Barroth Blaster III,N/A,9,552,0,N/A,True,Ice,420.0,N/A,N/A,N/A,4,0,0,N/A,N/A,N/A,normal,5.0,N/A,N/A,N/A,Mammoth Gunlance I,gunlance,Upgrade,Banbaro Great Horn,1,Banbaro Cortex,2.0,Banbaro Chine,2.0,Monster Toughbone,3.0,gunlance,False,80,50,50,80,140,0,0
1512,2627,Mammoth Gunlance II,gunlance,Mammoth Gunlance I,N/A,10,644,0,N/A,True,Ice,510.0,N/A,N/A,N/A,4,0,0,N/A,N/A,N/A,normal,6.0,N/A,N/A,N/A,Mammoth Gunlance II,gunlance,Upgrade,Monster Solidbone,3,Banbaro Great Horn,3.0,Banbaro Lash,2.0,Dragonbone Artifact,1.0,gunlance,False,80,50,50,80,140,0,0
1513,2628,Usurper's Roar,gunlance,Mammoth Gunlance I,N/A,10,552,0,N/A,False,Thunder,240.0,N/A,N/A,N/A,2,0,0,N/A,N/A,N/A,normal,6.0,N/A,N/A,N/A,Usurper's Roar,gunlance,Upgrade,Zinogre Hardclaw,3,Zinogre Deathly Shocker,2.0,Zinogre Cortex,5.0,Lightning Sac,3.0,gunlance,False,110,30,30,110,40,80,0
1514,2629,Usurper's Roar+,gunlance,Usurper's Roar,N/A,11,575,0,N/A,False,Thunder,300.0,N/A,N/A,N/A,2,0,0,N/A,N/A,N/A,normal,6.0,N/A,N/A,N/A,Usurper's Roar+,gunlance,Upgrade,Zinogre Hardhorn,3,Zinogre Electrofur+,4.0,Fulgurbug,5.0,Zinogre Skymerald,1.0,gunlance,False,120,30,90,30,30,80,20
1515,2630,Despot's Phlogiston,gunlance,Usurper's Roar+,N/A,12,598,0,N/A,False,Thunder,450.0,N/A,N/A,N/A,2,0,0,N/A,N/A,N/A,normal,6.0,N/A,N/A,N/A,Despot's Phlogiston,gunlance,Upgrade,Spiritvein Solidbone,5,Zinogre Hardhorn,2.0,Zinogre Deathly Shocker,5.0,Large Elder Dragon Gem,1.0,gunlance,False,120,30,90,30,30,80,20
1516,662,Blazing Gunlance I,gunlance,Carapace Cannon I,N/A,3,299,-20,N/A,False,Fire,210.0,N/A,N/A,N/A,0,0,0,N/A,N/A,N/A,long,1.0,N/A,N/A,N/A,Blazing Gunlance I,gunlance,Upgrade,Anjanath Fang,2,Anjanath Scale,3.0,Flame Sac,1.0,N/A,N/A,gunlance,False,120,70,30,80,0,0,0
1517,663,Blazing Gunlance II,gunlance,Blazing Gunlance I,N/A,4,322,-20,N/A,False,Fire,240.0,N/A,N/A,N/A,0,0,0,N/A,N/A,N/A,long,1.0,N/A,N/A,N/A,Blazing Gunlance II,gunlance,Upgrade,Rathalos Marrow,1,Anjanath Fang,4.0,Anjanath Nosebone,1.0,Anjanath Tail,1.0,gunlance,False,110,70,30,90,0,0,0
1518,664,Anja Cannon I,gunlance,Blazing Gunlance II,N/A,5,368,-20,N/A,False,Fire,270.0,N/A,N/A,N/A,0,0,0,N/A,N/A,N/A,long,2.0,N/A,N/A,N/A,Anja Cannon I,gunlance,Create,Anjanath Fang+,4,Anjanath Scale+,8.0,Anjanath Nosebone+,2.0,Wyvern Gem,1.0,gunlance,False,140,70,30,100,10,0,0
1519,664,Anja Cannon I,gunlance,Blazing Gunlance II,N/A,5,368,-20,N/A,False,Fire,270.0,N/A,N/A,N/A,0,0,0,N/A,N/A,N/A,long,2.0,N/A,N/A,N/A,Anja Cannon I,gunlance,Upgrade,Anjanath Fang+,4,Anjanath Scale+,5.0,Inferno Sac,3.0,Anjanath Plate,1.0,gunlance,False,140,70,30,100,10,0,0
1520,665,Anja Cannon II,gunlance,Anja Cannon I,N/A,6,414,-20,N/A,False,Fire,330.0,N/A,N/A,N/A,0,0,0,N/A,N/A,N/A,long,2.0,N/A,N/A,N/A,Anja Cannon II,gunlance,Upgrade,Rathalos Medulla,2,Anjanath Fang+,5.0,Anjanath Pelt+,4.0,Firecell Stone,1.0,gunlance,False,130,70,30,100,20,0,0
1521,666,Anja Cannon III,gunlance,Anja Cannon II,N/A,6,483,-20,N/A,False,Fire,450.0,N/A,N/A,N/A,0,0,0,N/A,N/A,N/A,long,3.0,N/A,N/A,N/A,Anja Cannon III,gunlance,Upgrade,Teostra Mane,2,Anjanath Fang+,6.0,Anjanath Nosebone+,2.0,Anjanath Gem,1.0,gunlance,False,130,70,30,100,70,0,0
1522,2631,Anjanath Flamelance I,gunlance,Anja Cannon III,N/A,9,529,-20,N/A,False,Fire,540.0,N/A,N/A,N/A,0,0,0,N/A,N/A,N/A,long,5.0,N/A,N/A,N/A,Anjanath Flamelance I,gunlance,Upgrade,Anjanath Hardfang,1,Anjanath Shard,2.0,Conflagrant Sac,1.0,Eltalite Ore,3.0,gunlance,False,70,100,40,50,90,50,0
1523,2632,Anjanath Flamelance II,gunlance,Anjanath Flamelance I,N/A,10,621,-20,N/A,False,Fire,600.0,N/A,N/A,N/A,0,0,0,N/A,N/A,N/A,long,5.0,N/A,N/A,N/A,Anjanath Flamelance II,gunlance,Upgrade,Azure Rathalos Cortex,2,Anjanath Fur,3.0,Heavy Anjanath Nosebone,2.0,Anjanath Lash,1.0,gunlance,False,70,100,40,50,90,50,0
1524,2633,Ending Fulgur I,gunlance,Anjanath Flamelance I,N/A,10,552,10,N/A,False,Thunder,240.0,N/A,N/A,N/A,0,0,0,N/A,N/A,N/A,wide,5.0,N/A,N/A,N/A,Ending Fulgur I,gunlance,Upgrade,Fulgur Anjanath Hardfang,1,Fulgur Anjanath Shard,2.0,Monster Solidbone,3.0,Meldspar Ore,2.0,gunlance,False,70,100,40,50,90,50,0
1525,2634,Ending Fulgur II,gunlance,Ending Fulgur I,N/A,10,575,20,N/A,False,Thunder,330.0,N/A,N/A,N/A,1,0,0,N/A,N/A,N/A,wide,5.0,N/A,N/A,N/A,Ending Fulgur II,gunlance,Upgrade,Fulgur Anjanath Thickfur,3,Heavy Fulgur Anjanath Nosebone,2.0,Fulgur Anjanath Lash,1.0,Lightning Sac,3.0,gunlance,False,70,100,40,50,90,50,0
1526,667,Dragonbone Gunlance I,gunlance,N/A,N/A,3,230,0,N/A,False,Dragon,360.0,N/A,N/A,low,0,0,0,N/A,N/A,N/A,normal,2.0,N/A,N/A,N/A,Dragonbone Gunlance I,gunlance,Create,Warped Bone,5,Coral Bone,5.0,Boulder Bone,5.0,Ancient Bone,5.0,gunlance,False,110,70,30,90,0,0,0
1527,668,Dragonbone Gunlance II,gunlance,Dragonbone Gunlance I,N/A,4,253,0,N/A,False,Dragon,390.0,N/A,N/A,low,0,0,0,N/A,N/A,N/A,normal,2.0,N/A,N/A,N/A,Dragonbone Gunlance II,gunlance,Upgrade,Monster Bone+,6,Monster Bone L,8.0,Sturdy Bone,8.0,N/A,N/A,gunlance,False,70,70,30,130,0,0,0
1528,669,Dragonbone Gunlance III,gunlance,Dragonbone Gunlance II,N/A,6,368,0,N/A,False,Dragon,420.0,N/A,N/A,low,1,1,0,N/A,N/A,N/A,normal,3.0,N/A,N/A,N/A,Dragonbone Gunlance III,gunlance,Upgrade,Elder Dragon Bone,10,Brutal Bone,4.0,Dragonbone Relic,2.0,Wyvern Gem,1.0,gunlance,False,120,110,40,40,70,20,0
1529,2635,Dragonseal Gunlance I,gunlance,Dragonbone Gunlance III,N/A,10,483,0,N/A,False,Dragon,540.0,N/A,N/A,average,1,1,0,N/A,N/A,N/A,normal,5.0,N/A,N/A,N/A,Dragonseal Gunlance I,gunlance,Upgrade,Monster Solidbone,3,Monster Slogbone,4.0,Thick Bone,6.0,Dragonbone Artifact,1.0,gunlance,False,60,60,60,100,90,30,0
1530,2636,Dragonseal Gunlance II,gunlance,Dragonseal Gunlance I,N/A,11,552,0,N/A,False,Dragon,660.0,N/A,N/A,average,1,1,0,N/A,N/A,N/A,normal,6.0,N/A,N/A,N/A,Dragonseal Gunlance II,gunlance,Upgrade,Large Elder Dragon Bone,6,Monster Solidbone,4.0,Lavasioth Grandfin,2.0,Large Wyvern Gem,1.0,gunlance,False,50,60,20,150,90,30,0
1531,2637,Broken Silence,gunlance,Dragonseal Gunlance I,N/A,12,644,0,30.0,True,Dragon,510.0,N/A,N/A,high,1,1,0,N/A,N/A,N/A,wide,5.0,N/A,N/A,N/A,Broken Silence,gunlance,Upgrade,Shara Ishvalda Tenderclaw,4,Shara Ishvalda Tenderscale,6.0,Shara Ishvalda Tenderplate,2.0,Shara Ishvalda Gem,1.0,gunlance,False,160,30,30,60,50,40,30
1532,670,Magda Lahat,gunlance,Dragonbone Gunlance I,N/A,5,368,-10,20.0,False,Blast,330.0,N/A,N/A,N/A,0,0,0,N/A,N/A,N/A,long,3.0,N/A,N/A,N/A,Magda Lahat,gunlance,Upgrade,Zorah Magdaros Heat Scale,4,Zorah Magdaros Carapace,8.0,Zorah Magdaros Magma,4.0,Zorah Magdaros Gem,1.0,gunlance,False,110,50,80,100,10,0,0
1533,671,Earthshaker Magda Lahat,gunlance,Magda Lahat,N/A,8,460,-10,20.0,False,Blast,420.0,N/A,N/A,N/A,0,0,0,N/A,N/A,N/A,long,4.0,N/A,N/A,N/A,Earthshaker Magda Lahat,gunlance,Upgrade,Xeno'jiiva Shell,4,Zorah Magdaros Ridge,2.0,Zorah Magdaros Pleura,2.0,Firecell Stone,3.0,gunlance,False,210,30,40,90,30,0,0
1534,2638,Magda Lahat Reforged,gunlance,Earthshaker Magda Lahat,N/A,11,644,-10,45.0,False,Blast,450.0,N/A,N/A,N/A,2,0,0,N/A,N/A,N/A,long,6.0,N/A,N/A,N/A,Magda Lahat Reforged,gunlance,Upgrade,Elder Dragonvein Bone,3,Dragonvein Solidbone,5.0,Heavy Dragonvein Bone,6.0,Large Elder Dragon Gem,1.0,gunlance,False,130,40,40,70,80,20,20
1535,2639,Hydra Ephyra,gunlance,Earthshaker Magda Lahat,N/A,11,621,15,N/A,False,Water,330.0,N/A,N/A,N/A,0,0,0,N/A,N/A,N/A,normal,6.0,N/A,N/A,N/A,Hydra Ephyra,gunlance,Upgrade,Namielle Hardclaw,4,Namielle Finehide,5.0,Namielle Whisker,2.0,Purecrystal,1.0,gunlance,False,80,80,30,30,80,100,0
1536,2640,Black Ephyra,gunlance,Hydra Ephyra,N/A,12,644,15,N/A,False,Water,390.0,N/A,N/A,N/A,0,0,0,N/A,N/A,N/A,normal,6.0,N/A,N/A,N/A,Black Ephyra,gunlance,Upgrade,Shara Ishvalda Tenderclaw,2,Namielle Whisker,4.0,Namielle Lash,2.0,Large Elder Dragon Gem,1.0,gunlance,False,60,80,30,30,80,120,0
1537,672,Blacksteel Gunlance I,gunlance,N/A,N/A,5,230,0,N/A,False,Dragon,120.0,N/A,N/A,low,0,0,0,N/A,N/A,N/A,normal,2.0,N/A,N/A,N/A,Blacksteel Gunlance I,gunlance,Create,Dragonvein Crystal,10,Earth Crystal,10.0,Coral Crystal,10.0,Lightcrystal,1.0,gunlance,False,150,110,40,40,10,0,0
1538,673,Blacksteel Gunlance II,gunlance,Blacksteel Gunlance I,N/A,6,253,0,N/A,False,Dragon,150.0,N/A,N/A,low,0,0,0,N/A,N/A,N/A,normal,2.0,N/A,N/A,N/A,Blacksteel Gunlance II,gunlance,Upgrade,Firecell Stone,1,Fucium Ore,5.0,Carbalite Ore,10.0,Wyvern Gem,1.0,gunlance,False,140,110,40,40,20,0,0
1539,674,Icesteel Gunlance,gunlance,Blacksteel Gunlance II,N/A,7,391,10,N/A,False,Ice,210.0,N/A,N/A,N/A,3,0,0,N/A,N/A,N/A,long,3.0,N/A,N/A,N/A,Icesteel Gunlance,gunlance,Upgrade,Daora Claw+,3,Daora Webbing,4.0,Nergigante Carapace,5.0,Daora Tail,2.0,gunlance,False,110,60,80,80,50,20,0
1540,675,Daora's Brigia,gunlance,Icesteel Gunlance,N/A,8,414,10,N/A,False,Ice,240.0,N/A,N/A,N/A,3,0,0,N/A,N/A,N/A,long,3.0,N/A,N/A,N/A,Daora's Brigia,gunlance,Upgrade,Xeno'jiiva Wing,2,Daora Horn+,5.0,Daora Claw+,4.0,Daora Gem,1.0,gunlance,False,90,60,80,80,70,20,0
1541,2641,Daora's Tempest,gunlance,Daora's Brigia,N/A,11,598,10,N/A,False,Ice,270.0,N/A,N/A,N/A,3,0,0,N/A,N/A,N/A,long,5.0,N/A,N/A,N/A,Daora's Tempest,gunlance,Upgrade,Daora Hardhorn,5,Daora Hardclaw,4.0,Daora Shard,5.0,Large Elder Dragon Gem,1.0,gunlance,False,130,30,30,60,50,70,30
1542,676,Xeno Hemta,gunlance,Blacksteel Gunlance II,N/A,8,391,15,N/A,False,Dragon,180.0,N/A,N/A,low,3,3,0,N/A,N/A,N/A,long,3.0,N/A,N/A,N/A,Xeno Hemta,gunlance,Upgrade,Xeno'jiiva Claw,4,Xeno'jiiva Shell,6.0,Xeno'jiiva Tail,2.0,Xeno'jiiva Gem,1.0,gunlance,False,130,30,60,80,40,60,0
1543,1164,Ravenous Gunlance,gunlance,N/A,N/A,6,483,-30,N/A,False,Dragon,180.0,N/A,N/A,high,0,0,0,N/A,N/A,N/A,long,3.0,N/A,N/A,N/A,Ravenous Gunlance,gunlance,Create,Deviljho Scale,6,Deviljho Talon,2.0,Deviljho Tallfang,3.0,Deviljho Saliva,2.0,gunlance,False,50,120,80,60,40,50,0
1544,1165,Insatiable Gunlance,gunlance,Ravenous Gunlance,N/A,7,529,-30,N/A,False,Dragon,240.0,N/A,N/A,high,0,0,0,N/A,N/A,N/A,long,3.0,N/A,N/A,N/A,Insatiable Gunlance,gunlance,Upgrade,Elder Dragon Blood,5,Deviljho Scalp,2.0,Deviljho Tallfang,5.0,Deviljho Gem,1.0,gunlance,False,40,120,80,60,50,50,0
1545,2642,Consummate Gunlance,gunlance,Insatiable Gunlance,N/A,12,644,-30,N/A,False,Dragon,390.0,N/A,N/A,high,0,0,0,N/A,N/A,N/A,long,6.0,N/A,N/A,N/A,Consummate Gunlance,gunlance,Upgrade,Vile Fang,3,Deviljho Ripper,2.0,Black Blood,3.0,Deviljho Crook,1.0,gunlance,False,150,30,30,60,50,50,30
1546,1224,Empress Howl,gunlance,N/A,N/A,7,437,0,N/A,False,Blast,150.0,N/A,N/A,N/A,1,0,0,N/A,N/A,N/A,wide,3.0,N/A,N/A,N/A,Empress Howl,gunlance,Create,Lunastra Scale+,4,Lunastra Horn,3.0,Lunastra Mane,3.0,Lunastra Gem,1.0,gunlance,False,100,30,60,80,40,90,0
1547,1225,"Empress Howl ""Blaze""",gunlance,Empress Howl,N/A,8,437,20,N/A,False,Blast,180.0,N/A,N/A,N/A,1,0,0,N/A,N/A,N/A,wide,3.0,N/A,N/A,Guts,"Empress Howl ""Blaze""",gunlance,Upgrade,Research Commission Ticket,1,Lunastra Horn,2.0,Teostra Horn+,3.0,Bazelgeuse Gem,1.0,gunlance,False,100,30,60,80,40,90,0
1548,2643,"Soulfire Talon ""Blaze""",gunlance,"Empress Howl ""Blaze""",N/A,12,575,20,N/A,False,Blast,270.0,N/A,N/A,N/A,2,1,0,N/A,N/A,N/A,wide,5.0,N/A,N/A,Guts,"Soulfire Talon ""Blaze""",gunlance,Upgrade,Lunastra Shard,4,Lunastra Hardhorn,4.0,Lunastra Mane+,4.0,Large Elder Dragon Gem,1.0,gunlance,False,110,30,90,30,30,90,20
1549,1226,"Empress Howl ""Ruin""",gunlance,Empress Howl,N/A,8,460,0,N/A,False,Blast,150.0,N/A,N/A,N/A,2,0,0,N/A,N/A,N/A,wide,3.0,N/A,N/A,Hasten Recovery,"Empress Howl ""Ruin""",gunlance,Upgrade,Research Commission Ticket,1,Lunastra Wing,3.0,Nergigante Horn+,3.0,Nergigante Gem,1.0,gunlance,False,100,30,60,80,40,90,0
1550,2644,"Soulfire Talon ""Ruin""",gunlance,"Empress Howl ""Ruin""",N/A,12,621,0,N/A,False,Blast,210.0,N/A,N/A,N/A,2,2,0,N/A,N/A,N/A,wide,5.0,N/A,N/A,Hasten Recovery,"Soulfire Talon ""Ruin""",gunlance,Upgrade,Lunastra Shard,4,Annihilating Greathorn,3.0,Eternal Regrowth Plate,3.0,Large Elder Dragon Gem,1.0,gunlance,False,110,30,90,30,30,90,20
1551,1227,"Empress Howl ""Styx""",gunlance,Empress Howl,N/A,8,437,10,N/A,False,Blast,240.0,N/A,N/A,N/A,3,1,0,N/A,N/A,N/A,wide,3.0,N/A,N/A,Razor Sharp/Spare Shot,"Empress Howl ""Styx""",gunlance,Upgrade,Research Commission Ticket,1,Lunastra Tail,2.0,Xeno'jiiva Horn,3.0,Xeno'jiiva Gem,1.0,gunlance,False,100,30,60,80,40,90,0
1552,2645,"Soulfire Talon ""Styx""",gunlance,"Empress Howl ""Styx""",N/A,12,575,10,N/A,False,Blast,330.0,N/A,N/A,N/A,3,3,0,N/A,N/A,N/A,wide,5.0,N/A,N/A,Razor Sharp/Spare Shot,"Soulfire Talon ""Styx""",gunlance,Upgrade,Lunastra Shard,4,Lunastra Lash,2.0,Elder Spiritvein Bone,5.0,Large Elder Dragon Gem,1.0,gunlance,False,110,30,90,30,30,90,20
1553,3154,Demon Gunlance,gunlance,N/A,N/A,11,644,-15,N/A,False,Thunder,90.0,N/A,N/A,N/A,4,0,0,N/A,N/A,N/A,wide,5.0,N/A,N/A,N/A,Demon Gunlance,gunlance,Create,Rajang Hardhorn,1,Rajang Hardclaw,1.0,Rajang Hardfang,2.0,Rajang Wildpelt,2.0,gunlance,False,100,100,40,50,60,50,0
1554,3155,Great Demon Gunlance,gunlance,Demon Gunlance,N/A,12,656,-15,N/A,False,Thunder,120.0,N/A,N/A,N/A,4,0,0,N/A,N/A,N/A,wide,6.0,N/A,N/A,N/A,Great Demon Gunlance,gunlance,Upgrade,Tempered Glimmerpelt,3,Rajang Hardhorn,3.0,Rajang Hardfang,7.0,Gold Rajang Pelt+,3.0,gunlance,False,90,100,40,50,70,50,0
1555,3156,Demonlord Gunlance,gunlance,N/A,N/A,12,644,15,N/A,False,Thunder,300.0,N/A,N/A,N/A,0,0,0,N/A,N/A,N/A,wide,7.0,N/A,N/A,N/A,Demonlord Gunlance,gunlance,Create,Ghoulish Gold Gorer,3,Rajang Apoplexy,2.0,Gold Rajang Pelt+,5.0,Rajang Heart,1.0,gunlance,False,110,20,20,70,40,30,110
1556,3157,Brimstren Drakeblood,gunlance,N/A,N/A,11,575,0,N/A,False,Dragon,300.0,N/A,N/A,average,2,0,0,N/A,N/A,N/A,normal,7.0,N/A,N/A,N/A,Brimstren Drakeblood,gunlance,Create,Stygian Zinogre Hardhorn,1,Stygian Zinogre Hardclaw,1.0,Stygian Zinogre Dragonlocks,2.0,Stygian Zinogre Dragonhold,2.0,gunlance,False,140,20,20,70,40,30,80
1557,3158,Stygian Avaritia,gunlance,Brimstren Drakeblood,N/A,12,621,0,N/A,False,Dragon,360.0,N/A,N/A,average,2,0,0,N/A,N/A,N/A,normal,7.0,N/A,N/A,N/A,Stygian Avaritia,gunlance,Upgrade,Tempered Dragonhold,3,Stygian Zinogre Hardhorn,2.0,Stygian Zinogre Hardclaw,5.0,Stygian Zinogre Skymerald,1.0,gunlance,False,110,20,20,70,40,30,110
1558,3159,Lightbreak Gunlance,gunlance,N/A,N/A,12,690,0,N/A,False,Blast,270.0,N/A,N/A,N/A,4,3,0,N/A,N/A,N/A,wide,7.0,N/A,N/A,N/A,Lightbreak Gunlance,gunlance,Create,Brach Obliterator,3,Brach Warhead,1.0,Indestructible Ebonshell,4.0,Immortal Reactor,1.0,gunlance,True,140,30,30,60,50,60,30
1559,3208,Alatreon Gunlance,gunlance,N/A,N/A,11,575,0,N/A,False,Dragon,540.0,N/A,N/A,low,2,0,0,N/A,N/A,N/A,wide,7.0,N/A,N/A,N/A,Alatreon Gunlance,gunlance,Create,Alatreon Mantle,3,Skyswayer,1.0,Alatreon Riptalon,3.0,Large Elder Dragon Gem,1.0,gunlance,False,120,20,20,70,40,30,100
1560,3209,Alatreon Melt,gunlance,Alatreon Gunlance,N/A,12,644,0,N/A,False,Dragon,660.0,N/A,N/A,low,2,2,0,N/A,N/A,N/A,wide,7.0,N/A,N/A,N/A,Alatreon Melt,gunlance,Upgrade,Alatreon Direwing,1,Skyswayer,2.0,Alatreon Riptalon,2.0,Azure Dragonsphire,1.0,gunlance,False,80,20,20,70,40,30,140
1561,3252,Fatalis Gunlance,gunlance,N/A,N/A,11,782,-40,N/A,False,Dragon,90.0,N/A,N/A,high,4,4,0,N/A,N/A,N/A,N/A,N/A,N/A,N/A,N/A,Fatalis Gunlance,gunlance,Create,Fatalis Shard,3,Fatalis Pectus,1.0,Fatalis Hardhorn,1.0,Fatalis Evil Eye,1.0,gunlance,False,140,20,20,70,40,30,80
1562,3253,True Fatalis Gunlance,gunlance,Fatalis Gunlance,N/A,12,897,-20,N/A,False,Dragon,150.0,N/A,N/A,high,4,4,0,N/A,N/A,N/A,N/A,N/A,N/A,N/A,N/A,True Fatalis Gunlance,gunlance,Upgrade,Large Elder Dragon Gem,1,Fatalis Pectus,2.0,Fatalis Hardhorn,2.0,Fatalis Evil Eye,1.0,gunlance,False,140,20,20,70,40,30,80
1563,2646,Gajalaka Firestabber,gunlance,N/A,N/A,10,575,0,30.0,True,Dragon,390.0,N/A,N/A,high,4,0,0,N/A,N/A,N/A,normal,4.0,N/A,N/A,N/A,Gajalaka Firestabber,gunlance,Create,Boaboa Ticket,1,Dodogama Mandible,1.0,Frozen Bone,3.0,Eltalite Ore,15.0,gunlance,False,60,100,40,40,160,0,0
1564,2647,Gajalaka Firepike,gunlance,Gajalaka Firestabber,N/A,11,621,0,30.0,True,Dragon,450.0,N/A,N/A,high,4,0,0,N/A,N/A,N/A,normal,5.0,N/A,N/A,N/A,Gajalaka Firepike,gunlance,Upgrade,Monster Solidbone,4,Uragaan Jaw+,2.0,Uragaan Shard,5.0,Purecrystal,1.0,gunlance,False,40,100,40,40,180,0,0
1565,2648,Guild Palace Order,gunlance,N/A,N/A,10,575,10,30.0,True,Water,420.0,N/A,N/A,N/A,3,0,0,N/A,N/A,N/A,wide,5.0,N/A,N/A,N/A,Guild Palace Order,gunlance,Create,Fest Ticket,2,Amber Hardfang,2.0,Gracium,5.0,Purecrystal,1.0,gunlance,False,140,30,30,60,50,60,30
1566,2649,Royal Guard Striker,gunlance,Guild Palace Order,N/A,12,621,15,30.0,True,Water,510.0,N/A,N/A,N/A,3,0,0,N/A,N/A,N/A,wide,6.0,N/A,N/A,N/A,Royal Guard Striker,gunlance,Upgrade,Hero King Coin,1,Namielle Hardclaw,3.0,Large Elder Dragon Bone,5.0,Pure Dragon Blood,3.0,gunlance,False,130,30,30,60,50,50,50
1567,2650,Defender Switch Axe I,switch-axe,N/A,N/A,1,455,0,N/A,False,Blast,180.0,N/A,N/A,N/A,0,0,0,N/A,power,N/A,N/A,N/A,N/A,N/A,N/A,Defender Switch Axe I,switch-axe,Create,Iron Ore,1,N/A,N/A,N/A,N/A,N/A,N/A,switch-axe,False,30,60,20,140,0,0,0
1568,2651,Defender Switch Axe II,switch-axe,Defender Switch Axe I,N/A,3,595,0,N/A,False,Blast,210.0,N/A,N/A,N/A,0,0,0,N/A,power,N/A,N/A,N/A,N/A,N/A,N/A,Defender Switch Axe II,switch-axe,Upgrade,Anjanath Scale,1,N/A,N/A,N/A,N/A,N/A,N/A,switch-axe,False,30,60,20,150,40,0,0
1569,2652,Defender Switch Axe III,switch-axe,Defender Switch Axe II,N/A,5,665,0,N/A,False,Blast,240.0,N/A,N/A,N/A,0,0,0,N/A,power,N/A,N/A,N/A,N/A,N/A,N/A,Defender Switch Axe III,switch-axe,Upgrade,Commendation,1,N/A,N/A,N/A,N/A,N/A,N/A,switch-axe,False,50,50,50,80,120,0,0
1570,2653,Defender Switch Axe IV,switch-axe,Defender Switch Axe III,N/A,6,735,0,N/A,False,Blast,270.0,N/A,N/A,N/A,0,0,0,N/A,power,N/A,N/A,N/A,N/A,N/A,N/A,Defender Switch Axe IV,switch-axe,Upgrade,Pink Rathian Scale+,1,N/A,N/A,N/A,N/A,N/A,N/A,switch-axe,False,30,50,50,80,140,0,0
1571,2654,Defender Switch Axe V,switch-axe,Defender Switch Axe IV,N/A,7,770,0,N/A,False,Blast,300.0,N/A,N/A,N/A,0,0,0,N/A,power,N/A,N/A,N/A,N/A,N/A,N/A,Defender Switch Axe V,switch-axe,Upgrade,Immortal Dragonscale,1,N/A,N/A,N/A,N/A,N/A,N/A,switch-axe,False,90,30,30,110,40,100,0
1572,677,Proto Iron Axe I,switch-axe,N/A,N/A,1,280,0,N/A,False,N/A,N/A,N/A,N/A,N/A,0,0,0,N/A,power,N/A,N/A,N/A,N/A,N/A,N/A,Proto Iron Axe I,switch-axe,Create,Iron Ore,1,N/A,N/A,N/A,N/A,N/A,N/A,switch-axe,False,100,50,80,20,0,0,0
1573,678,Proto Iron Axe II,switch-axe,Proto Iron Axe I,N/A,1,315,0,N/A,False,N/A,N/A,N/A,N/A,N/A,0,0,0,N/A,power,N/A,N/A,N/A,N/A,N/A,N/A,Proto Iron Axe II,switch-axe,Upgrade,Iron Ore,2,N/A,N/A,N/A,N/A,N/A,N/A,switch-axe,False,80,70,30,70,0,0,0
1574,679,Proto Iron Axe III,switch-axe,Proto Iron Axe II,N/A,2,350,0,N/A,False,N/A,N/A,N/A,N/A,N/A,0,0,0,N/A,power,N/A,N/A,N/A,N/A,N/A,N/A,Proto Iron Axe III,switch-axe,Upgrade,Earth Crystal,2,Machalite Ore,2.0,Iron Ore,5.0,N/A,N/A,switch-axe,False,60,70,30,90,0,0,0
1575,680,Improved Steel Axe I,switch-axe,Proto Iron Axe III,N/A,3,385,0,N/A,False,N/A,N/A,N/A,N/A,N/A,0,0,0,N/A,poison,300.0,N/A,N/A,N/A,N/A,N/A,Improved Steel Axe I,switch-axe,Upgrade,Dragonite Ore,2,Machalite Ore,5.0,Monster Bone M,2.0,N/A,N/A,switch-axe,False,70,50,80,100,0,0,0
1576,681,Improved Steel Axe II,switch-axe,Improved Steel Axe I,N/A,4,455,0,N/A,False,N/A,N/A,N/A,N/A,N/A,0,0,0,N/A,poison,300.0,N/A,N/A,N/A,N/A,N/A,Improved Steel Axe II,switch-axe,Upgrade,Monster Bone+,2,Dragonite Ore,5.0,Coral Crystal,2.0,Machalite Ore,10.0,switch-axe,False,60,50,80,110,0,0,0
1577,682,Improved Steel Axe III,switch-axe,Improved Steel Axe II,N/A,5,490,0,N/A,True,Poison,300.0,N/A,N/A,N/A,1,0,0,N/A,poison,300.0,N/A,N/A,N/A,N/A,N/A,Improved Steel Axe III,switch-axe,Upgrade,Carbalite Ore,8,Dragonite Ore,5.0,Dragonvein Crystal,2.0,N/A,N/A,switch-axe,False,90,50,50,80,80,0,0
1578,683,Perfected Alloy Axe I,switch-axe,Improved Steel Axe III,N/A,6,560,0,N/A,True,Poison,360.0,N/A,N/A,N/A,1,0,0,N/A,poison,420.0,N/A,N/A,N/A,N/A,N/A,Perfected Alloy Axe I,switch-axe,Upgrade,Fucium Ore,8,Carbalite Ore,5.0,Dragonite Ore,10.0,Dragonvein Crystal,3.0,switch-axe,False,70,50,50,80,100,0,0
1579,684,Perfected Alloy Axe II,switch-axe,Perfected Alloy Axe I,N/A,6,630,0,N/A,True,Poison,420.0,N/A,N/A,N/A,1,1,0,N/A,poison,420.0,N/A,N/A,N/A,N/A,N/A,Perfected Alloy Axe II,switch-axe,Upgrade,Elder Dragon Blood,2,Fucium Ore,13.0,Carbalite Ore,20.0,Firecell Stone,1.0,switch-axe,False,60,60,20,150,90,20,0
1580,2655,Chrome Machina I,switch-axe,Perfected Alloy Axe II,N/A,9,770,0,N/A,True,Poison,450.0,N/A,N/A,N/A,1,1,0,N/A,poison,480.0,N/A,N/A,N/A,N/A,N/A,Chrome Machina I,switch-axe,Create,Eltalite Ore,6,Carbalite Ore,10.0,Firecell Stone,2.0,Purecrystal,1.0,switch-axe,False,90,80,30,30,80,90,0
1581,2655,Chrome Machina I,switch-axe,Perfected Alloy Axe II,N/A,9,770,0,N/A,True,Poison,450.0,N/A,N/A,N/A,1,1,0,N/A,poison,480.0,N/A,N/A,N/A,N/A,N/A,Chrome Machina I,switch-axe,Upgrade,Eltalite Ore,2,Carbalite Ore,4.0,Spiritvein Crystal,2.0,Gracium,1.0,switch-axe,False,90,80,30,30,80,90,0
1582,2656,Chrome Machina II,switch-axe,Chrome Machina I,N/A,10,840,0,N/A,True,Poison,480.0,N/A,N/A,N/A,1,1,0,N/A,poison,480.0,N/A,N/A,N/A,N/A,N/A,Chrome Machina II,switch-axe,Upgrade,Monster Slogbone,3,Eltalite Ore,4.0,Meldspar Ore,2.0,Bathycite Ore,2.0,switch-axe,False,80,80,30,30,80,100,0
1583,2657,Chrome Machina III,switch-axe,Chrome Machina II,N/A,11,945,0,N/A,True,Poison,510.0,N/A,N/A,N/A,1,1,0,N/A,poison,540.0,N/A,N/A,N/A,N/A,N/A,Chrome Machina III,switch-axe,Upgrade,Pure Dragon Blood,3,Eltalite Ore,6.0,Meldspar Ore,3.0,Purecrystal,1.0,switch-axe,False,120,30,30,60,50,80,30
1584,2658,Blackwing Switch Axe I,switch-axe,Chrome Machina II,N/A,10,910,20,N/A,False,Poison,210.0,N/A,N/A,N/A,3,0,0,N/A,power,N/A,N/A,N/A,N/A,N/A,N/A,Blackwing Switch Axe I,switch-axe,Upgrade,Garuga Shard,3,Garuga Silverpelt,4.0,Garuga Auricle,2.0,Fey Wyvern Gem,1.0,switch-axe,False,150,30,90,30,30,50,20
1585,2659,Blackwing Switch Axe II,switch-axe,Blackwing Switch Axe I,N/A,11,945,25,N/A,False,Poison,240.0,N/A,N/A,N/A,3,0,0,N/A,power,N/A,N/A,N/A,N/A,N/A,N/A,Blackwing Switch Axe II,switch-axe,Upgrade,Scratched Shell,3,Garuga Fellwing,2.0,Fancy Beak,3.0,Large Wyvern Gem,1.0,switch-axe,False,150,30,90,30,30,50,20
1586,685,Nergal Gash,switch-axe,Perfected Alloy Axe I,N/A,7,665,0,N/A,False,Dragon,120.0,N/A,N/A,high,1,0,0,N/A,power,N/A,N/A,N/A,N/A,N/A,N/A,Nergal Gash,switch-axe,Upgrade,Nergigante Talon,3,Nergigante Regrowth Plate,4.0,Nergigante Tail,2.0,Nergigante Carapace,2.0,switch-axe,True,120,120,40,50,70,0,0
1587,686,Dying Light,switch-axe,Nergal Gash,N/A,8,700,0,N/A,False,Dragon,150.0,N/A,N/A,high,1,0,0,N/A,power,N/A,N/A,N/A,N/A,N/A,N/A,Dying Light,switch-axe,Upgrade,Xeno'jiiva Horn,2,Nergigante Horn+,5.0,Nergigante Talon,5.0,Nergigante Gem,1.0,switch-axe,True,110,120,40,50,80,0,0
1588,2660,Ruinous Light,switch-axe,Dying Light,N/A,12,1015,0,N/A,False,Dragon,210.0,N/A,N/A,high,1,0,0,N/A,power,N/A,N/A,N/A,N/A,N/A,N/A,Ruinous Light,switch-axe,Upgrade,Annihilating Greathorn,3,Nergigante Hardclaw,4.0,Eternal Regrowth Plate,5.0,Large Elder Dragon Gem,1.0,switch-axe,True,80,30,30,110,40,110,0
1589,687,Glacial Axe I,switch-axe,Improved Steel Axe I,N/A,4,455,0,N/A,False,Ice,210.0,N/A,N/A,N/A,0,0,0,N/A,power element,N/A,N/A,N/A,N/A,N/A,N/A,Glacial Axe I,switch-axe,Upgrade,Legiana Claw,3,Legiana Scale,4.0,Frost Sac,2.0,N/A,N/A,switch-axe,False,60,50,80,110,0,0,0
1590,688,Glacial Axe II,switch-axe,Glacial Axe I,N/A,5,490,0,N/A,False,Ice,240.0,N/A,N/A,N/A,0,0,0,N/A,power element,N/A,N/A,N/A,N/A,N/A,N/A,Glacial Axe II,switch-axe,Upgrade,Paolumu Wing,4,Legiana Claw,4.0,Legiana Tail Webbing,3.0,Legiana Plate,1.0,switch-axe,False,100,50,50,80,70,0,0
1591,689,Frostreaver,switch-axe,Glacial Axe II,N/A,6,525,0,N/A,False,Ice,270.0,N/A,N/A,N/A,0,0,0,N/A,power element,N/A,N/A,N/A,N/A,N/A,N/A,Frostreaver,switch-axe,Upgrade,Legiana Claw+,3,Legiana Scale+,5.0,Legiana Wing,3.0,Freezer Sac,2.0,switch-axe,False,90,50,50,80,80,0,0
1592,690,Legia Frostreaver,switch-axe,Frostreaver,N/A,7,560,0,N/A,False,Ice,300.0,N/A,N/A,N/A,0,0,0,N/A,power element,N/A,N/A,N/A,N/A,N/A,N/A,Legia Frostreaver,switch-axe,Upgrade,Daora Claw+,2,Legiana Claw+,5.0,Legiana Hide+,3.0,Legiana Gem,1.0,switch-axe,False,130,30,60,80,40,60,0
1593,2661,Legia Frostreaver+,switch-axe,Legia Frostreaver,N/A,10,735,0,N/A,False,Ice,420.0,N/A,N/A,N/A,0,0,0,N/A,power element,N/A,N/A,N/A,N/A,N/A,N/A,Legia Frostreaver+,switch-axe,Upgrade,Legiana Hardclaw,2,Legiana Shard,3.0,Legiana Tail Webbing+,2.0,Frozen Bone,4.0,switch-axe,False,90,80,30,30,80,90,0
1594,2662,Hoarcry Frostreaver,switch-axe,Legia Frostreaver+,N/A,10,770,0,N/A,False,Ice,510.0,N/A,N/A,N/A,0,0,0,N/A,power element,N/A,N/A,N/A,N/A,N/A,N/A,Hoarcry Frostreaver,switch-axe,Upgrade,Obsidian Icetalon,2,Rimed Hide,5.0,Stark Wing,2.0,Cryo Sac,4.0,switch-axe,False,80,80,30,30,80,100,0
1595,2663,Hector Glacia,switch-axe,Hoarcry Frostreaver,N/A,11,840,0,N/A,False,Ice,540.0,N/A,N/A,N/A,0,0,0,N/A,power element,N/A,N/A,N/A,N/A,N/A,N/A,Hector Glacia,switch-axe,Upgrade,Velkhana Hardclaw,2,Obsidian Icetalon,4.0,Stark Wing,2.0,Legiana Mantle,1.0,switch-axe,False,60,20,30,90,90,70,40
1596,691,Thunder Axe I,switch-axe,Proto Iron Axe III,N/A,3,420,0,N/A,False,Thunder,90.0,N/A,N/A,N/A,0,0,0,N/A,power,N/A,N/A,N/A,N/A,N/A,N/A,Thunder Axe I,switch-axe,Upgrade,Dragonite Ore,5,Tobi-Kadachi Electrode,1.0,Tobi-Kadachi Claw,2.0,Electro Sac,1.0,switch-axe,False,90,50,80,80,0,0,0
1597,692,Thunder Axe II,switch-axe,Thunder Axe I,N/A,4,490,0,N/A,False,Thunder,90.0,N/A,N/A,N/A,0,0,0,N/A,power,N/A,N/A,N/A,N/A,N/A,N/A,Thunder Axe II,switch-axe,Upgrade,Monster Bone+,2,Tobi-Kadachi Electrode,2.0,Tobi-Kadachi Membrane,2.0,Coral Crystal,3.0,switch-axe,False,80,50,80,90,0,0,0
1598,693,Lightning Chopper I,switch-axe,Thunder Axe II,N/A,5,560,0,N/A,False,Thunder,120.0,N/A,N/A,N/A,1,0,0,N/A,power,N/A,N/A,N/A,N/A,N/A,N/A,Lightning Chopper I,switch-axe,Create,Thunder Sac,4,Carbalite Ore,7.0,Tobi-Kadachi Scale+,3.0,Lightcrystal,1.0,switch-axe,False,110,50,80,100,10,0,0
1599,693,Lightning Chopper I,switch-axe,Thunder Axe II,N/A,5,560,0,N/A,False,Thunder,120.0,N/A,N/A,N/A,1,0,0,N/A,power,N/A,N/A,N/A,N/A,N/A,N/A,Lightning Chopper I,switch-axe,Upgrade,Carbalite Ore,5,Tobi-Kadachi Scale+,4.0,Tobi-Kadachi Pelt+,3.0,Vespoid Innerwing,3.0,switch-axe,False,110,50,80,100,10,0,0
1600,694,Lightning Chopper II,switch-axe,Lightning Chopper I,N/A,6,595,0,N/A,False,Thunder,150.0,N/A,N/A,N/A,2,0,0,N/A,power,N/A,N/A,N/A,N/A,N/A,N/A,Lightning Chopper II,switch-axe,Upgrade,Fucium Ore,5,Tobi-Kadachi Electrode+,2.0,Tobi-Kadachi Membrane,4.0,Thunder Sac,3.0,switch-axe,False,100,50,50,80,70,0,0
1601,695,Lightning Chopper III,switch-axe,Lightning Chopper II,N/A,6,630,0,N/A,False,Thunder,180.0,N/A,N/A,N/A,2,0,0,N/A,power,N/A,N/A,N/A,N/A,N/A,N/A,Lightning Chopper III,switch-axe,Upgrade,Elder Dragon Blood,3,Tobi-Kadachi Electrode+,4.0,Tobi-Kadachi Claw+,6.0,Wyvern Gem,1.0,switch-axe,False,90,60,80,80,70,20,0
1602,2664,Lightning Chopper IV,switch-axe,Lightning Chopper III,N/A,9,700,0,N/A,False,Thunder,240.0,N/A,N/A,N/A,2,0,0,N/A,power,N/A,N/A,N/A,N/A,N/A,N/A,Lightning Chopper IV,switch-axe,Upgrade,Tobi-Kadachi Hardclaw,1,Tobi-Kadachi Shard,2.0,Tobi-Kadachi Thickfur,2.0,Lightning Sac,1.0,switch-axe,False,110,80,30,30,80,70,0
1603,2665,Thundercleave I,switch-axe,Lightning Chopper IV,N/A,10,840,0,N/A,False,Thunder,300.0,N/A,N/A,N/A,2,0,0,N/A,power element,N/A,N/A,N/A,N/A,N/A,N/A,Thundercleave I,switch-axe,Upgrade,Zinogre Hardclaw,3,Zinogre Deathly Shocker,2.0,Zinogre Cortex,5.0,Lightning Sac,3.0,switch-axe,False,100,80,30,30,80,80,0
1604,2666,Thundercleave II,switch-axe,Thundercleave I,N/A,11,875,0,N/A,False,Thunder,420.0,N/A,N/A,N/A,2,1,0,N/A,power element,N/A,N/A,N/A,N/A,N/A,N/A,Thundercleave II,switch-axe,Upgrade,Zinogre Hardhorn,3,Zinogre Electrofur+,4.0,Fulgurbug,5.0,Zinogre Skymerald,1.0,switch-axe,False,130,30,90,30,30,70,20
1605,2667,Hidden Axe,switch-axe,Lightning Chopper IV,N/A,10,770,10,N/A,True,Poison,360.0,N/A,N/A,N/A,0,0,0,N/A,power,N/A,N/A,N/A,N/A,N/A,N/A,Hidden Axe,switch-axe,Upgrade,Nargacuga Hardfang,2,Nargacuga Shard,3.0,Nargacuga Tailspear,2.0,Meldspar Ore,1.0,switch-axe,False,80,80,30,30,80,100,0
1606,2668,Hidden Axe+,switch-axe,Hidden Axe,N/A,10,805,15,N/A,True,Poison,450.0,N/A,N/A,N/A,0,0,0,N/A,power,N/A,N/A,N/A,N/A,N/A,N/A,Hidden Axe+,switch-axe,Upgrade,Fulgur Anjanath Hardfang,2,Nargacuga Cutwing+,3.0,Nargacuga Lash,2.0,Nargacuga Mantle,1.0,switch-axe,False,70,80,30,30,80,110,0
1607,2669,Night's Crescent,switch-axe,Hidden Axe+,N/A,11,840,20,N/A,True,Poison,540.0,N/A,N/A,N/A,0,0,0,N/A,power,N/A,N/A,N/A,N/A,N/A,N/A,Night's Crescent,switch-axe,Upgrade,Shadowpierce Fang,2,Nargacuga Cutwing+,4.0,Nargacuga Hardfang,4.0,Purecrystal,1.0,switch-axe,False,140,20,20,70,40,30,80
1608,2670,Datura Garden I,switch-axe,Lightning Chopper III,N/A,9,700,0,N/A,False,Poison,600.0,N/A,N/A,N/A,2,1,0,N/A,power,N/A,N/A,N/A,N/A,N/A,N/A,Datura Garden I,switch-axe,Create,Pukei-Pukei Shard,6,Pukei-Pukei Fellwing,4.0,Deadly Poison Sac,4.0,Fey Wyvern Gem,1.0,switch-axe,False,70,80,30,30,80,110,0
1609,2670,Datura Garden I,switch-axe,Lightning Chopper III,N/A,9,700,0,N/A,False,Poison,600.0,N/A,N/A,N/A,2,1,0,N/A,power,N/A,N/A,N/A,N/A,N/A,N/A,Datura Garden I,switch-axe,Upgrade,Pukei-Pukei Shard,3,Pukei-Pukei Fellwing,2.0,Deadly Poison Sac,2.0,Monster Toughbone,2.0,switch-axe,False,70,80,30,30,80,110,0
1610,2671,Datura Garden II,switch-axe,Datura Garden I,N/A,10,840,0,N/A,False,Poison,660.0,N/A,N/A,N/A,2,1,0,N/A,power,N/A,N/A,N/A,N/A,N/A,N/A,Datura Garden II,switch-axe,Upgrade,Monster Slogbone,3,Rathian Surspike,2.0,Large Pukei-Pukei Sac,1.0,Pukei-Pukei Lash,1.0,switch-axe,False,120,30,30,60,50,60,50
1611,2672,Deep Lagoon I,switch-axe,Datura Garden I,N/A,9,770,0,N/A,False,Water,510.0,N/A,N/A,N/A,2,0,0,N/A,power element,N/A,N/A,N/A,N/A,N/A,N/A,Deep Lagoon I,switch-axe,Upgrade,Coral Pukei-Pukei Shard,3,Coral Pukei-Pukei Fellwing,2.0,Flood Sac,2.0,Bathycite Ore,2.0,switch-axe,False,70,80,30,30,80,110,0
1612,2673,Deep Lagoon II,switch-axe,Deep Lagoon I,N/A,10,840,0,N/A,False,Water,540.0,N/A,N/A,N/A,2,0,0,N/A,power element,N/A,N/A,N/A,N/A,N/A,N/A,Deep Lagoon II,switch-axe,Upgrade,Acidic Glavenus Hardfang,2,Monster Solidbone,3.0,Large Coral Pukei-Pukei Sac,1.0,Coral Pukei-Pukei Lash,1.0,switch-axe,False,120,30,30,60,50,60,50
1613,696,Motor Chopper I,switch-axe,Lightning Chopper I,N/A,6,630,0,30.0,False,Fire,120.0,N/A,N/A,N/A,1,0,0,N/A,power,N/A,N/A,N/A,N/A,N/A,N/A,Motor Chopper I,switch-axe,Upgrade,Uragaan Jaw,1,Uragaan Scale+,6.0,Uragaan Carapace,4.0,Uragaan Marrow,1.0,switch-axe,False,90,50,50,80,80,0,0
1614,697,Motor Chopper II,switch-axe,Motor Chopper I,N/A,7,735,0,30.0,False,Fire,120.0,N/A,N/A,N/A,1,0,0,N/A,power,N/A,N/A,N/A,N/A,N/A,N/A,Motor Chopper II,switch-axe,Upgrade,Teostra Carapace,4,Uragaan Jaw,2.0,Uragaan Scute,4.0,Uragaan Ruby,1.0,switch-axe,False,80,50,80,100,90,0,0
1615,2674,Gigan Motor I,switch-axe,Motor Chopper II,N/A,10,910,0,35.0,False,Fire,210.0,N/A,N/A,N/A,3,0,0,N/A,power,N/A,N/A,N/A,N/A,N/A,N/A,Gigan Motor I,switch-axe,Upgrade,Uragaan Jaw+,1,Uragaan Shard,3.0,Uragaan Cortex,2.0,Meldspar Ore,2.0,switch-axe,False,110,50,50,80,110,0,0
1616,2675,Gigan Motor II,switch-axe,Gigan Motor I,N/A,10,1015,0,35.0,False,Fire,240.0,N/A,N/A,N/A,3,0,0,N/A,power,N/A,N/A,N/A,N/A,N/A,N/A,Gigan Motor II,switch-axe,Upgrade,Acidic Glavenus Hardfang,2,Uragaan Jaw+,1.0,Uragaan Scute+,2.0,Uragaan Pallium,1.0,switch-axe,False,100,50,50,80,120,0,0
1617,2676,Rex Raider I,switch-axe,Motor Chopper II,N/A,10,875,-15,N/A,True,Blast,390.0,N/A,N/A,N/A,0,0,0,N/A,power,N/A,N/A,N/A,N/A,N/A,N/A,Rex Raider I,switch-axe,Upgrade,Tigrex Hardclaw,3,Tigrex Shard,4.0,Monster Slogbone,3.0,Thick Bone,5.0,switch-axe,False,70,30,30,110,40,120,0
1618,2677,Rex Raider II,switch-axe,Rex Raider I,N/A,10,945,-15,N/A,True,Blast,420.0,N/A,N/A,N/A,1,0,0,N/A,power,N/A,N/A,N/A,N/A,N/A,N/A,Rex Raider II,switch-axe,Upgrade,Blackcurl Stouthorn,1,Tigrex Hardfang,3.0,Tigrex Lash,2.0,Tigrex Mantle,1.0,switch-axe,False,50,30,30,110,40,140,0
1619,2678,Accursed Raider,switch-axe,Rex Raider I,N/A,11,980,-30,N/A,True,Sleep,270.0,N/A,N/A,N/A,1,0,0,N/A,exhaust,300.0,N/A,N/A,N/A,N/A,N/A,Accursed Raider,switch-axe,Upgrade,Brute Tigrex Hardclaw,3,Brute Tigrex Shard,5.0,Brute Tigrex Hardfang,2.0,Large Wyvern Gem,1.0,switch-axe,False,90,20,30,90,90,40,40
1620,698,Jagras Axe I,switch-axe,Proto Iron Axe II,N/A,2,385,0,N/A,False,N/A,N/A,N/A,N/A,N/A,0,0,0,N/A,exhaust,120.0,N/A,N/A,N/A,N/A,N/A,Jagras Axe I,switch-axe,Upgrade,Great Jagras Claw,1,Great Jagras Hide,1.0,Great Jagras Scale,3.0,Sharp Claw,1.0,switch-axe,False,60,70,30,90,0,0,0
1621,699,Jagras Axe II,switch-axe,Jagras Axe I,N/A,3,420,0,N/A,False,N/A,N/A,N/A,N/A,N/A,0,0,0,N/A,exhaust,120.0,N/A,N/A,N/A,N/A,N/A,Jagras Axe II,switch-axe,Upgrade,Great Jagras Claw,2,Great Jagras Mane,2.0,Coral Bone,2.0,Tzitzi-Ya-Ku Claw,3.0,switch-axe,False,70,50,80,100,0,0,0
1622,700,Jagras Axe III,switch-axe,Jagras Axe II,N/A,4,490,0,N/A,False,N/A,N/A,N/A,N/A,N/A,0,0,0,N/A,exhaust,150.0,N/A,N/A,N/A,N/A,N/A,Jagras Axe III,switch-axe,Upgrade,Monster Bone+,3,Great Jagras Scale,5.0,Great Jagras Claw,3.0,Great Jagras Mane,3.0,switch-axe,False,50,50,80,120,0,0,0
1623,701,Jagras Raider I,switch-axe,Jagras Axe III,N/A,5,560,0,N/A,True,Sleep,180.0,N/A,N/A,N/A,1,0,0,N/A,exhaust,180.0,N/A,N/A,N/A,N/A,N/A,Jagras Raider I,switch-axe,Create,Great Jagras Scale+,8,Great Jagras Claw+,6.0,Great Jagras Mane,8.0,Novacrystal,1.0,switch-axe,False,110,50,50,80,60,0,0
1624,701,Jagras Raider I,switch-axe,Jagras Axe III,N/A,5,560,0,N/A,True,Sleep,180.0,N/A,N/A,N/A,1,0,0,N/A,exhaust,180.0,N/A,N/A,N/A,N/A,N/A,Jagras Raider I,switch-axe,Upgrade,Great Jagras Scale+,6,Great Jagras Claw+,4.0,Great Jagras Mane,6.0,Piercing Claw,5.0,switch-axe,False,110,50,50,80,60,0,0
1625,702,Jagras Raider II,switch-axe,Jagras Raider I,N/A,6,630,0,N/A,True,Sleep,210.0,N/A,N/A,N/A,2,2,0,N/A,exhaust,180.0,N/A,N/A,N/A,N/A,N/A,Jagras Raider II,switch-axe,Upgrade,Monster Hardbone,4,Great Jagras Claw+,6.0,Jagras Hide+,6.0,Tzitzi-Ya-Ku Claw+,5.0,switch-axe,False,100,50,50,80,70,0,0
1626,703,Jagras Raider III,switch-axe,Jagras Raider II,N/A,6,665,0,N/A,True,Sleep,240.0,N/A,N/A,N/A,3,2,0,N/A,exhaust,210.0,N/A,N/A,N/A,N/A,N/A,Jagras Raider III,switch-axe,Upgrade,Vaal Hazak Talon,2,Great Jagras Claw+,8.0,Great Jagras Hide+,6.0,Novacrystal,1.0,switch-axe,False,110,120,40,50,80,0,0
1627,2679,Saber's Bite I,switch-axe,Jagras Raider III,N/A,9,805,0,N/A,True,Sleep,390.0,N/A,N/A,N/A,3,3,0,N/A,exhaust,240.0,N/A,N/A,N/A,N/A,N/A,Saber's Bite I,switch-axe,Upgrade,Great Jagras Shard,2,Great Jagras Hardclaw,1.0,Great Jagras Mane+,2.0,Jagras Shard,2.0,switch-axe,False,100,50,50,80,120,0,0
1628,2680,Saber's Bite II,switch-axe,Saber's Bite I,N/A,10,910,0,N/A,True,Sleep,420.0,N/A,N/A,N/A,3,3,0,N/A,exhaust,270.0,N/A,N/A,N/A,N/A,N/A,Saber's Bite II,switch-axe,Upgrade,Monster Slogbone,3,Great Jagras Hardclaw,3.0,Great Jagras Thickhide,3.0,Tough Claw,3.0,switch-axe,False,110,80,30,30,80,70,0
1629,2681,Amber Slash,switch-axe,Saber's Bite I,N/A,10,805,15,N/A,False,Ice,210.0,N/A,N/A,N/A,0,0,0,N/A,power,N/A,N/A,N/A,N/A,N/A,N/A,Amber Slash,switch-axe,Upgrade,Barioth Hardclaw,3,Barioth Cortex,4.0,Cryo Sac,4.0,Frozen Bone,3.0,switch-axe,False,90,100,40,50,70,50,0
1630,2682,Amber Slash+,switch-axe,Amber Slash,N/A,10,840,20,N/A,False,Ice,300.0,N/A,N/A,N/A,0,0,0,N/A,power,N/A,N/A,N/A,N/A,N/A,N/A,Amber Slash+,switch-axe,Upgrade,Obsidian Icetalon,2,Amber Hardfang,3.0,Barioth Greatspike,3.0,Large Wyvern Gem,1.0,switch-axe,False,110,30,30,110,40,80,0
1631,2683,Amber Hoarfrost,switch-axe,Amber Slash+,N/A,11,875,30,N/A,False,Ice,390.0,N/A,N/A,N/A,0,0,0,N/A,power,N/A,N/A,N/A,N/A,N/A,N/A,Amber Hoarfrost,switch-axe,Upgrade,Velkhana Hardclaw,2,Barioth Hardclaw,4.0,Amber Hardfang,2.0,Large Elder Dragon Bone,5.0,switch-axe,False,110,30,30,110,40,80,0
1632,3230,Moonstone Hoarfrost,switch-axe,Amber Slash,N/A,11,945,15,N/A,False,Ice,480.0,N/A,N/A,N/A,0,0,0,N/A,power element,N/A,N/A,N/A,N/A,N/A,N/A,Moonstone Hoarfrost,switch-axe,Create,Frostfang Ticket,3,Silverwhite Frostfang,3.0,Bergcrusher Claw,2.0,Large Wyvern Gem,1.0,switch-axe,False,10,40,50,50,60,120,70
1633,3230,Moonstone Hoarfrost,switch-axe,Amber Slash,N/A,11,945,15,N/A,False,Ice,480.0,N/A,N/A,N/A,0,0,0,N/A,power element,N/A,N/A,N/A,N/A,N/A,N/A,Moonstone Hoarfrost,switch-axe,Upgrade,Frostfang Ticket,2,Silverwhite Frostfang,3.0,Bergcrusher Claw,1.0,Gracium,5.0,switch-axe,False,10,40,50,50,60,120,70
1634,704,Bazel Raider I,switch-axe,Jagras Raider I,N/A,6,665,-15,N/A,False,Blast,150.0,N/A,N/A,N/A,1,0,0,N/A,power,N/A,N/A,N/A,N/A,N/A,N/A,Bazel Raider I,switch-axe,Upgrade,Bazelgeuse Talon,3,Bazelgeuse Scale+,5.0,Bazelgeuse Fuse,4.0,Firecell Stone,1.0,switch-axe,False,100,50,50,80,70,0,0
1635,705,Bazel Raider II,switch-axe,Bazel Raider I,N/A,7,700,-15,N/A,False,Blast,180.0,N/A,N/A,N/A,1,0,0,N/A,power,N/A,N/A,N/A,N/A,N/A,N/A,Bazel Raider II,switch-axe,Upgrade,Teostra Powder,3,Bazelgeuse Wing,4.0,Bazelgeuse Talon,4.0,Bazelgeuse Gem,1.0,switch-axe,False,70,120,80,60,20,50,0
1636,2684,Bazelheart,switch-axe,Bazel Raider II,N/A,11,875,-15,N/A,False,Blast,270.0,N/A,N/A,N/A,2,1,0,N/A,power,N/A,N/A,N/A,N/A,N/A,N/A,Bazelheart,switch-axe,Upgrade,Bazelgeuse Hardclaw,3,Bazelgeuse Shard,4.0,Distilled Blast Fluid,3.0,Meldspar Ore,5.0,switch-axe,False,170,30,30,60,50,10,50
1637,706,Rathalos Axe I,switch-axe,Jagras Axe II,N/A,4,455,10,N/A,False,Fire,120.0,N/A,N/A,N/A,0,0,0,N/A,power,N/A,N/A,N/A,N/A,N/A,N/A,Rathalos Axe I,switch-axe,Upgrade,Rathalos Scale,1,Rathalos Webbing,2.0,Flame Sac,2.0,Rathalos Marrow,1.0,switch-axe,False,60,50,80,110,0,0,0
1638,707,Rathalos Axe II,switch-axe,Rathalos Axe I,N/A,5,490,10,N/A,False,Fire,120.0,N/A,N/A,N/A,1,0,0,N/A,power,N/A,N/A,N/A,N/A,N/A,N/A,Rathalos Axe II,switch-axe,Upgrade,Rathalos Scale,6,Rathalos Tail,2.0,Rathalos Plate,1.0,Inferno Sac,3.0,switch-axe,False,100,50,80,100,20,0,0
1639,708,Rathbringer Axe I,switch-axe,Rathalos Axe II,N/A,6,560,15,N/A,False,Fire,150.0,N/A,N/A,N/A,1,0,0,N/A,power,N/A,N/A,N/A,N/A,N/A,N/A,Rathbringer Axe I,switch-axe,Create,Rathalos Shard,2,Conflagrant Sac,3.0,Rathalos Scale+,6.0,Wyvern Gem,1.0,switch-axe,False,90,50,50,80,80,0,0
1640,708,Rathbringer Axe I,switch-axe,Rathalos Axe II,N/A,6,560,15,N/A,False,Fire,150.0,N/A,N/A,N/A,1,0,0,N/A,power,N/A,N/A,N/A,N/A,N/A,N/A,Rathbringer Axe I,switch-axe,Upgrade,Rathalos Scale+,6,Rathalos Carapace,4.0,Rathalos Wing,2.0,Rathalos Medulla,1.0,switch-axe,False,90,50,50,80,80,0,0
1641,709,Rathbringer Axe II,switch-axe,Rathbringer Axe I,N/A,7,665,15,N/A,False,Fire,150.0,N/A,N/A,N/A,1,0,0,N/A,power,N/A,N/A,N/A,N/A,N/A,N/A,Rathbringer Axe II,switch-axe,Upgrade,Azure Rathalos Scale+,6,Azure Rathalos Carapace,4.0,Azure Rathalos Wing,3.0,Rathalos Ruby,1.0,switch-axe,False,90,60,80,80,70,20,0
1642,2685,Rathbringer Axe III,switch-axe,Rathbringer Axe II,N/A,10,770,15,N/A,False,Fire,210.0,N/A,N/A,N/A,1,0,0,N/A,power,N/A,N/A,N/A,N/A,N/A,N/A,Rathbringer Axe III,switch-axe,Upgrade,Rathalos Shard,6,Rathalos Cortex,4.0,Rathalos Fellwing,2.0,Rath Wingtalon+,4.0,switch-axe,False,100,100,40,50,60,50,0
1643,2686,Azure Rathbringer,switch-axe,Rathbringer Axe III,N/A,10,840,20,N/A,False,Fire,240.0,N/A,N/A,N/A,1,0,0,N/A,power,N/A,N/A,N/A,N/A,N/A,N/A,Azure Rathbringer,switch-axe,Upgrade,Azure Rathalos Shard,6,Azure Rathalos Cortex,4.0,Azure Rathalos Fellwing,3.0,Rathalos Mantle,1.0,switch-axe,False,110,30,30,110,40,80,0
1644,2687,Silver Rathbringer,switch-axe,Azure Rathbringer,N/A,12,945,20,N/A,False,Fire,300.0,N/A,N/A,N/A,2,0,0,N/A,power,N/A,N/A,N/A,N/A,N/A,N/A,Silver Rathbringer,switch-axe,Upgrade,Silver Rathalos Shard,8,Silver Rathalos Cortex,4.0,Silver Rathalos Lash,3.0,Rath Gleam,2.0,switch-axe,False,130,30,30,60,50,70,30
1645,2688,Dragonmaiden Axe,switch-axe,Rathbringer Axe II,N/A,9,805,10,N/A,False,Poison,330.0,N/A,N/A,N/A,1,0,0,N/A,power,N/A,N/A,N/A,N/A,N/A,N/A,Dragonmaiden Axe,switch-axe,Upgrade,Rathian Surspike,3,Rathian Shard,5.0,Rathian Cortex,4.0,N/A,N/A,switch-axe,False,100,100,40,50,60,50,0
1646,2689,Dragonmaiden Axe+,switch-axe,Dragonmaiden Axe,N/A,10,910,10,N/A,False,Poison,360.0,N/A,N/A,N/A,1,0,0,N/A,power,N/A,N/A,N/A,N/A,N/A,N/A,Dragonmaiden Axe+,switch-axe,Upgrade,Monster Solidbone,5,Pink Rathian Shard,4.0,Pink Rathian Cortex,3.0,Rathian Mantle,1.0,switch-axe,False,110,30,30,110,40,80,0
1647,2690,Golden Crescent,switch-axe,Dragonmaiden Axe+,N/A,12,1015,15,N/A,False,Poison,390.0,N/A,N/A,N/A,1,0,0,N/A,power,N/A,N/A,N/A,N/A,N/A,N/A,Golden Crescent,switch-axe,Upgrade,Gold Rathian Surspike,3,Gold Rathian Shard,5.0,Gold Rathian Cortex,4.0,Rath Gleam,1.0,switch-axe,False,70,80,30,30,80,110,0
1648,710,Bone Axe I,switch-axe,N/A,N/A,1,315,0,N/A,False,N/A,N/A,N/A,N/A,N/A,0,0,0,N/A,power,N/A,N/A,N/A,N/A,N/A,N/A,Bone Axe I,switch-axe,Create,Monster Bone S,1,N/A,N/A,N/A,N/A,N/A,N/A,switch-axe,False,100,60,80,10,0,0,0
1649,711,Bone Axe II,switch-axe,Bone Axe I,N/A,1,350,0,N/A,False,N/A,N/A,N/A,N/A,N/A,0,0,0,N/A,power,N/A,N/A,N/A,N/A,N/A,N/A,Bone Axe II,switch-axe,Upgrade,Monster Bone S,2,N/A,N/A,N/A,N/A,N/A,N/A,switch-axe,False,90,50,80,30,0,0,0
1650,712,Bone Axe III,switch-axe,Bone Axe II,N/A,2,385,0,N/A,False,N/A,N/A,N/A,N/A,N/A,0,0,0,N/A,power,N/A,N/A,N/A,N/A,N/A,N/A,Bone Axe III,switch-axe,Upgrade,Monster Bone M,2,Ancient Bone,1.0,N/A,N/A,N/A,N/A,switch-axe,False,80,50,50,70,0,0,0
1651,713,Bone Smasher I,switch-axe,Bone Axe III,N/A,3,490,0,N/A,False,N/A,N/A,N/A,N/A,N/A,0,0,0,N/A,power,N/A,N/A,N/A,N/A,N/A,N/A,Bone Smasher I,switch-axe,Upgrade,Monster Bone L,1,Monster Bone M,5.0,Boulder Bone,2.0,N/A,N/A,switch-axe,False,120,70,30,80,0,0,0
1652,714,Bone Smasher II,switch-axe,Bone Smasher I,N/A,4,525,0,N/A,False,N/A,N/A,N/A,N/A,N/A,0,0,0,N/A,power,N/A,N/A,N/A,N/A,N/A,N/A,Bone Smasher II,switch-axe,Upgrade,Monster Bone+,2,Monster Bone L,1.0,Sturdy Bone,4.0,N/A,N/A,switch-axe,False,110,70,30,90,0,0,0
1653,715,Bone Smasher III,switch-axe,Bone Smasher II,N/A,5,560,0,N/A,False,N/A,N/A,N/A,N/A,N/A,2,0,0,N/A,power,N/A,N/A,N/A,N/A,N/A,N/A,Bone Smasher III,switch-axe,Upgrade,Monster Keenbone,2,Monster Bone+,2.0,Quality Bone,2.0,N/A,N/A,switch-axe,False,140,70,30,100,10,0,0
1654,716,Power Smasher I,switch-axe,Bone Smasher III,N/A,6,595,0,10.0,False,N/A,N/A,N/A,N/A,average,2,0,0,N/A,dragon,300.0,N/A,N/A,N/A,N/A,N/A,Power Smasher I,switch-axe,Upgrade,Monster Hardbone,4,Monster Keenbone,6.0,Quality Bone,10.0,N/A,N/A,switch-axe,False,100,100,40,40,70,0,0
1655,717,Power Smasher II,switch-axe,Power Smasher I,N/A,6,665,10,10.0,False,N/A,N/A,N/A,N/A,average,3,0,0,N/A,dragon,420.0,N/A,N/A,N/A,N/A,N/A,Power Smasher II,switch-axe,Upgrade,Elder Dragon Bone,4,Monster Hardbone,6.0,Quality Bone,20.0,Dragonbone Relic,1.0,switch-axe,False,100,120,40,50,90,0,0
1656,2691,Mighty Gear I,switch-axe,Power Smasher II,N/A,9,805,10,35.0,False,N/A,N/A,N/A,N/A,average,3,0,0,N/A,dragon,480.0,N/A,N/A,N/A,N/A,N/A,Mighty Gear I,switch-axe,Create,Thick Bone,6,Quality Bone,8.0,Monster Toughbone,4.0,Dragonbone Artifact,1.0,switch-axe,False,100,100,40,50,60,50,0
1657,2691,Mighty Gear I,switch-axe,Power Smasher II,N/A,9,805,10,35.0,False,N/A,N/A,N/A,N/A,average,3,0,0,N/A,dragon,480.0,N/A,N/A,N/A,N/A,N/A,Mighty Gear I,switch-axe,Upgrade,Thick Bone,2,Quality Bone,4.0,Monster Hardbone,4.0,Frozen Bone,1.0,switch-axe,False,100,100,40,50,60,50,0
1658,2692,Mighty Gear II,switch-axe,Mighty Gear I,N/A,10,875,10,35.0,False,N/A,N/A,N/A,N/A,average,3,0,0,N/A,dragon,510.0,N/A,N/A,N/A,N/A,N/A,Mighty Gear II,switch-axe,Upgrade,Monster Solidbone,2,Monster Slogbone,3.0,Thick Bone,4.0,Monster Essence,2.0,switch-axe,False,90,100,40,50,70,50,0
1659,2693,Mighty Gear III,switch-axe,Mighty Gear II,N/A,11,945,10,35.0,False,N/A,N/A,N/A,N/A,average,3,0,0,N/A,dragon,510.0,N/A,N/A,N/A,N/A,N/A,Mighty Gear III,switch-axe,Upgrade,Large Elder Dragon Bone,3,Monster Solidbone,4.0,Thick Bone,6.0,Dragonbone Artifact,1.0,switch-axe,False,80,100,40,50,80,50,0
1660,2694,Icerood,switch-axe,Mighty Gear II,N/A,11,910,0,N/A,False,Ice,270.0,N/A,N/A,N/A,4,0,0,N/A,power,N/A,N/A,N/A,N/A,N/A,N/A,Icerood,switch-axe,Upgrade,Crystal Shard,4,Velkhana Hardclaw,2.0,Velkhana Lash,2.0,Purecrystal,1.0,switch-axe,False,150,30,30,60,50,30,50
1661,2695,Wicked Niddoq,switch-axe,Icerood,N/A,12,945,0,N/A,False,Ice,300.0,N/A,N/A,N/A,4,0,0,N/A,power,N/A,N/A,N/A,N/A,N/A,N/A,Wicked Niddoq,switch-axe,Upgrade,Shara Ishvalda Tenderclaw,3,Velkhana Crownhorn,4.0,Velkhana Hardclaw,4.0,Velkhana Crystal,1.0,switch-axe,False,140,30,30,60,50,40,50
1662,718,Hazak Demios I,switch-axe,Power Smasher I,N/A,7,665,0,N/A,False,Dragon,180.0,N/A,N/A,average,2,0,0,N/A,power element,N/A,N/A,N/A,N/A,N/A,N/A,Hazak Demios I,switch-axe,Upgrade,Vaal Hazak Talon,4,Vaal Hazak Fang+,5.0,Deceased Scale,6.0,Vaal Hazak Membrane,4.0,switch-axe,False,140,110,40,40,50,20,0
1663,719,Hazak Demios II,switch-axe,Hazak Demios I,N/A,7,700,0,N/A,False,Dragon,210.0,N/A,N/A,average,2,0,0,N/A,power element,N/A,N/A,N/A,N/A,N/A,N/A,Hazak Demios II,switch-axe,Upgrade,Xeno'jiiva Veil,3,Vaal Hazak Talon,6.0,Vaal Hazak Tail,2.0,Vaal Hazak Gem,1.0,switch-axe,False,200,70,20,20,50,40,0
1664,2696,Deathedge Vaal Demios,switch-axe,Hazak Demios II,N/A,11,875,0,N/A,False,Dragon,510.0,N/A,N/A,average,2,2,0,N/A,power element,N/A,N/A,N/A,N/A,N/A,N/A,Deathedge Vaal Demios,switch-axe,Upgrade,Vaal Hazak Hardclaw,3,Shadowpierce Fang,2.0,Deceased Shard,5.0,Deathweaver Membrane,3.0,switch-axe,False,80,80,30,30,80,100,0
1665,2697,Acid Smasher I,switch-axe,Hazak Demios II,N/A,10,945,0,N/A,True,Paralysis,360.0,N/A,N/A,N/A,4,0,0,N/A,power,N/A,N/A,N/A,N/A,N/A,N/A,Acid Smasher I,switch-axe,Upgrade,Acidic Glavenus Hardfang,2,Acidic Glavenus Spineshell,2.0,Acidic Glavenus Tailedge,2.0,Honed Acidcryst,4.0,switch-axe,False,160,100,30,30,50,30,0
1666,2698,Acid Smasher II,switch-axe,Acid Smasher I,N/A,11,1015,0,N/A,True,Paralysis,390.0,N/A,N/A,N/A,4,0,0,N/A,power,N/A,N/A,N/A,N/A,N/A,N/A,Acid Smasher II,switch-axe,Upgrade,Vaal Hazak Hardclaw,2,Acidic Glavenus Hardfang,4.0,Acidic Glavenus Spineshell,3.0,Glavenus Mantle,1.0,switch-axe,False,60,50,110,90,60,20,10
1667,720,Madness Axe I,switch-axe,Bone Axe II,N/A,2,385,0,N/A,False,Water,150.0,N/A,N/A,N/A,0,0,0,N/A,power element,N/A,N/A,N/A,N/A,N/A,N/A,Madness Axe I,switch-axe,Upgrade,Jyuratodus Fin,1,Jyuratodus Shell,1.0,Jyuratodus Scale,3.0,Aqua Sac,1.0,switch-axe,False,80,50,50,70,0,0,0
1668,721,Madness Axe II,switch-axe,Madness Axe I,N/A,3,420,0,N/A,False,Water,180.0,N/A,N/A,N/A,0,0,0,N/A,power element,N/A,N/A,N/A,N/A,N/A,N/A,Madness Axe II,switch-axe,Upgrade,Great Girros Hide,2,Jyuratodus Fin,3.0,Jyuratodus Shell,3.0,Gajau Skin,3.0,switch-axe,False,120,70,30,80,0,0,0
1669,722,Madness Axe III,switch-axe,Madness Axe II,N/A,4,490,0,N/A,False,Water,210.0,N/A,N/A,N/A,0,0,0,N/A,power element,N/A,N/A,N/A,N/A,N/A,N/A,Madness Axe III,switch-axe,Upgrade,Monster Bone+,2,Jyuratodus Fang,4.0,Jyuratodus Shell,3.0,Gajau Whisker,3.0,switch-axe,False,110,70,30,90,0,0,0
1670,723,Jyura Drought I,switch-axe,Madness Axe III,N/A,5,560,0,N/A,False,Water,240.0,N/A,N/A,N/A,1,0,0,N/A,power element,N/A,N/A,N/A,N/A,N/A,N/A,Jyura Drought I,switch-axe,Create,Jyuratodus Fin+,3,Jyuratodus Carapace,4.0,Jyuratodus Scale+,5.0,Carbalite Ore,5.0,switch-axe,False,110,60,80,80,20,0,0
1671,723,Jyura Drought I,switch-axe,Madness Axe III,N/A,5,560,0,N/A,False,Water,240.0,N/A,N/A,N/A,1,0,0,N/A,power element,N/A,N/A,N/A,N/A,N/A,N/A,Jyura Drought I,switch-axe,Upgrade,Jyuratodus Fin+,2,Jyuratodus Carapace,2.0,Jyuratodus Scale+,3.0,Gajau Scale,5.0,switch-axe,False,110,60,80,80,20,0,0
1672,724,Jyura Drought II,switch-axe,Jyura Drought I,N/A,6,630,0,N/A,False,Water,270.0,N/A,N/A,N/A,1,0,0,N/A,power element,N/A,N/A,N/A,N/A,N/A,N/A,Jyura Drought II,switch-axe,Upgrade,Monster Hardbone,3,Jyuratodus Fin+,4.0,Torrent Sac,3.0,Grand Gajau Whisker,3.0,switch-axe,False,110,100,40,40,60,0,0
1673,725,Jyura Drought III,switch-axe,Jyura Drought II,N/A,7,665,0,N/A,False,Water,300.0,N/A,N/A,N/A,1,0,0,N/A,power element,N/A,N/A,N/A,N/A,N/A,N/A,Jyura Drought III,switch-axe,Upgrade,Elder Dragon Bone,2,Jyuratodus Fin+,6.0,Jyuratodus Fang+,5.0,Wyvern Gem,1.0,switch-axe,False,140,110,40,40,50,20,0
1674,2699,Jyura Cataclysm I,switch-axe,Jyura Drought III,N/A,9,805,0,N/A,False,Water,360.0,N/A,N/A,N/A,3,1,0,N/A,power element,N/A,N/A,N/A,N/A,N/A,N/A,Jyura Cataclysm I,switch-axe,Upgrade,Jyuratodus Grandfin,1,Jyuratodus Hardfang,1.0,Jyuratodus Shard,3.0,Gajau Thickhide,2.0,switch-axe,False,130,100,30,30,80,30,0
1675,2700,Jyura Cataclysm II,switch-axe,Jyura Cataclysm I,N/A,10,910,0,N/A,False,Water,420.0,N/A,N/A,N/A,3,1,0,N/A,power element,N/A,N/A,N/A,N/A,N/A,N/A,Jyura Cataclysm II,switch-axe,Upgrade,Monster Slogbone,2,Jyuratodus Grandfin,2.0,Flood Sac,2.0,Steel Gajau Whisker,1.0,switch-axe,False,100,100,40,50,60,50,0
1676,2701,Mammoth Halberd I,switch-axe,Jyura Drought III,N/A,9,875,0,N/A,True,Ice,360.0,N/A,N/A,N/A,4,0,0,N/A,power,N/A,N/A,N/A,N/A,N/A,N/A,Mammoth Halberd I,switch-axe,Upgrade,Banbaro Great Horn,1,Banbaro Cortex,2.0,Banbaro Chine,2.0,Monster Toughbone,3.0,switch-axe,False,90,50,50,80,130,0,0
1677,2702,Mammoth Halberd II,switch-axe,Mammoth Halberd I,N/A,10,980,0,N/A,True,Ice,450.0,N/A,N/A,N/A,4,0,0,N/A,power,N/A,N/A,N/A,N/A,N/A,N/A,Mammoth Halberd II,switch-axe,Upgrade,Monster Solidbone,3,Banbaro Great Horn,3.0,Banbaro Lash,2.0,Dragonbone Artifact,1.0,switch-axe,False,90,50,50,80,130,0,0
1678,726,Lumu Axe I,switch-axe,Madness Axe I,N/A,3,420,10,N/A,False,N/A,N/A,N/A,N/A,N/A,0,0,0,N/A,power,N/A,N/A,N/A,N/A,N/A,N/A,Lumu Axe I,switch-axe,Upgrade,Paolumu Shell,1,Paolumu Scale,3.0,Paolumu Pelt,2.0,N/A,N/A,switch-axe,False,120,70,30,80,0,0,0
1679,727,Lumu Axe II,switch-axe,Lumu Axe I,N/A,4,490,10,N/A,False,N/A,N/A,N/A,N/A,N/A,0,0,0,N/A,power,N/A,N/A,N/A,N/A,N/A,N/A,Lumu Axe II,switch-axe,Upgrade,Diablos Shell,3,Paolumu Shell,3.0,Paolumu Webbing,2.0,Shamos Scale,5.0,switch-axe,False,100,70,30,100,0,0,0
1680,728,Lumu Smasher I,switch-axe,Lumu Axe II,N/A,5,525,20,N/A,True,Blast,360.0,N/A,N/A,N/A,1,0,0,N/A,power,N/A,N/A,N/A,N/A,N/A,N/A,Lumu Smasher I,switch-axe,Upgrade,Paolumu Carapace+,3,Paolumu Scale+,5.0,Paolumu Pelt+,4.0,Shamos Scale+,5.0,switch-axe,False,130,70,30,100,20,0,0
1681,729,Lumu Smasher II,switch-axe,Lumu Smasher I,N/A,6,560,20,N/A,True,Blast,390.0,N/A,N/A,N/A,2,0,0,N/A,power,N/A,N/A,N/A,N/A,N/A,N/A,Lumu Smasher II,switch-axe,Upgrade,Blos Medulla,2,Paolumu Carapace+,4.0,Paolumu Wing,3.0,Novacrystal,1.0,switch-axe,False,90,100,40,40,80,0,0
1682,730,Lumu Smasher III,switch-axe,Lumu Smasher II,N/A,7,595,20,N/A,True,Blast,420.0,N/A,N/A,N/A,3,0,0,N/A,power,N/A,N/A,N/A,N/A,N/A,N/A,Lumu Smasher III,switch-axe,Upgrade,Elder Dragon Bone,3,Paolumu Carapace+,5.0,Paolumu Scale+,7.0,Wyvern Gem,1.0,switch-axe,False,140,100,30,30,70,30,0
1683,2703,Mechanical Lumu I,switch-axe,Lumu Smasher III,N/A,9,805,20,N/A,True,Blast,480.0,N/A,N/A,N/A,3,1,0,N/A,power,N/A,N/A,N/A,N/A,N/A,N/A,Mechanical Lumu I,switch-axe,Create,Paolumu Fellwing,3,Paolumu Cortex,2.0,Paolumu Thickfur,5.0,Fey Wyvern Gem,1.0,switch-axe,False,90,100,40,50,70,50,0
1684,2703,Mechanical Lumu I,switch-axe,Lumu Smasher III,N/A,9,805,20,N/A,True,Blast,480.0,N/A,N/A,N/A,3,1,0,N/A,power,N/A,N/A,N/A,N/A,N/A,N/A,Mechanical Lumu I,switch-axe,Upgrade,Paolumu Fellwing,1,Paolumu Cortex,1.0,Paolumu Thickfur,3.0,Shamos Shard,2.0,switch-axe,False,90,100,40,50,70,50,0
1685,2704,Mechanical Lumu II,switch-axe,Mechanical Lumu I,N/A,10,875,20,N/A,True,Blast,540.0,N/A,N/A,N/A,3,1,0,N/A,power,N/A,N/A,N/A,N/A,N/A,N/A,Mechanical Lumu II,switch-axe,Upgrade,Rimed Hide,2,Paolumu Shard,3.0,Paolumu Cortex,2.0,Meldspar Ore,5.0,switch-axe,False,150,30,30,60,50,50,30
1686,2705,Nyx Smasher I,switch-axe,Mechanical Lumu I,N/A,9,770,0,N/A,False,Sleep,360.0,N/A,N/A,N/A,2,0,0,N/A,power,N/A,N/A,N/A,N/A,N/A,N/A,Nyx Smasher I,switch-axe,Upgrade,Nightshade Paolumu Thickfur,3,Paolumu Cortex,2.0,Nightshade Paolumu Fellwing,2.0,Torpor Sac,1.0,switch-axe,False,80,30,30,110,40,110,0
1687,2706,Nyx Smasher II,switch-axe,Nyx Smasher I,N/A,10,840,0,N/A,False,Sleep,450.0,N/A,N/A,N/A,2,0,0,N/A,power,N/A,N/A,N/A,N/A,N/A,N/A,Nyx Smasher II,switch-axe,Upgrade,Black Diablos Chine,2,Nightshade Paolumu Shard,5.0,Nightshade Paolumu Fellwing,3.0,Large Wyvern Gem,1.0,switch-axe,False,80,30,30,110,40,110,0
1688,2707,Glavenus Smasher I,switch-axe,Mechanical Lumu I,N/A,10,805,0,N/A,False,Fire,330.0,N/A,N/A,N/A,1,0,0,N/A,power,N/A,N/A,N/A,N/A,N/A,N/A,Glavenus Smasher I,switch-axe,Upgrade,Glavenus Hardfang,2,Glavenus Shard,4.0,Molten Bursa,2.0,Eltalite Ore,6.0,switch-axe,False,110,30,30,110,40,80,0
1689,2708,Glavenus Smasher II,switch-axe,Glavenus Smasher I,N/A,10,875,0,N/A,False,Fire,420.0,N/A,N/A,N/A,1,1,0,N/A,power,N/A,N/A,N/A,N/A,N/A,N/A,Glavenus Smasher II,switch-axe,Upgrade,Ebony Odogaron Hardfang,2,Glavenus Hellshell,3.0,Glavenus Tailedge,2.0,Glavenus Mantle,1.0,switch-axe,False,130,30,30,60,50,70,30
1690,731,Carapace Axe I,switch-axe,Bone Axe II,N/A,2,420,-20,10.0,False,N/A,N/A,N/A,N/A,N/A,0,0,0,N/A,paralysis,180.0,N/A,N/A,N/A,N/A,N/A,Carapace Axe I,switch-axe,Upgrade,Barroth Claw,1,Barroth Shell,3.0,Barroth Ridge,2.0,N/A,N/A,switch-axe,False,90,50,50,60,0,0,0
1691,732,Carapace Axe II,switch-axe,Carapace Axe I,N/A,3,490,-20,10.0,False,N/A,N/A,N/A,N/A,N/A,0,0,0,N/A,paralysis,180.0,N/A,N/A,N/A,N/A,N/A,Carapace Axe II,switch-axe,Upgrade,Dragonite Ore,3,Barroth Claw,2.0,Barroth Tail,1.0,Kestodon Shell,3.0,switch-axe,False,110,70,30,90,0,0,0
1692,733,Carapace Axe III,switch-axe,Carapace Axe II,N/A,4,560,-20,10.0,False,N/A,N/A,N/A,N/A,N/A,0,0,0,N/A,paralysis,180.0,N/A,N/A,N/A,N/A,N/A,Carapace Axe III,switch-axe,Upgrade,Diablos Shell,3,Barroth Claw,4.0,Barroth Scalp,2.0,Monster Bone+,3.0,switch-axe,False,90,70,30,110,0,0,0
1693,734,Barroth Grinder I,switch-axe,Carapace Axe III,N/A,5,595,-20,15.0,True,Paralysis,240.0,N/A,N/A,N/A,1,0,0,N/A,paralysis,210.0,N/A,N/A,N/A,N/A,N/A,Barroth Grinder I,switch-axe,Upgrade,Barroth Claw+,2,Barroth Carapace,3.0,Barroth Ridge+,2.0,Kestodon Carapace,5.0,switch-axe,False,130,70,30,100,20,0,0
1694,735,Barroth Grinder II,switch-axe,Barroth Grinder I,N/A,6,665,-20,15.0,True,Paralysis,270.0,N/A,N/A,N/A,1,1,0,N/A,paralysis,240.0,N/A,N/A,N/A,N/A,N/A,Barroth Grinder II,switch-axe,Upgrade,Diablos Carapace,3,Barroth Claw+,4.0,Barroth Carapace,3.0,Gastodon Carapace,5.0,switch-axe,False,120,70,30,100,30,0,0
1695,736,Barroth Grinder III,switch-axe,Barroth Grinder II,N/A,6,735,-20,15.0,True,Paralysis,300.0,N/A,N/A,N/A,2,1,0,N/A,paralysis,270.0,N/A,N/A,N/A,N/A,N/A,Barroth Grinder III,switch-axe,Upgrade,Nergigante Horn+,1,Barroth Claw+,5.0,Barroth Ridge+,5.0,Wyvern Gem,1.0,switch-axe,False,120,70,30,100,80,0,0
1696,2709,Barroth Dozer I,switch-axe,Barroth Grinder III,N/A,9,840,-20,25.0,True,Paralysis,330.0,N/A,N/A,N/A,2,2,0,N/A,paralysis,300.0,N/A,N/A,N/A,N/A,N/A,Barroth Dozer I,switch-axe,Create,Barroth Hardclaw,2,Barroth Crown,2.0,Barroth Chine,4.0,Large Wyvern Gem,1.0,switch-axe,False,130,100,30,30,80,30,0
1697,2709,Barroth Dozer I,switch-axe,Barroth Grinder III,N/A,9,840,-20,25.0,True,Paralysis,330.0,N/A,N/A,N/A,2,2,0,N/A,paralysis,300.0,N/A,N/A,N/A,N/A,N/A,Barroth Dozer I,switch-axe,Upgrade,Barroth Hardclaw,1,Barroth Cortex,2.0,Barroth Chine,2.0,Kestodon Husk,2.0,switch-axe,False,130,100,30,30,80,30,0
1698,2710,Barroth Dozer II,switch-axe,Barroth Dozer I,N/A,10,945,-20,25.0,True,Paralysis,360.0,N/A,N/A,N/A,2,2,0,N/A,paralysis,330.0,N/A,N/A,N/A,N/A,N/A,Barroth Dozer II,switch-axe,Upgrade,Diablos Cortex,2,Barroth Hardclaw,2.0,Barroth Crown,1.0,Monster Slogbone,3.0,switch-axe,False,70,60,60,100,80,30,0
1699,2711,Dios Smasher I,switch-axe,Barroth Dozer I,N/A,10,840,0,N/A,False,Blast,360.0,N/A,N/A,N/A,0,0,0,N/A,power,N/A,N/A,N/A,N/A,N/A,N/A,Dios Smasher I,switch-axe,Upgrade,Brachydios Crown,2,Brachydios Cortex,4.0,Glowing Slime,3.0,Meldspar Ore,3.0,switch-axe,False,90,100,40,50,70,50,0
1700,2712,Dios Smasher II,switch-axe,Dios Smasher I,N/A,10,875,0,N/A,False,Blast,480.0,N/A,N/A,N/A,1,0,0,N/A,power,N/A,N/A,N/A,N/A,N/A,N/A,Dios Smasher II,switch-axe,Upgrade,Azure Rathalos Fellwing,2,Brachydios Pounder+,3.0,Brachydios Lash,2.0,Glowing Slime,5.0,switch-axe,False,100,30,30,110,40,90,0
1701,737,Diablos Axe I,switch-axe,Carapace Axe II,N/A,4,595,-30,10.0,False,N/A,N/A,N/A,N/A,N/A,0,0,0,N/A,power,N/A,N/A,N/A,N/A,N/A,N/A,Diablos Axe I,switch-axe,Upgrade,Twisted Horn,1,Diablos Fang,2.0,Diablos Shell,4.0,Monster Bone+,3.0,switch-axe,False,100,70,30,100,0,0,0
1702,738,Diablos Axe II,switch-axe,Diablos Axe I,N/A,5,630,-30,10.0,True,Ice,90.0,N/A,N/A,N/A,1,0,0,N/A,power,N/A,N/A,N/A,N/A,N/A,N/A,Diablos Axe II,switch-axe,Upgrade,Monster Keenbone,4,Diablos Ridge,4.0,Diablos Tailcase,2.0,Diablos Marrow,1.0,switch-axe,False,140,70,30,100,10,0,0
1703,739,Axe Semper Tyrannis,switch-axe,Diablos Axe II,N/A,6,735,-30,15.0,True,Ice,120.0,N/A,N/A,N/A,1,0,0,N/A,power,N/A,N/A,N/A,N/A,N/A,N/A,Axe Semper Tyrannis,switch-axe,Upgrade,Majestic Horn,3,Diablos Carapace,6.0,Diablos Ridge+,5.0,Blos Medulla,1.0,switch-axe,False,110,50,50,80,60,0,0
1704,740,Axe of Thanatos,switch-axe,Axe Semper Tyrannis,N/A,7,770,-30,15.0,True,Ice,150.0,N/A,N/A,N/A,1,0,0,N/A,power,N/A,N/A,N/A,N/A,N/A,N/A,Axe of Thanatos,switch-axe,Upgrade,Black Spiral Horn+,1,Black Diablos Ridge+,2.0,Black Diablos Carapace,4.0,Wyvern Gem,1.0,switch-axe,False,140,110,40,40,50,20,0
1705,741,Axe of Demons,switch-axe,Axe of Thanatos,N/A,8,805,-30,15.0,True,Ice,180.0,N/A,N/A,N/A,1,0,0,N/A,power,N/A,N/A,N/A,N/A,N/A,N/A,Axe of Demons,switch-axe,Upgrade,Xeno'jiiva Tail,2,Black Spiral Horn+,3.0,Black Diablos Carapace,6.0,Dragonbone Relic,2.0,switch-axe,False,90,50,60,120,60,20,0
1706,2713,Axe of Demons+,switch-axe,Axe of Demons,N/A,10,910,-30,35.0,True,Ice,240.0,N/A,N/A,N/A,2,0,0,N/A,power,N/A,N/A,N/A,N/A,N/A,N/A,Axe of Demons+,switch-axe,Upgrade,Twisted Stouthorn,3,Diablos Cortex,6.0,Diablos Chine,5.0,Monster Slogbone,3.0,switch-axe,False,100,100,40,50,60,50,0
1707,2714,Axe of Hades,switch-axe,Axe of Demons+,N/A,10,1015,-30,35.0,True,Ice,270.0,N/A,N/A,N/A,2,0,0,N/A,power,N/A,N/A,N/A,N/A,N/A,N/A,Axe of Hades,switch-axe,Upgrade,Blackcurl Stouthorn,3,Black Diablos Cortex,3.0,Monster Solidbone,3.0,Large Wyvern Gem,1.0,switch-axe,False,70,50,90,70,70,40,10
1708,742,Flammenbeil,switch-axe,Carapace Axe I,N/A,3,455,-20,N/A,False,Fire,180.0,N/A,N/A,N/A,0,0,0,N/A,power element,N/A,N/A,N/A,N/A,N/A,N/A,Flammenbeil,switch-axe,Upgrade,Anjanath Fang,3,Anjanath Scale,3.0,Anjanath Pelt,2.0,Flame Sac,2.0,switch-axe,False,120,70,30,80,0,0,0
1709,743,Flammenbeil+,switch-axe,Flammenbeil,N/A,5,560,-20,N/A,False,Fire,240.0,N/A,N/A,N/A,0,0,0,N/A,power element,N/A,N/A,N/A,N/A,N/A,N/A,Flammenbeil+,switch-axe,Upgrade,Anjanath Fang+,4,Anjanath Scale+,5.0,Inferno Sac,3.0,Anjanath Plate,1.0,switch-axe,False,110,100,40,40,60,0,0
1710,744,Gnashing Flammenbeil,switch-axe,Flammenbeil+,N/A,7,735,-20,N/A,False,Fire,300.0,N/A,N/A,N/A,0,0,0,N/A,power element,N/A,N/A,N/A,N/A,N/A,N/A,Gnashing Flammenbeil,switch-axe,Upgrade,Vaal Hazak Fang+,5,Anjanath Pelt+,4.0,Anjanath Nosebone+,2.0,Anjanath Gem,1.0,switch-axe,False,110,120,40,50,80,0,0
1711,2715,Gnashing Flammenbeil+,switch-axe,Gnashing Flammenbeil,N/A,9,805,-20,N/A,False,Fire,540.0,N/A,N/A,N/A,0,0,0,N/A,power element,N/A,N/A,N/A,N/A,N/A,N/A,Gnashing Flammenbeil+,switch-axe,Create,Anjanath Hardfang,2,Anjanath Lash,2.0,Anjanath Shard,6.0,Anjanath Mantle,1.0,switch-axe,False,80,100,40,50,80,50,0
1712,2715,Gnashing Flammenbeil+,switch-axe,Gnashing Flammenbeil,N/A,9,805,-20,N/A,False,Fire,540.0,N/A,N/A,N/A,0,0,0,N/A,power element,N/A,N/A,N/A,N/A,N/A,N/A,Gnashing Flammenbeil+,switch-axe,Upgrade,Anjanath Hardfang,1,Anjanath Shard,2.0,Conflagrant Sac,1.0,Eltalite Ore,3.0,switch-axe,False,80,100,40,50,80,50,0
1713,2716,Lohenbeil,switch-axe,Gnashing Flammenbeil+,N/A,10,945,-20,N/A,False,Fire,600.0,N/A,N/A,N/A,0,0,0,N/A,power element,N/A,N/A,N/A,N/A,N/A,N/A,Lohenbeil,switch-axe,Upgrade,Azure Rathalos Cortex,2,Anjanath Fur,3.0,Heavy Anjanath Nosebone,2.0,Anjanath Lash,1.0,switch-axe,False,80,100,40,50,80,50,0
1714,2717,Donnerbeil,switch-axe,Gnashing Flammenbeil+,N/A,10,840,10,N/A,False,Thunder,210.0,N/A,N/A,N/A,0,0,0,N/A,power,N/A,N/A,N/A,N/A,N/A,N/A,Donnerbeil,switch-axe,Upgrade,Fulgur Anjanath Hardfang,1,Fulgur Anjanath Shard,2.0,Monster Solidbone,3.0,Meldspar Ore,2.0,switch-axe,False,80,100,40,50,80,50,0
1715,2718,Donnerbeil+,switch-axe,Donnerbeil,N/A,10,875,15,N/A,False,Thunder,240.0,N/A,N/A,N/A,0,0,0,N/A,power,N/A,N/A,N/A,N/A,N/A,N/A,Donnerbeil+,switch-axe,Upgrade,Fulgur Anjanath Thickfur,3,Heavy Fulgur Anjanath Nosebone,2.0,Fulgur Anjanath Lash,1.0,Lightning Sac,3.0,switch-axe,False,80,100,40,50,80,50,0
1716,2719,Fulguration's Bite,switch-axe,Donnerbeil+,N/A,11,910,20,N/A,False,Thunder,270.0,N/A,N/A,N/A,0,0,0,N/A,power,N/A,N/A,N/A,N/A,N/A,N/A,Fulguration's Bite,switch-axe,Upgrade,Kirin Silvermane,2,Fulgur Anjanath Hardfang,3.0,Fulgur Anjanath Thickfur,5.0,Fulgur Anjanath Mantle,1.0,switch-axe,False,80,100,40,50,80,50,0
1717,745,Dragonbone Slicer I,switch-axe,N/A,N/A,3,350,0,N/A,False,Dragon,210.0,N/A,N/A,low,0,0,0,N/A,power element,N/A,N/A,N/A,N/A,N/A,N/A,Dragonbone Slicer I,switch-axe,Create,Warped Bone,5,Coral Bone,5.0,Boulder Bone,5.0,Ancient Bone,5.0,switch-axe,False,110,70,30,90,0,0,0
1718,746,Dragonbone Slicer II,switch-axe,Dragonbone Slicer I,N/A,4,385,0,N/A,False,Dragon,270.0,N/A,N/A,low,0,0,0,N/A,power element,N/A,N/A,N/A,N/A,N/A,N/A,Dragonbone Slicer II,switch-axe,Upgrade,Monster Bone+,6,Monster Bone L,8.0,Sturdy Bone,8.0,N/A,N/A,switch-axe,False,70,70,30,130,0,0,0
1719,747,Dragonbone Slicer III,switch-axe,Dragonbone Slicer II,N/A,6,560,0,N/A,False,Dragon,330.0,N/A,N/A,low,1,1,0,N/A,power element,N/A,N/A,N/A,N/A,N/A,N/A,Dragonbone Slicer III,switch-axe,Upgrade,Elder Dragon Bone,10,Brutal Bone,4.0,Dragonbone Relic,2.0,Wyvern Gem,1.0,switch-axe,False,120,110,40,40,70,20,0
1720,2720,Dragonseal Axe I,switch-axe,Dragonbone Slicer III,N/A,10,735,0,N/A,False,Dragon,540.0,N/A,N/A,average,1,1,0,N/A,power element,N/A,N/A,N/A,N/A,N/A,N/A,Dragonseal Axe I,switch-axe,Upgrade,Monster Solidbone,3,Monster Slogbone,4.0,Thick Bone,6.0,Dragonbone Artifact,1.0,switch-axe,False,130,100,30,30,80,30,0
1721,2721,Dragonseal Axe II,switch-axe,Dragonseal Axe I,N/A,11,840,0,N/A,False,Dragon,600.0,N/A,N/A,average,1,1,0,N/A,power element,N/A,N/A,N/A,N/A,N/A,N/A,Dragonseal Axe II,switch-axe,Upgrade,Large Elder Dragon Bone,6,Monster Solidbone,4.0,Lavasioth Grandfin,2.0,Large Wyvern Gem,1.0,switch-axe,False,70,60,60,100,80,30,0
1722,2722,Evanescent Glow,switch-axe,Dragonseal Axe I,N/A,12,980,0,30.0,True,Dragon,510.0,N/A,N/A,high,1,1,0,N/A,power,N/A,N/A,N/A,N/A,N/A,N/A,Evanescent Glow,switch-axe,Upgrade,Shara Ishvalda Tenderclaw,4,Shara Ishvalda Tenderscale,6.0,Shara Ishvalda Tenderplate,2.0,Shara Ishvalda Gem,1.0,switch-axe,False,170,30,30,60,50,30,30
1723,748,Peal,switch-axe,Dragonbone Slicer I,N/A,4,385,0,N/A,False,Thunder,360.0,N/A,N/A,N/A,0,0,0,N/A,power element,N/A,N/A,N/A,N/A,N/A,N/A,Peal,switch-axe,Upgrade,Kirin Thunderhorn,3,Kirin Hide,3.0,Kirin Tail,1.0,Lightcrystal,1.0,switch-axe,False,60,50,80,110,0,0,0
1724,749,Peal+,switch-axe,Peal,N/A,7,490,0,N/A,False,Thunder,390.0,N/A,N/A,N/A,0,0,0,N/A,power element,N/A,N/A,N/A,N/A,N/A,N/A,Peal+,switch-axe,Upgrade,Kirin Azure Horn,4,Kirin Hide+,5.0,Kirin Mane,4.0,Dragonvein Crystal,5.0,switch-axe,False,110,20,20,150,100,0,0
1725,750,Kirin Thunderpeal,switch-axe,Peal+,N/A,8,560,0,N/A,False,Thunder,420.0,N/A,N/A,N/A,0,0,0,N/A,power element,N/A,N/A,N/A,N/A,N/A,N/A,Kirin Thunderpeal,switch-axe,Upgrade,Xeno'jiiva Shell,4,Kirin Azure Horn,6.0,Kirin Thundertail,3.0,Novacrystal,2.0,switch-axe,False,110,20,20,140,110,0,0
1726,2723,Archbeast Kirin,switch-axe,Kirin Thunderpeal,N/A,11,840,0,N/A,False,Thunder,540.0,N/A,N/A,N/A,0,0,0,N/A,power element,N/A,N/A,N/A,N/A,N/A,N/A,Archbeast Kirin,switch-axe,Upgrade,Kirin Azure Horn+,3,Kirin Finehide,4.0,Kirin Silvermane,3.0,Purecrystal,1.0,switch-axe,False,60,80,30,30,80,120,0
1727,2724,Hydra Strobila,switch-axe,Kirin Thunderpeal,N/A,11,910,15,N/A,False,Water,210.0,N/A,N/A,N/A,0,0,0,N/A,power,N/A,N/A,N/A,N/A,N/A,N/A,Hydra Strobila,switch-axe,Upgrade,Namielle Hardclaw,4,Namielle Finehide,5.0,Namielle Whisker,2.0,Purecrystal,1.0,switch-axe,False,70,80,30,30,80,110,0
1728,2725,Black Strobila,switch-axe,Hydra Strobila,N/A,12,980,15,N/A,False,Water,270.0,N/A,N/A,N/A,0,0,0,N/A,power,N/A,N/A,N/A,N/A,N/A,N/A,Black Strobila,switch-axe,Upgrade,Shara Ishvalda Tenderclaw,2,Namielle Whisker,4.0,Namielle Lash,2.0,Large Elder Dragon Gem,1.0,switch-axe,False,70,80,30,30,80,110,0
1729,751,Blacksteel Switch Axe I,switch-axe,N/A,N/A,5,350,15,N/A,False,Dragon,120.0,N/A,N/A,low,0,0,0,N/A,power,N/A,N/A,N/A,N/A,N/A,N/A,Blacksteel Switch Axe I,switch-axe,Create,Dragonvein Crystal,10,Earth Crystal,10.0,Coral Crystal,10.0,Lightcrystal,1.0,switch-axe,False,150,110,40,40,10,0,0
1730,752,Blacksteel Switch Axe II,switch-axe,Blacksteel Switch Axe I,N/A,6,385,15,N/A,False,Dragon,150.0,N/A,N/A,low,0,0,0,N/A,power,N/A,N/A,N/A,N/A,N/A,N/A,Blacksteel Switch Axe II,switch-axe,Upgrade,Firecell Stone,1,Fucium Ore,5.0,Carbalite Ore,10.0,Wyvern Gem,1.0,switch-axe,False,140,110,40,40,20,0,0
1731,753,Teostra's Arx,switch-axe,Blacksteel Switch Axe II,N/A,7,630,0,N/A,False,Blast,300.0,N/A,N/A,N/A,0,0,0,N/A,power,N/A,N/A,N/A,N/A,N/A,N/A,Teostra's Arx,switch-axe,Upgrade,Teostra Claw+,2,Teostra Mane,2.0,Teostra Carapace,5.0,Teostra Powder,4.0,switch-axe,False,110,60,80,80,50,20,0
1732,754,Teostra's Castle,switch-axe,Teostra's Arx,N/A,8,665,0,N/A,False,Blast,300.0,N/A,N/A,N/A,0,0,0,N/A,power,N/A,N/A,N/A,N/A,N/A,N/A,Teostra's Castle,switch-axe,Upgrade,Xeno'jiiva Soulscale,5,Teostra Horn+,5.0,Teostra Claw+,2.0,Teostra Gem,1.0,switch-axe,False,90,60,60,100,60,30,0
1733,2726,Teostra's Hellebarde,switch-axe,Teostra's Castle,N/A,11,910,10,N/A,False,Blast,360.0,N/A,N/A,N/A,0,0,0,N/A,power,N/A,N/A,N/A,N/A,N/A,N/A,Teostra's Hellebarde,switch-axe,Upgrade,Teostra Hardhorn,5,Fire Dragon Hardclaw,4.0,Teostra Mane+,4.0,Large Elder Dragon Gem,1.0,switch-axe,False,100,80,30,30,80,80,0
1734,755,Xeno Martshu,switch-axe,Blacksteel Switch Axe II,N/A,8,595,15,N/A,False,Dragon,150.0,N/A,N/A,low,3,3,0,N/A,power,N/A,N/A,N/A,N/A,N/A,N/A,Xeno Martshu,switch-axe,Upgrade,Xeno'jiiva Claw,4,Xeno'jiiva Shell,6.0,Xeno'jiiva Tail,2.0,Xeno'jiiva Gem,1.0,switch-axe,False,130,30,60,80,40,60,0
1735,1166,Tyrannos,switch-axe,N/A,N/A,6,700,-25,N/A,False,Dragon,120.0,N/A,N/A,high,0,0,0,N/A,power,N/A,N/A,N/A,N/A,N/A,N/A,Tyrannos,switch-axe,Create,Deviljho Scale,6,Deviljho Talon,2.0,Deviljho Tallfang,3.0,Deviljho Saliva,2.0,switch-axe,False,60,120,80,60,30,50,0
1736,1167,Terror Tyrannos,switch-axe,Tyrannos,N/A,7,770,-25,N/A,False,Dragon,180.0,N/A,N/A,high,0,0,0,N/A,power,N/A,N/A,N/A,N/A,N/A,N/A,Terror Tyrannos,switch-axe,Upgrade,Elder Dragon Blood,5,Deviljho Scalp,2.0,Deviljho Tallfang,5.0,Deviljho Gem,1.0,switch-axe,False,50,120,80,60,40,50,0
1737,2727,Saligia Vileaxe,switch-axe,Terror Tyrannos,N/A,12,980,-30,N/A,False,Dragon,330.0,N/A,N/A,high,0,0,0,N/A,power,N/A,N/A,N/A,N/A,N/A,N/A,Saligia Vileaxe,switch-axe,Upgrade,Vile Fang,3,Deviljho Ripper,2.0,Black Blood,3.0,Deviljho Crook,1.0,switch-axe,False,160,30,30,60,50,40,30
1738,1228,Empress Axe,switch-axe,N/A,N/A,7,630,0,N/A,False,Blast,150.0,N/A,N/A,N/A,2,1,0,N/A,power,N/A,N/A,N/A,N/A,N/A,N/A,Empress Axe,switch-axe,Create,Lunastra Scale+,4,Lunastra Horn,3.0,Lunastra Mane,3.0,Lunastra Gem,1.0,switch-axe,False,110,30,60,80,40,80,0
1739,1229,"Empress Axe ""Blaze""",switch-axe,Empress Axe,N/A,8,630,20,N/A,False,Blast,180.0,N/A,N/A,N/A,2,1,0,N/A,power,N/A,N/A,N/A,N/A,N/A,Guts,"Empress Axe ""Blaze""",switch-axe,Upgrade,Research Commission Ticket,1,Lunastra Horn,2.0,Teostra Horn+,3.0,Bazelgeuse Gem,1.0,switch-axe,False,110,30,60,80,40,80,0
1740,2728,"Soulfire Scourge ""Blaze""",switch-axe,"Empress Axe ""Blaze""",N/A,12,875,20,N/A,False,Blast,270.0,N/A,N/A,N/A,2,1,0,N/A,power,N/A,N/A,N/A,N/A,N/A,Guts,"Soulfire Scourge ""Blaze""",switch-axe,Upgrade,Lunastra Shard,4,Lunastra Hardhorn,4.0,Lunastra Mane+,4.0,Large Elder Dragon Gem,1.0,switch-axe,False,120,30,90,30,30,80,20
1741,1230,"Empress Axe ""Ruin""",switch-axe,Empress Axe,N/A,8,665,0,N/A,False,Blast,150.0,N/A,N/A,N/A,2,2,0,N/A,power,N/A,N/A,N/A,N/A,N/A,Hasten Recovery,"Empress Axe ""Ruin""",switch-axe,Upgrade,Research Commission Ticket,1,Lunastra Wing,3.0,Nergigante Horn+,3.0,Nergigante Gem,1.0,switch-axe,False,110,30,60,80,40,80,0
1742,2729,"Soulfire Scourge ""Ruin""",switch-axe,"Empress Axe ""Ruin""",N/A,12,945,0,N/A,False,Blast,210.0,N/A,N/A,N/A,2,2,0,N/A,power,N/A,N/A,N/A,N/A,N/A,Hasten Recovery,"Soulfire Scourge ""Ruin""",switch-axe,Upgrade,Lunastra Shard,4,Annihilating Greathorn,3.0,Eternal Regrowth Plate,3.0,Large Elder Dragon Gem,1.0,switch-axe,False,120,30,90,30,30,80,20
1743,1231,"Empress Axe ""Styx""",switch-axe,Empress Axe,N/A,8,630,10,N/A,False,Blast,240.0,N/A,N/A,N/A,3,3,0,N/A,power,N/A,N/A,N/A,N/A,N/A,Razor Sharp/Spare Shot,"Empress Axe ""Styx""",switch-axe,Upgrade,Research Commission Ticket,1,Lunastra Tail,2.0,Xeno'jiiva Horn,3.0,Xeno'jiiva Gem,1.0,switch-axe,False,110,30,60,80,40,80,0
1744,2730,"Soulfire Scourge ""Styx""",switch-axe,"Empress Axe ""Styx""",N/A,12,875,10,N/A,False,Blast,330.0,N/A,N/A,N/A,3,3,0,N/A,power,N/A,N/A,N/A,N/A,N/A,Razor Sharp/Spare Shot,"Soulfire Scourge ""Styx""",switch-axe,Upgrade,Lunastra Shard,4,Lunastra Lash,2.0,Elder Spiritvein Bone,5.0,Large Elder Dragon Gem,1.0,switch-axe,False,120,30,90,30,30,80,20
1745,3160,Undying Axe,switch-axe,N/A,N/A,11,1015,-15,N/A,False,Thunder,90.0,N/A,N/A,N/A,4,0,0,N/A,power,N/A,N/A,N/A,N/A,N/A,N/A,Undying Axe,switch-axe,Create,Rajang Hardhorn,1,Rajang Hardclaw,1.0,Rajang Hardfang,2.0,Rajang Wildpelt,2.0,switch-axe,False,110,100,40,50,50,50,0
1746,3161,Undying Light,switch-axe,Undying Axe,N/A,12,1085,-15,N/A,False,Thunder,120.0,N/A,N/A,N/A,4,0,0,N/A,power,N/A,N/A,N/A,N/A,N/A,N/A,Undying Light,switch-axe,Upgrade,Tempered Glimmerpelt,3,Rajang Hardhorn,3.0,Rajang Hardfang,7.0,Gold Rajang Pelt+,3.0,switch-axe,False,100,100,40,50,60,50,0
1747,3162,Demonlord Edge,switch-axe,N/A,N/A,12,1015,15,N/A,False,Thunder,300.0,N/A,N/A,N/A,0,0,0,N/A,power,N/A,N/A,N/A,N/A,N/A,N/A,Demonlord Edge,switch-axe,Create,Ghoulish Gold Gorer,3,Rajang Apoplexy,2.0,Gold Rajang Pelt+,5.0,Rajang Heart,1.0,switch-axe,False,120,20,20,70,40,30,100
1748,3163,Infernal Cleave-axe,switch-axe,N/A,N/A,11,875,0,N/A,False,Dragon,270.0,N/A,N/A,average,2,0,0,N/A,power,N/A,N/A,N/A,N/A,N/A,N/A,Infernal Cleave-axe,switch-axe,Create,Stygian Zinogre Hardhorn,1,Stygian Zinogre Hardclaw,1.0,Stygian Zinogre Dragonlocks,2.0,Stygian Zinogre Dragonhold,2.0,switch-axe,False,150,20,20,70,40,30,70
1749,3164,Infernal Cleave-axe+,switch-axe,Infernal Cleave-axe,N/A,12,945,0,N/A,False,Dragon,300.0,N/A,N/A,average,2,0,0,N/A,power,N/A,N/A,N/A,N/A,N/A,N/A,Infernal Cleave-axe+,switch-axe,Upgrade,Tempered Dragonhold,3,Stygian Zinogre Hardhorn,2.0,Stygian Zinogre Hardclaw,5.0,Stygian Zinogre Skymerald,1.0,switch-axe,False,130,20,20,70,40,30,90
1750,3165,Lightbreak Axe,switch-axe,N/A,N/A,12,1050,0,N/A,False,Blast,270.0,N/A,N/A,N/A,4,3,0,N/A,power,N/A,N/A,N/A,N/A,N/A,N/A,Lightbreak Axe,switch-axe,Create,Brach Obliterator,3,Brach Warhead,1.0,Indestructible Ebonshell,4.0,Immortal Reactor,1.0,switch-axe,True,150,30,90,30,30,50,20
1751,3210,Dark Switch Axe,switch-axe,N/A,N/A,11,875,0,N/A,False,Dragon,510.0,N/A,N/A,low,2,0,0,N/A,power element,N/A,N/A,N/A,N/A,N/A,N/A,Dark Switch Axe,switch-axe,Create,Alatreon Mantle,3,Skyswayer,1.0,Alatreon Riptalon,3.0,Large Elder Dragon Gem,1.0,switch-axe,False,120,20,20,70,40,30,100
1752,3211,Black Harvest,switch-axe,Dark Switch Axe,N/A,12,980,0,N/A,False,Dragon,660.0,N/A,N/A,low,2,2,0,N/A,power element,N/A,N/A,N/A,N/A,N/A,N/A,Black Harvest,switch-axe,Upgrade,Alatreon Direwing,1,Skyswayer,2.0,Alatreon Riptalon,2.0,Azure Dragonsphire,1.0,switch-axe,False,80,20,20,70,40,30,140
1753,3254,Fatalis End,switch-axe,N/A,N/A,11,1085,-40,N/A,False,Dragon,90.0,N/A,N/A,high,4,4,0,N/A,power,N/A,N/A,N/A,N/A,N/A,N/A,Fatalis End,switch-axe,Create,Fatalis Shard,3,Fatalis Pectus,1.0,Fatalis Hardhorn,1.0,Fatalis Evil Eye,1.0,switch-axe,False,150,20,20,70,40,30,70
1754,3255,True Fatalis End,switch-axe,Fatalis End,N/A,12,1225,-30,N/A,False,Dragon,150.0,N/A,N/A,high,4,4,0,N/A,power,N/A,N/A,N/A,N/A,N/A,N/A,True Fatalis End,switch-axe,Upgrade,Large Elder Dragon Gem,1,Fatalis Pectus,2.0,Fatalis Hardhorn,2.0,Fatalis Evil Eye,1.0,switch-axe,False,150,20,20,70,40,30,70
1755,2731,Guild Palace Cleaver,switch-axe,N/A,N/A,10,875,10,30.0,True,Water,420.0,N/A,N/A,N/A,3,0,0,N/A,power,N/A,N/A,N/A,N/A,N/A,N/A,Guild Palace Cleaver,switch-axe,Create,Fest Ticket,2,Amber Hardfang,2.0,Gracium,5.0,Purecrystal,1.0,switch-axe,False,150,30,30,60,50,50,30
1756,2732,Royal Titan Axe,switch-axe,Guild Palace Cleaver,N/A,12,945,15,30.0,True,Water,510.0,N/A,N/A,N/A,3,0,0,N/A,power,N/A,N/A,N/A,N/A,N/A,N/A,Royal Titan Axe,switch-axe,Upgrade,Hero King Coin,1,Namielle Hardclaw,3.0,Large Elder Dragon Bone,5.0,Pure Dragon Blood,3.0,switch-axe,False,140,30,30,60,50,40,50
1757,2733,Defender Shield I,charge-blade,N/A,N/A,1,468,0,N/A,False,Blast,150.0,N/A,N/A,N/A,0,0,0,N/A,impact,N/A,N/A,N/A,N/A,N/A,N/A,Defender Shield I,charge-blade,Create,Iron Ore,1,N/A,N/A,N/A,N/A,N/A,N/A,charge-blade,False,30,60,20,140,0,0,0
1758,2734,Defender Shield II,charge-blade,Defender Shield I,N/A,3,612,0,N/A,False,Blast,180.0,N/A,N/A,N/A,0,0,0,N/A,impact,N/A,N/A,N/A,N/A,N/A,N/A,Defender Shield II,charge-blade,Upgrade,Anjanath Scale,1,N/A,N/A,N/A,N/A,N/A,N/A,charge-blade,False,30,60,20,150,40,0,0
1759,2735,Defender Shield III,charge-blade,Defender Shield II,N/A,5,684,0,N/A,False,Blast,210.0,N/A,N/A,N/A,0,0,0,N/A,impact,N/A,N/A,N/A,N/A,N/A,N/A,Defender Shield III,charge-blade,Upgrade,Commendation,1,N/A,N/A,N/A,N/A,N/A,N/A,charge-blade,False,50,50,50,80,120,0,0
1760,2736,Defender Shield IV,charge-blade,Defender Shield III,N/A,6,756,0,N/A,False,Blast,240.0,N/A,N/A,N/A,0,0,0,N/A,impact,N/A,N/A,N/A,N/A,N/A,N/A,Defender Shield IV,charge-blade,Upgrade,Pink Rathian Scale+,1,N/A,N/A,N/A,N/A,N/A,N/A,charge-blade,False,30,50,50,80,140,0,0
1761,2737,Defender Shield V,charge-blade,Defender Shield IV,N/A,7,792,0,N/A,False,Blast,270.0,N/A,N/A,N/A,0,0,0,N/A,impact,N/A,N/A,N/A,N/A,N/A,N/A,Defender Shield V,charge-blade,Upgrade,Immortal Dragonscale,1,N/A,N/A,N/A,N/A,N/A,N/A,charge-blade,False,90,30,30,110,40,100,0
1762,756,Proto Commission Axe I,charge-blade,N/A,N/A,1,288,0,N/A,False,N/A,N/A,N/A,N/A,N/A,0,0,0,N/A,impact,N/A,N/A,N/A,N/A,N/A,N/A,Proto Commission Axe I,charge-blade,Create,Iron Ore,1,N/A,N/A,N/A,N/A,N/A,N/A,charge-blade,False,90,50,80,30,0,0,0
1763,757,Proto Commission Axe II,charge-blade,Proto Commission Axe I,N/A,1,324,0,N/A,False,N/A,N/A,N/A,N/A,N/A,0,0,0,N/A,impact,N/A,N/A,N/A,N/A,N/A,N/A,Proto Commission Axe II,charge-blade,Upgrade,Iron Ore,2,N/A,N/A,N/A,N/A,N/A,N/A,charge-blade,False,70,70,30,80,0,0,0
1764,758,Proto Commission Axe III,charge-blade,Proto Commission Axe II,N/A,2,360,0,N/A,False,N/A,N/A,N/A,N/A,N/A,0,0,0,N/A,impact,N/A,N/A,N/A,N/A,N/A,N/A,Proto Commission Axe III,charge-blade,Upgrade,Earth Crystal,2,Machalite Ore,2.0,Iron Ore,5.0,N/A,N/A,charge-blade,False,50,70,30,100,0,0,0
1765,759,Elite Commission Axe I,charge-blade,Proto Commission Axe III,N/A,3,396,0,N/A,False,N/A,N/A,N/A,N/A,N/A,0,0,0,N/A,impact,N/A,N/A,N/A,N/A,N/A,N/A,Elite Commission Axe I,charge-blade,Upgrade,Dragonite Ore,2,Machalite Ore,5.0,Monster Bone M,2.0,N/A,N/A,charge-blade,False,70,50,80,100,0,0,0
1766,760,Elite Commission Axe II,charge-blade,Elite Commission Axe I,N/A,4,468,0,N/A,False,N/A,N/A,N/A,N/A,N/A,0,0,0,N/A,impact,N/A,N/A,N/A,N/A,N/A,N/A,Elite Commission Axe II,charge-blade,Upgrade,Monster Bone+,2,Dragonite Ore,5.0,Coral Crystal,2.0,Machalite Ore,10.0,charge-blade,False,50,50,80,120,0,0,0
1767,761,Elite Commission Axe III,charge-blade,Elite Commission Axe II,N/A,5,504,0,N/A,True,Thunder,120.0,N/A,N/A,N/A,1,0,0,N/A,impact,N/A,N/A,N/A,N/A,N/A,N/A,Elite Commission Axe III,charge-blade,Upgrade,Carbalite Ore,8,Dragonite Ore,5.0,Dragonvein Crystal,2.0,N/A,N/A,charge-blade,False,100,50,50,80,70,0,0
1768,762,Chrome Guardian I,charge-blade,Elite Commission Axe III,N/A,6,576,0,N/A,True,Thunder,150.0,N/A,N/A,N/A,1,0,0,N/A,impact,N/A,N/A,N/A,N/A,N/A,N/A,Chrome Guardian I,charge-blade,Upgrade,Fucium Ore,8,Carbalite Ore,5.0,Dragonite Ore,10.0,Dragonvein Crystal,3.0,charge-blade,False,80,50,50,80,90,0,0
1769,763,Chrome Guardian II,charge-blade,Chrome Guardian I,N/A,6,648,0,N/A,True,Thunder,270.0,N/A,N/A,N/A,1,1,0,N/A,impact,N/A,N/A,N/A,N/A,N/A,N/A,Chrome Guardian II,charge-blade,Upgrade,Elder Dragon Blood,2,Fucium Ore,13.0,Carbalite Ore,20.0,Firecell Stone,1.0,charge-blade,False,60,60,20,150,90,20,0
1770,2738,Chrome Fortress I,charge-blade,Chrome Guardian II,N/A,9,792,0,N/A,True,Thunder,300.0,N/A,N/A,N/A,1,1,0,N/A,impact,N/A,N/A,N/A,N/A,N/A,N/A,Chrome Fortress I,charge-blade,Create,Eltalite Ore,6,Carbalite Ore,10.0,Firecell Stone,2.0,Purecrystal,1.0,charge-blade,False,90,80,30,30,80,90,0
1771,2738,Chrome Fortress I,charge-blade,Chrome Guardian II,N/A,9,792,0,N/A,True,Thunder,300.0,N/A,N/A,N/A,1,1,0,N/A,impact,N/A,N/A,N/A,N/A,N/A,N/A,Chrome Fortress I,charge-blade,Upgrade,Eltalite Ore,2,Carbalite Ore,4.0,Spiritvein Crystal,2.0,Gracium,1.0,charge-blade,False,90,80,30,30,80,90,0
1772,2739,Chrome Fortress II,charge-blade,Chrome Fortress I,N/A,10,864,0,N/A,True,Thunder,330.0,N/A,N/A,N/A,1,1,0,N/A,impact,N/A,N/A,N/A,N/A,N/A,N/A,Chrome Fortress II,charge-blade,Upgrade,Monster Slogbone,3,Eltalite Ore,4.0,Meldspar Ore,2.0,Bathycite Ore,2.0,charge-blade,False,80,80,30,30,80,100,0
1773,2740,Chrome Fortress III,charge-blade,Chrome Fortress II,N/A,11,972,0,N/A,True,Thunder,360.0,N/A,N/A,N/A,1,1,0,N/A,impact,N/A,N/A,N/A,N/A,N/A,N/A,Chrome Fortress III,charge-blade,Upgrade,Pure Dragon Blood,3,Eltalite Ore,6.0,Meldspar Ore,3.0,Purecrystal,1.0,charge-blade,False,120,30,30,60,50,80,30
1774,2741,Usurper's Lightning,charge-blade,Chrome Fortress I,N/A,10,864,0,N/A,False,Thunder,330.0,N/A,N/A,N/A,2,0,0,N/A,power element,N/A,N/A,N/A,N/A,N/A,N/A,Usurper's Lightning,charge-blade,Upgrade,Zinogre Hardclaw,3,Zinogre Deathly Shocker,2.0,Zinogre Cortex,5.0,Lightning Sac,3.0,charge-blade,False,90,80,30,30,80,90,0
1775,2742,Usurper's Lightning+,charge-blade,Usurper's Lightning,N/A,11,900,0,N/A,False,Thunder,360.0,N/A,N/A,N/A,2,0,0,N/A,power element,N/A,N/A,N/A,N/A,N/A,N/A,Usurper's Lightning+,charge-blade,Upgrade,Zinogre Hardhorn,3,Zinogre Electrofur+,4.0,Fulgurbug,5.0,Zinogre Skymerald,1.0,charge-blade,False,120,30,90,30,30,80,20
1776,2743,Despot's Thundergale,charge-blade,Usurper's Lightning+,N/A,12,936,0,N/A,False,Thunder,390.0,N/A,N/A,N/A,2,0,0,N/A,power element,N/A,N/A,N/A,N/A,N/A,N/A,Despot's Thundergale,charge-blade,Upgrade,Spiritvein Solidbone,5,Zinogre Hardhorn,2.0,Zinogre Deathly Shocker,5.0,Large Elder Dragon Gem,1.0,charge-blade,False,110,30,90,30,30,90,20
1777,764,Nergal Lacerator,charge-blade,Chrome Guardian I,N/A,7,720,0,N/A,False,Dragon,120.0,N/A,N/A,high,1,0,0,N/A,impact,N/A,N/A,N/A,N/A,N/A,N/A,Nergal Lacerator,charge-blade,Upgrade,Nergigante Talon,3,Nergigante Regrowth Plate,4.0,Nergigante Tail,2.0,Nergigante Carapace,2.0,charge-blade,True,110,120,40,50,80,0,0
1778,765,Devastation's Thorns,charge-blade,Nergal Lacerator,N/A,8,756,0,N/A,False,Dragon,150.0,N/A,N/A,high,1,0,0,N/A,impact,N/A,N/A,N/A,N/A,N/A,N/A,Devastation's Thorns,charge-blade,Upgrade,Xeno'jiiva Horn,2,Nergigante Horn+,5.0,Nergigante Talon,5.0,Nergigante Gem,1.0,charge-blade,True,100,120,40,50,90,0,0
1779,2744,Ruinous Devastation,charge-blade,Devastation's Thorns,N/A,12,1044,0,N/A,False,Dragon,210.0,N/A,N/A,high,1,0,0,N/A,impact,N/A,N/A,N/A,N/A,N/A,N/A,Ruinous Devastation,charge-blade,Upgrade,Annihilating Greathorn,3,Nergigante Hardclaw,4.0,Eternal Regrowth Plate,5.0,Large Elder Dragon Gem,1.0,charge-blade,True,80,30,30,110,40,110,0
1780,766,Rathsblade I,charge-blade,Elite Commission Axe I,N/A,4,432,10,N/A,False,Fire,150.0,N/A,N/A,N/A,0,0,0,N/A,power element,N/A,N/A,N/A,N/A,N/A,N/A,Rathsblade I,charge-blade,Upgrade,Rathalos Scale,1,Rathalos Webbing,2.0,Flame Sac,2.0,Rathalos Marrow,1.0,charge-blade,False,60,50,80,110,0,0,0
1781,767,Rathsblade II,charge-blade,Rathsblade I,N/A,5,576,10,N/A,False,Fire,180.0,N/A,N/A,N/A,1,0,0,N/A,power element,N/A,N/A,N/A,N/A,N/A,N/A,Rathsblade II,charge-blade,Upgrade,Rathalos Scale,6,Rathalos Tail,2.0,Rathalos Plate,1.0,Inferno Sac,1.0,charge-blade,False,100,50,80,100,20,0,0
1782,768,Axelion Blade,charge-blade,Rathsblade II,N/A,6,612,20,N/A,False,Fire,210.0,N/A,N/A,N/A,1,0,0,N/A,power element,N/A,N/A,N/A,N/A,N/A,N/A,Axelion Blade,charge-blade,Upgrade,Rathalos Scale+,6,Rathalos Carapace,4.0,Rathalos Wing,2.0,Rathalos Medulla,1.0,charge-blade,False,90,50,50,80,80,0,0
1783,769,Halberion Blade,charge-blade,Axelion Blade,N/A,7,684,20,N/A,False,Fire,240.0,N/A,N/A,N/A,1,0,0,N/A,power element,N/A,N/A,N/A,N/A,N/A,N/A,Halberion Blade,charge-blade,Upgrade,Azure Rathalos Scale+,6,Azure Rathalos Carapace,4.0,Azure Rathalos Wing,3.0,Rathalos Ruby,1.0,charge-blade,False,70,50,60,120,60,40,0
1784,2745,Halberion Blade+,charge-blade,Halberion Blade,N/A,10,792,20,N/A,False,Fire,270.0,N/A,N/A,N/A,1,0,0,N/A,power element,N/A,N/A,N/A,N/A,N/A,N/A,Halberion Blade+,charge-blade,Upgrade,Rathalos Shard,6,Rathalos Cortex,4.0,Rathalos Fellwing,2.0,Rath Wingtalon+,4.0,charge-blade,False,100,100,40,50,60,50,0
1785,2746,Azure Soulbrand,charge-blade,Halberion Blade+,N/A,10,864,20,N/A,False,Fire,300.0,N/A,N/A,N/A,1,0,0,N/A,power element,N/A,N/A,N/A,N/A,N/A,N/A,Azure Soulbrand,charge-blade,Upgrade,Azure Rathalos Shard,6,Azure Rathalos Cortex,4.0,Azure Rathalos Fellwing,3.0,Rathalos Mantle,1.0,charge-blade,False,100,30,30,110,40,90,0
1786,2747,Hellsire Blade,charge-blade,Azure Soulbrand,N/A,12,972,20,N/A,False,Fire,330.0,N/A,N/A,N/A,2,0,0,N/A,power element,N/A,N/A,N/A,N/A,N/A,N/A,Hellsire Blade,charge-blade,Upgrade,Silver Rathalos Shard,8,Silver Rathalos Cortex,4.0,Silver Rathalos Lash,3.0,Rath Gleam,2.0,charge-blade,False,110,30,90,30,30,90,20
1787,770,Mudslide Blade I,charge-blade,Proto Commission Axe II,N/A,2,396,0,N/A,False,Water,120.0,N/A,N/A,N/A,0,0,0,N/A,power element,N/A,N/A,N/A,N/A,N/A,N/A,Mudslide Blade I,charge-blade,Upgrade,Jyuratodus Fin,1,Jyuratodus Shell,1.0,Jyuratodus Scale,3.0,Aqua Sac,1.0,charge-blade,False,80,70,30,70,0,0,0
1788,771,Mudslide Blade II,charge-blade,Mudslide Blade I,N/A,3,432,0,N/A,False,Water,150.0,N/A,N/A,N/A,0,0,0,N/A,power element,N/A,N/A,N/A,N/A,N/A,N/A,Mudslide Blade II,charge-blade,Upgrade,Great Girros Hide,2,Jyuratodus Fin,3.0,Jyuratodus Shell,3.0,Gajau Skin,3.0,charge-blade,False,90,50,80,80,0,0,0
1789,772,Mudslide Blade III,charge-blade,Mudslide Blade II,N/A,4,504,0,N/A,False,Water,180.0,N/A,N/A,N/A,0,0,0,N/A,power element,N/A,N/A,N/A,N/A,N/A,N/A,Mudslide Blade III,charge-blade,Upgrade,Monster Bone+,2,Jyuratodus Fang,4.0,Jyuratodus Shell,3.0,Gajau Whisker,3.0,charge-blade,False,80,50,80,90,0,0,0
1790,773,Jyura Depth I,charge-blade,Mudslide Blade III,N/A,5,576,0,N/A,False,Water,210.0,N/A,N/A,N/A,1,0,0,N/A,power element,N/A,N/A,N/A,N/A,N/A,N/A,Jyura Depth I,charge-blade,Create,Jyuratodus Fang+,3,Jyuratodus Fin+,3.0,Torrent Sac,2.0,Wyvern Gem,1.0,charge-blade,False,110,50,80,100,10,0,0
1791,773,Jyura Depth I,charge-blade,Mudslide Blade III,N/A,5,576,0,N/A,False,Water,210.0,N/A,N/A,N/A,1,0,0,N/A,power element,N/A,N/A,N/A,N/A,N/A,N/A,Jyura Depth I,charge-blade,Upgrade,Jyuratodus Fin+,2,Jyuratodus Carapace,2.0,Jyuratodus Scale+,3.0,Gajau Scale,5.0,charge-blade,False,110,50,80,100,10,0,0
1792,774,Jyura Depth II,charge-blade,Jyura Depth I,N/A,6,648,0,N/A,False,Water,240.0,N/A,N/A,N/A,1,0,0,N/A,power element,N/A,N/A,N/A,N/A,N/A,N/A,Jyura Depth II,charge-blade,Upgrade,Monster Hardbone,3,Jyuratodus Fin+,4.0,Torrent Sac,3.0,Grand Gajau Whisker,3.0,charge-blade,False,110,50,50,80,60,0,0
1793,775,Jyura Depth III,charge-blade,Jyura Depth II,N/A,6,684,0,N/A,False,Water,270.0,N/A,N/A,N/A,1,0,0,N/A,power element,N/A,N/A,N/A,N/A,N/A,N/A,Jyura Depth III,charge-blade,Upgrade,Elder Dragon Bone,2,Jyuratodus Fin+,6.0,Jyuratodus Fang+,5.0,Wyvern Gem,1.0,charge-blade,False,100,60,60,100,50,30,0
1794,2748,Deep Terroir I,charge-blade,Jyura Depth III,N/A,9,792,0,N/A,False,Water,300.0,N/A,N/A,N/A,3,1,0,N/A,power element,N/A,N/A,N/A,N/A,N/A,N/A,Deep Terroir I,charge-blade,Upgrade,Jyuratodus Grandfin,1,Jyuratodus Hardfang,1.0,Jyuratodus Shard,3.0,Gajau Thickhide,2.0,charge-blade,False,90,100,40,50,70,50,0
1795,2749,Deep Terroir II,charge-blade,Deep Terroir I,N/A,10,936,0,N/A,False,Water,360.0,N/A,N/A,N/A,3,1,0,N/A,power element,N/A,N/A,N/A,N/A,N/A,N/A,Deep Terroir II,charge-blade,Upgrade,Monster Slogbone,2,Jyuratodus Grandfin,2.0,Flood Sac,2.0,Steel Gajau Whisker,1.0,charge-blade,False,90,100,40,50,70,50,0
1796,2750,Hidden Guardian I,charge-blade,Deep Terroir I,N/A,10,792,15,N/A,True,Poison,360.0,N/A,N/A,N/A,0,0,0,N/A,impact,N/A,N/A,N/A,N/A,N/A,N/A,Hidden Guardian I,charge-blade,Upgrade,Nargacuga Hardfang,2,Nargacuga Shard,3.0,Nargacuga Tailspear,2.0,Meldspar Ore,1.0,charge-blade,False,100,80,30,30,80,80,0
1797,2751,Hidden Guardian II,charge-blade,Hidden Guardian I,N/A,10,828,20,N/A,True,Poison,420.0,N/A,N/A,N/A,1,0,0,N/A,impact,N/A,N/A,N/A,N/A,N/A,N/A,Hidden Guardian II,charge-blade,Upgrade,Fulgur Anjanath Hardfang,2,Nargacuga Cutwing+,3.0,Nargacuga Lash,2.0,Nargacuga Mantle,1.0,charge-blade,False,130,20,20,70,40,30,90
1798,2752,Deep Schnegel I,charge-blade,Jyura Depth III,N/A,9,756,0,N/A,False,Ice,360.0,N/A,N/A,N/A,2,1,0,N/A,power element,N/A,N/A,N/A,N/A,N/A,N/A,Deep Schnegel I,charge-blade,Create,Beotodus Grandfin,2,Beotodus Hardhorn,2.0,Beotodus Shard,6.0,Frozen Bone,3.0,charge-blade,False,70,80,30,30,80,110,0
1799,2752,Deep Schnegel I,charge-blade,Jyura Depth III,N/A,9,756,0,N/A,False,Ice,360.0,N/A,N/A,N/A,2,1,0,N/A,power element,N/A,N/A,N/A,N/A,N/A,N/A,Deep Schnegel I,charge-blade,Upgrade,Beotodus Grandfin,1,Beotodus Hardhorn,1.0,Beotodus Shard,3.0,Frozen Bone,1.0,charge-blade,False,70,80,30,30,80,110,0
1800,2753,Deep Schnegel II,charge-blade,Deep Schnegel I,N/A,10,900,0,N/A,False,Ice,480.0,N/A,N/A,N/A,2,1,0,N/A,power element,N/A,N/A,N/A,N/A,N/A,N/A,Deep Schnegel II,charge-blade,Upgrade,Rimed Hide,2,Beotodus Grandfin,2.0,Cryo Sac,2.0,Large Wyvern Gem,1.0,charge-blade,False,70,80,30,30,80,110,0
1801,776,Everfrost Blade I,charge-blade,Mudslide Blade II,N/A,4,504,0,N/A,False,Ice,150.0,N/A,N/A,N/A,0,0,0,N/A,power element,N/A,N/A,N/A,N/A,N/A,N/A,Everfrost Blade I,charge-blade,Upgrade,Legiana Claw,3,Legiana Scale,4.0,Frost Sac,2.0,Coral Crystal,3.0,charge-blade,False,70,50,80,100,0,0,0
1802,777,Everfrost Blade II,charge-blade,Everfrost Blade I,N/A,5,540,0,N/A,False,Ice,180.0,N/A,N/A,N/A,1,1,0,N/A,power element,N/A,N/A,N/A,N/A,N/A,N/A,Everfrost Blade II,charge-blade,Upgrade,Carbalite Ore,5,Legiana Tail Webbing,2.0,Legiana Webbing,3.0,Shamos Scale+,5.0,charge-blade,False,100,50,80,100,20,0,0
1803,778,Gigafrost I,charge-blade,Everfrost Blade II,N/A,6,576,0,N/A,False,Ice,210.0,N/A,N/A,N/A,2,2,0,N/A,power element,N/A,N/A,N/A,N/A,N/A,N/A,Gigafrost I,charge-blade,Upgrade,Fucium Ore,5,Legiana Scale+,5.0,Legiana Wing,3.0,Freezer Sac,3.0,charge-blade,False,100,50,50,80,70,0,0
1804,779,Gigafrost II,charge-blade,Gigafrost I,N/A,6,612,0,N/A,False,Ice,240.0,N/A,N/A,N/A,2,2,0,N/A,power element,N/A,N/A,N/A,N/A,N/A,N/A,Gigafrost II,charge-blade,Upgrade,Elder Dragon Blood,3,Legiana Claw+,5.0,Legiana Hide+,3.0,Wyvern Gem,1.0,charge-blade,False,90,60,80,80,70,20,0
1805,2754,Gigafrost III,charge-blade,Gigafrost II,N/A,9,720,0,N/A,False,Ice,270.0,N/A,N/A,N/A,2,2,0,N/A,power element,N/A,N/A,N/A,N/A,N/A,N/A,Gigafrost III,charge-blade,Upgrade,Gracium,2,Eltalite Ore,4.0,Cryo Sac,1.0,Wulg Thickfur,3.0,charge-blade,False,70,60,60,100,80,30,0
1806,2755,Weissritter,charge-blade,Gigafrost III,N/A,10,756,20,N/A,False,Ice,300.0,N/A,N/A,N/A,0,0,0,N/A,power element,N/A,N/A,N/A,N/A,N/A,N/A,Weissritter,charge-blade,Upgrade,Barioth Hardclaw,3,Barioth Cortex,4.0,Cryo Sac,4.0,Frozen Bone,3.0,charge-blade,False,100,30,30,110,40,90,0
1807,2756,Weissritter+,charge-blade,Weissritter,N/A,10,864,25,N/A,False,Ice,330.0,N/A,N/A,N/A,0,0,0,N/A,power element,N/A,N/A,N/A,N/A,N/A,N/A,Weissritter+,charge-blade,Upgrade,Obsidian Icetalon,2,Amber Hardfang,3.0,Barioth Greatspike,3.0,Large Wyvern Gem,1.0,charge-blade,False,100,30,30,110,40,90,0
1808,2757,Elder Wolf Fang,charge-blade,Weissritter+,N/A,11,900,30,N/A,False,Ice,360.0,N/A,N/A,N/A,0,0,0,N/A,power element,N/A,N/A,N/A,N/A,N/A,N/A,Elder Wolf Fang,charge-blade,Upgrade,Velkhana Hardclaw,2,Barioth Hardclaw,4.0,Amber Hardfang,2.0,Large Elder Dragon Bone,5.0,charge-blade,False,100,30,30,110,40,90,0
1809,3231,Raging Wolf Fang,charge-blade,Weissritter,N/A,11,972,15,N/A,False,Ice,480.0,N/A,N/A,N/A,0,0,0,N/A,impact,N/A,N/A,N/A,N/A,N/A,N/A,Raging Wolf Fang,charge-blade,Create,Frostfang Ticket,3,Silverwhite Frostfang,3.0,Bergcrusher Claw,2.0,Large Wyvern Gem,1.0,charge-blade,False,10,30,50,50,60,120,80
1810,3231,Raging Wolf Fang,charge-blade,Weissritter,N/A,11,972,15,N/A,False,Ice,480.0,N/A,N/A,N/A,0,0,0,N/A,impact,N/A,N/A,N/A,N/A,N/A,N/A,Raging Wolf Fang,charge-blade,Upgrade,Frostfang Ticket,2,Silverwhite Frostfang,3.0,Bergcrusher Claw,1.0,Gracium,5.0,charge-blade,False,10,30,50,50,60,120,80
1811,780,Dear Lutemis,charge-blade,Mudslide Blade I,N/A,3,468,0,N/A,False,Poison,240.0,N/A,N/A,N/A,0,0,0,N/A,impact,N/A,N/A,N/A,N/A,N/A,N/A,Dear Lutemis,charge-blade,Create,Rathian Shell,5,Machalite Ore,10.0,Poison Sac,3.0,Rathian Plate,1.0,charge-blade,False,70,50,80,100,0,0,0
1812,780,Dear Lutemis,charge-blade,Mudslide Blade I,N/A,3,468,0,N/A,False,Poison,240.0,N/A,N/A,N/A,0,0,0,N/A,impact,N/A,N/A,N/A,N/A,N/A,N/A,Dear Lutemis,charge-blade,Upgrade,Rathian Spike,3,Rathian Scale,5.0,Rathian Shell,4.0,N/A,N/A,charge-blade,False,70,50,80,100,0,0,0
1813,781,Dear Lutemia,charge-blade,Dear Lutemis,N/A,5,540,0,N/A,False,Poison,270.0,N/A,N/A,N/A,2,2,0,N/A,impact,N/A,N/A,N/A,N/A,N/A,N/A,Dear Lutemia,charge-blade,Upgrade,Rathian Spike+,3,Rathian Scale+,5.0,Rathian Carapace,4.0,Rathian Plate,1.0,charge-blade,False,100,50,50,80,70,0,0
1814,782,Dear Hecatel,charge-blade,Dear Lutemia,N/A,6,612,0,N/A,False,Poison,300.0,N/A,N/A,N/A,2,2,0,N/A,impact,N/A,N/A,N/A,N/A,N/A,N/A,Dear Hecatel,charge-blade,Upgrade,Rathian Spike+,4,Pink Rathian Scale+,5.0,Pink Rathian Carapace,4.0,Wyvern Gem,1.0,charge-blade,False,90,50,50,80,80,0,0
1815,783,Dear Hecatelia,charge-blade,Dear Hecatel,N/A,7,684,0,N/A,False,Poison,330.0,N/A,N/A,N/A,2,2,0,N/A,impact,N/A,N/A,N/A,N/A,N/A,N/A,Dear Hecatelia,charge-blade,Upgrade,Elder Dragon Blood,3,Rathian Spike+,5.0,Pink Rathian Scale+,6.0,Rathian Ruby,1.0,charge-blade,False,70,50,60,120,60,40,0
1816,2758,Dear Rose,charge-blade,Dear Hecatelia,N/A,9,792,10,N/A,False,Poison,360.0,N/A,N/A,N/A,2,2,0,N/A,impact,N/A,N/A,N/A,N/A,N/A,N/A,Dear Rose,charge-blade,Upgrade,Rathian Surspike,3,Rathian Shard,5.0,Rathian Cortex,4.0,N/A,N/A,charge-blade,False,90,100,40,50,70,50,0
1817,2759,Dear Rosetta,charge-blade,Dear Rose,N/A,10,936,10,N/A,False,Poison,390.0,N/A,N/A,N/A,2,2,0,N/A,impact,N/A,N/A,N/A,N/A,N/A,N/A,Dear Rosetta,charge-blade,Upgrade,Monster Solidbone,5,Pink Rathian Shard,4.0,Pink Rathian Cortex,3.0,Rathian Mantle,1.0,charge-blade,False,100,30,30,110,40,90,0
1818,2760,Luna Eostre,charge-blade,Dear Rosetta,N/A,12,1044,10,N/A,False,Poison,420.0,N/A,N/A,N/A,2,2,0,N/A,impact,N/A,N/A,N/A,N/A,N/A,N/A,Luna Eostre,charge-blade,Upgrade,Gold Rathian Surspike,3,Gold Rathian Shard,5.0,Gold Rathian Cortex,4.0,Rath Gleam,1.0,charge-blade,False,60,80,30,30,80,120,0
1819,784,Bone Strongarm I,charge-blade,N/A,N/A,1,324,0,N/A,False,N/A,N/A,N/A,N/A,N/A,0,0,0,N/A,impact,N/A,N/A,N/A,N/A,N/A,N/A,Bone Strongarm I,charge-blade,Create,Monster Bone S,1,N/A,N/A,N/A,N/A,N/A,N/A,charge-blade,False,90,60,80,20,0,0,0
1820,785,Bone Strongarm II,charge-blade,Bone Strongarm I,N/A,1,360,0,N/A,False,N/A,N/A,N/A,N/A,N/A,0,0,0,N/A,impact,N/A,N/A,N/A,N/A,N/A,N/A,Bone Strongarm II,charge-blade,Upgrade,Monster Bone S,2,N/A,N/A,N/A,N/A,N/A,N/A,charge-blade,False,80,50,80,40,0,0,0
1821,786,Bone Strongarm III,charge-blade,Bone Strongarm II,N/A,2,396,0,N/A,False,N/A,N/A,N/A,N/A,N/A,0,0,0,N/A,impact,N/A,N/A,N/A,N/A,N/A,N/A,Bone Strongarm III,charge-blade,Upgrade,Monster Bone M,2,Ancient Bone,1.0,N/A,N/A,N/A,N/A,charge-blade,False,80,50,50,70,0,0,0
1822,787,Hard Bone Strongarm I,charge-blade,Bone Strongarm III,N/A,3,432,0,N/A,False,N/A,N/A,N/A,N/A,N/A,0,0,0,N/A,impact,N/A,N/A,N/A,N/A,N/A,N/A,Hard Bone Strongarm I,charge-blade,Upgrade,Monster Bone L,1,Monster Bone M,5.0,Boulder Bone,2.0,N/A,N/A,charge-blade,False,110,70,30,90,0,0,0
1823,788,Hard Bone Strongarm II,charge-blade,Hard Bone Strongarm I,N/A,4,504,0,N/A,False,N/A,N/A,N/A,N/A,N/A,0,0,0,N/A,impact,N/A,N/A,N/A,N/A,N/A,N/A,Hard Bone Strongarm II,charge-blade,Upgrade,Monster Bone+,2,Monster Bone L,1.0,Sturdy Bone,4.0,N/A,N/A,charge-blade,False,100,70,30,100,0,0,0
1824,789,Hard Bone Strongarm III,charge-blade,Hard Bone Strongarm II,N/A,5,576,0,N/A,True,Blast,180.0,N/A,N/A,N/A,1,0,0,N/A,impact,N/A,N/A,N/A,N/A,N/A,N/A,Hard Bone Strongarm III,charge-blade,Upgrade,Monster Keenbone,2,Monster Bone+,2.0,Quality Bone,2.0,N/A,N/A,charge-blade,False,130,70,30,100,20,0,0
1825,790,Mighty Strongarm I,charge-blade,Hard Bone Strongarm III,N/A,6,612,0,10.0,True,Blast,210.0,N/A,N/A,N/A,2,0,0,N/A,impact,N/A,N/A,N/A,N/A,N/A,N/A,Mighty Strongarm I,charge-blade,Upgrade,Monster Hardbone,4,Monster Keenbone,6.0,Quality Bone,10.0,N/A,N/A,charge-blade,False,90,100,40,40,80,0,0
1826,791,Mighty Strongarm II,charge-blade,Mighty Strongarm I,N/A,6,684,0,10.0,True,Blast,240.0,N/A,N/A,N/A,3,0,0,N/A,impact,N/A,N/A,N/A,N/A,N/A,N/A,Mighty Strongarm II,charge-blade,Upgrade,Elder Dragon Bone,4,Monster Hardbone,6.0,Quality Bone,20.0,Dragonbone Relic,1.0,charge-blade,False,90,120,40,50,100,0,0
1827,2761,Wild Force I,charge-blade,Mighty Strongarm II,N/A,9,828,0,35.0,True,Blast,270.0,N/A,N/A,N/A,3,0,0,N/A,impact,N/A,N/A,N/A,N/A,N/A,N/A,Wild Force I,charge-blade,Create,Thick Bone,6,Quality Bone,8.0,Monster Toughbone,4.0,Dragonbone Artifact,1.0,charge-blade,False,90,100,40,50,70,50,0
1828,2761,Wild Force I,charge-blade,Mighty Strongarm II,N/A,9,828,0,35.0,True,Blast,270.0,N/A,N/A,N/A,3,0,0,N/A,impact,N/A,N/A,N/A,N/A,N/A,N/A,Wild Force I,charge-blade,Upgrade,Thick Bone,2,Quality Bone,4.0,Monster Hardbone,4.0,Frozen Bone,1.0,charge-blade,False,90,100,40,50,70,50,0
1829,2762,Wild Force II,charge-blade,Wild Force I,N/A,10,900,0,35.0,True,Blast,300.0,N/A,N/A,N/A,3,0,0,N/A,impact,N/A,N/A,N/A,N/A,N/A,N/A,Wild Force II,charge-blade,Upgrade,Monster Solidbone,2,Monster Slogbone,3.0,Thick Bone,4.0,Monster Essence,2.0,charge-blade,False,80,100,40,50,80,50,0
1830,2763,Wild Force III,charge-blade,Wild Force II,N/A,11,972,0,35.0,True,Blast,330.0,N/A,N/A,N/A,3,0,0,N/A,impact,N/A,N/A,N/A,N/A,N/A,N/A,Wild Force III,charge-blade,Upgrade,Large Elder Dragon Bone,3,Monster Solidbone,4.0,Thick Bone,6.0,Dragonbone Artifact,1.0,charge-blade,False,70,100,40,50,90,50,0
1831,2764,Ice Guardian,charge-blade,Wild Force II,N/A,11,936,0,N/A,False,Ice,210.0,N/A,N/A,N/A,4,0,0,N/A,power element,N/A,N/A,N/A,N/A,N/A,N/A,Ice Guardian,charge-blade,Upgrade,Crystal Shard,4,Velkhana Hardclaw,2.0,Velkhana Lash,2.0,Purecrystal,1.0,charge-blade,False,140,30,30,60,50,40,50
1832,2765,Regal Daruq,charge-blade,Ice Guardian,N/A,12,972,0,N/A,False,Ice,240.0,N/A,N/A,N/A,4,0,0,N/A,power element,N/A,N/A,N/A,N/A,N/A,N/A,Regal Daruq,charge-blade,Upgrade,Shara Ishvalda Tenderclaw,3,Velkhana Crownhorn,4.0,Velkhana Hardclaw,4.0,Velkhana Crystal,1.0,charge-blade,False,130,30,30,60,50,50,50
1833,792,Diablos Wall I,charge-blade,Hard Bone Strongarm I,N/A,4,612,-30,10.0,False,N/A,N/A,N/A,N/A,N/A,0,0,0,N/A,impact,N/A,N/A,N/A,N/A,N/A,N/A,Diablos Wall I,charge-blade,Upgrade,Twisted Horn,1,Diablos Fang,2.0,Diablos Shell,4.0,Monster Bone+,3.0,charge-blade,False,100,70,30,100,0,0,0
1834,793,Diablos Wall II,charge-blade,Diablos Wall I,N/A,5,684,-30,10.0,True,Ice,90.0,N/A,N/A,N/A,0,0,0,N/A,impact,N/A,N/A,N/A,N/A,N/A,N/A,Diablos Wall II,charge-blade,Upgrade,Monster Keenbone,4,Diablos Ridge,4.0,Diablos Tailcase,2.0,Diablos Marrow,1.0,charge-blade,False,140,70,30,100,10,0,0
1835,794,Diablos Tyrannis I,charge-blade,Diablos Wall II,N/A,6,756,-30,15.0,True,Ice,120.0,N/A,N/A,N/A,0,0,0,N/A,impact,N/A,N/A,N/A,N/A,N/A,N/A,Diablos Tyrannis I,charge-blade,Create,Diablos Cortex,3,Dragonbone Artifact,1.0,Majestic Horn,3.0,Wyvern Gem,1.0,charge-blade,False,110,100,40,40,60,0,0
1836,794,Diablos Tyrannis I,charge-blade,Diablos Wall II,N/A,6,756,-30,15.0,True,Ice,120.0,N/A,N/A,N/A,0,0,0,N/A,impact,N/A,N/A,N/A,N/A,N/A,N/A,Diablos Tyrannis I,charge-blade,Upgrade,Majestic Horn,3,Diablos Carapace,6.0,Diablos Ridge+,5.0,Blos Medulla,1.0,charge-blade,False,110,100,40,40,60,0,0
1837,795,Diablos Tyrannis II,charge-blade,Diablos Tyrannis I,N/A,7,828,-30,15.0,True,Ice,180.0,N/A,N/A,N/A,0,0,0,N/A,impact,N/A,N/A,N/A,N/A,N/A,N/A,Diablos Tyrannis II,charge-blade,Upgrade,Nergigante Horn+,2,Black Spiral Horn+,3.0,Black Diablos Carapace,4.0,Wyvern Gem,1.0,charge-blade,False,90,50,60,120,60,20,0
1838,2766,Diablos Tyrannis III,charge-blade,Diablos Tyrannis II,N/A,10,936,-30,30.0,True,Ice,210.0,N/A,N/A,N/A,0,0,0,N/A,impact,N/A,N/A,N/A,N/A,N/A,N/A,Diablos Tyrannis III,charge-blade,Upgrade,Twisted Stouthorn,3,Diablos Cortex,6.0,Diablos Chine,5.0,Monster Slogbone,3.0,charge-blade,False,100,100,40,50,60,50,0
1839,2767,Thanatos Force,charge-blade,Diablos Tyrannis III,N/A,10,1044,-30,30.0,True,Ice,240.0,N/A,N/A,N/A,2,0,0,N/A,impact,N/A,N/A,N/A,N/A,N/A,N/A,Thanatos Force,charge-blade,Upgrade,Blackcurl Stouthorn,3,Black Diablos Cortex,3.0,Monster Solidbone,3.0,Large Wyvern Gem,1.0,charge-blade,False,70,50,90,70,70,40,10
1840,2768,Sulfurteinn Machmar,charge-blade,Diablos Tyrannis III,N/A,10,972,0,N/A,True,Paralysis,240.0,N/A,N/A,N/A,4,0,0,N/A,impact,N/A,N/A,N/A,N/A,N/A,N/A,Sulfurteinn Machmar,charge-blade,Upgrade,Acidic Glavenus Hardfang,2,Acidic Glavenus Spineshell,2.0,Acidic Glavenus Tailedge,2.0,Honed Acidcryst,4.0,charge-blade,False,160,100,30,30,50,30,0
1841,2769,The Melting Grasp,charge-blade,Sulfurteinn Machmar,N/A,11,1044,0,N/A,True,Paralysis,270.0,N/A,N/A,N/A,4,0,0,N/A,impact,N/A,N/A,N/A,N/A,N/A,N/A,The Melting Grasp,charge-blade,Upgrade,Vaal Hazak Hardclaw,2,Acidic Glavenus Hardfang,4.0,Acidic Glavenus Spineshell,3.0,Glavenus Mantle,1.0,charge-blade,False,60,50,110,90,60,20,10
1842,796,Jagras Strongarm I,charge-blade,Bone Strongarm II,N/A,2,396,0,N/A,False,N/A,N/A,N/A,N/A,N/A,0,0,0,N/A,impact,N/A,N/A,N/A,N/A,N/A,N/A,Jagras Strongarm I,charge-blade,Upgrade,Great Jagras Claw,1,Great Jagras Hide,1.0,Great Jagras Scale,3.0,Sharp Claw,1.0,charge-blade,False,70,50,50,80,0,0,0
1843,797,Jagras Strongarm II,charge-blade,Jagras Strongarm I,N/A,3,432,0,N/A,False,N/A,N/A,N/A,N/A,N/A,0,0,0,N/A,impact,N/A,N/A,N/A,N/A,N/A,N/A,Jagras Strongarm II,charge-blade,Upgrade,Great Jagras Claw,2,Great Jagras Mane,2.0,Coral Bone,2.0,Tzitzi-Ya-Ku Claw,3.0,charge-blade,False,100,70,30,100,0,0,0
1844,798,Jagras Strongarm III,charge-blade,Jagras Strongarm II,N/A,4,468,0,N/A,False,N/A,N/A,N/A,N/A,N/A,0,0,0,N/A,impact,N/A,N/A,N/A,N/A,N/A,N/A,Jagras Strongarm III,charge-blade,Upgrade,Monster Bone+,3,Great Jagras Scale,5.0,Great Jagras Claw,3.0,Great Jagras Mane,3.0,charge-blade,False,90,70,30,110,0,0,0
1845,799,Jagras Escudo I,charge-blade,Jagras Strongarm III,N/A,5,540,0,N/A,True,Sleep,120.0,N/A,N/A,N/A,2,1,0,N/A,impact,N/A,N/A,N/A,N/A,N/A,N/A,Jagras Escudo I,charge-blade,Upgrade,Great Jagras Scale+,6,Great Jagras Claw+,4.0,Great Jagras Mane,6.0,Piercing Claw,5.0,charge-blade,False,130,70,30,100,20,0,0
1846,800,Jagras Escudo II,charge-blade,Jagras Escudo I,N/A,6,648,0,N/A,True,Sleep,150.0,N/A,N/A,N/A,2,2,0,N/A,impact,N/A,N/A,N/A,N/A,N/A,N/A,Jagras Escudo II,charge-blade,Upgrade,Monster Hardbone,4,Great Jagras Claw+,6.0,Jagras Hide+,6.0,Tzitzi-Ya-Ku Claw+,5.0,charge-blade,False,90,100,40,40,80,0,0
1847,801,Jagras Escudo III,charge-blade,Jagras Escudo II,N/A,6,684,0,N/A,True,Sleep,180.0,N/A,N/A,N/A,3,2,0,N/A,impact,N/A,N/A,N/A,N/A,N/A,N/A,Jagras Escudo III,charge-blade,Upgrade,Vaal Hazak Talon,2,Great Jagras Claw+,8.0,Great Jagras Hide+,6.0,Novacrystal,1.0,charge-blade,False,100,120,40,50,90,0,0
1848,2770,Saber's Maw I,charge-blade,Jagras Escudo III,N/A,9,792,0,N/A,True,Sleep,240.0,N/A,N/A,N/A,3,2,0,N/A,impact,N/A,N/A,N/A,N/A,N/A,N/A,Saber's Maw I,charge-blade,Create,Great Jagras Shard,4,Great Jagras Hardclaw,2.0,Great Jagras Mane+,3.0,Fey Wyvern Gem,1.0,charge-blade,False,80,100,40,40,140,0,0
1849,2770,Saber's Maw I,charge-blade,Jagras Escudo III,N/A,9,792,0,N/A,True,Sleep,240.0,N/A,N/A,N/A,3,2,0,N/A,impact,N/A,N/A,N/A,N/A,N/A,N/A,Saber's Maw I,charge-blade,Upgrade,Great Jagras Shard,2,Great Jagras Hardclaw,1.0,Great Jagras Mane+,2.0,Jagras Shard,2.0,charge-blade,False,80,100,40,40,140,0,0
1850,2771,Saber's Maw II,charge-blade,Saber's Maw I,N/A,10,936,0,N/A,True,Sleep,330.0,N/A,N/A,N/A,3,3,0,N/A,impact,N/A,N/A,N/A,N/A,N/A,N/A,Saber's Maw II,charge-blade,Upgrade,Monster Slogbone,3,Great Jagras Hardclaw,3.0,Great Jagras Thickhide,3.0,Tough Claw,3.0,charge-blade,False,100,80,30,30,80,80,0
1851,2772,Scorching Demander,charge-blade,Saber's Maw I,N/A,10,828,0,N/A,False,Fire,240.0,N/A,N/A,N/A,1,0,0,N/A,power element,N/A,N/A,N/A,N/A,N/A,N/A,Scorching Demander,charge-blade,Upgrade,Glavenus Hardfang,2,Glavenus Shard,4.0,Molten Bursa,2.0,Eltalite Ore,6.0,charge-blade,False,110,30,30,110,40,80,0
1852,2773,Scorching Demander+,charge-blade,Scorching Demander,N/A,10,864,0,N/A,False,Fire,300.0,N/A,N/A,N/A,1,0,0,N/A,power element,N/A,N/A,N/A,N/A,N/A,N/A,Scorching Demander+,charge-blade,Upgrade,Ebony Odogaron Hardfang,2,Glavenus Hellshell,3.0,Glavenus Tailedge,2.0,Glavenus Mantle,1.0,charge-blade,False,130,30,30,60,50,70,30
1853,2774,Glavenus Bardred,charge-blade,Scorching Demander+,N/A,11,936,0,N/A,False,Fire,390.0,N/A,N/A,N/A,1,0,0,N/A,power element,N/A,N/A,N/A,N/A,N/A,N/A,Glavenus Bardred,charge-blade,Upgrade,Fire Dragon Hardclaw,2,Glavenus Hardfang,5.0,Glavenus Hellshell,4.0,Pure Dragon Blood,3.0,charge-blade,False,110,30,30,60,50,90,30
1854,802,Gama Silt I,charge-blade,Jagras Escudo I,N/A,6,576,0,N/A,False,Blast,150.0,N/A,N/A,N/A,2,2,0,N/A,impact,N/A,N/A,N/A,N/A,N/A,N/A,Gama Silt I,charge-blade,Upgrade,Dodogama Talon,4,Dodogama Scale+,6.0,Dodogama Hide+,4.0,N/A,N/A,charge-blade,False,80,100,40,40,90,0,0
1855,803,Gama Silt II,charge-blade,Gama Silt I,N/A,7,612,0,N/A,False,Blast,180.0,N/A,N/A,N/A,2,2,0,N/A,impact,N/A,N/A,N/A,N/A,N/A,N/A,Gama Silt II,charge-blade,Upgrade,Fire Dragon Scale+,4,Dodogama Jaw,4.0,Dodogama Tail,3.0,Wyvern Gem,1.0,charge-blade,False,110,110,40,40,80,20,0
1856,2775,Gama Escudo I,charge-blade,Gama Silt II,N/A,9,756,0,N/A,False,Blast,210.0,N/A,N/A,N/A,3,2,0,N/A,impact,N/A,N/A,N/A,N/A,N/A,N/A,Gama Escudo I,charge-blade,Create,Dodogama Hardclaw,4,Dodogama Mandible,2.0,Dodogama Shard,6.0,Dragonbone Artifact,1.0,charge-blade,False,100,80,30,30,80,80,0
1857,2775,Gama Escudo I,charge-blade,Gama Silt II,N/A,9,756,0,N/A,False,Blast,210.0,N/A,N/A,N/A,3,2,0,N/A,impact,N/A,N/A,N/A,N/A,N/A,N/A,Gama Escudo I,charge-blade,Upgrade,Dodogama Hardclaw,2,Dodogama Shard,3.0,Dodogama Thickhide,2.0,Gastodon Husk,2.0,charge-blade,False,100,80,30,30,80,80,0
1858,2776,Gama Escudo II,charge-blade,Gama Escudo I,N/A,10,864,0,N/A,False,Blast,240.0,N/A,N/A,N/A,3,2,0,N/A,impact,N/A,N/A,N/A,N/A,N/A,N/A,Gama Escudo II,charge-blade,Upgrade,Fine Brachydios Ebonshell,2,Dodogama Mandible,2.0,Dodogama Lash,1.0,Monster Slogbone,5.0,charge-blade,False,140,30,30,60,50,60,30
1859,2777,Rex Arms I,charge-blade,Gama Escudo I,N/A,10,900,-15,N/A,True,Blast,330.0,N/A,N/A,N/A,0,0,0,N/A,impact,N/A,N/A,N/A,N/A,N/A,N/A,Rex Arms I,charge-blade,Upgrade,Tigrex Hardclaw,3,Tigrex Shard,4.0,Monster Slogbone,3.0,Thick Bone,5.0,charge-blade,False,70,30,30,110,40,120,0
1860,2778,Rex Arms II,charge-blade,Rex Arms I,N/A,10,972,-15,N/A,True,Blast,360.0,N/A,N/A,N/A,1,0,0,N/A,impact,N/A,N/A,N/A,N/A,N/A,N/A,Rex Arms II,charge-blade,Upgrade,Blackcurl Stouthorn,1,Tigrex Hardfang,3.0,Tigrex Lash,2.0,Tigrex Mantle,1.0,charge-blade,False,50,30,30,110,40,140,0
1861,2779,Accursed Arms,charge-blade,Rex Arms I,N/A,11,1008,-30,N/A,True,Sleep,240.0,N/A,N/A,N/A,1,0,0,N/A,impact,N/A,N/A,N/A,N/A,N/A,N/A,Accursed Arms,charge-blade,Upgrade,Brute Tigrex Hardclaw,3,Brute Tigrex Shard,5.0,Brute Tigrex Hardfang,2.0,Large Wyvern Gem,1.0,charge-blade,False,90,20,30,90,90,40,40
1862,804,Girros Strongarm I,charge-blade,Jagras Strongarm I,N/A,3,432,15,N/A,False,Paralysis,180.0,N/A,N/A,N/A,0,0,0,N/A,impact,N/A,N/A,N/A,N/A,N/A,N/A,Girros Strongarm I,charge-blade,Upgrade,Great Girros Fang,1,Great Girros Scale,3.0,Girros Fang,3.0,N/A,N/A,charge-blade,False,110,70,30,90,0,0,0
1863,805,Girros Strongarm II,charge-blade,Girros Strongarm I,N/A,4,468,15,N/A,False,Paralysis,210.0,N/A,N/A,N/A,0,0,0,N/A,impact,N/A,N/A,N/A,N/A,N/A,N/A,Girros Strongarm II,charge-blade,Upgrade,Diablos Fang,2,Great Girros Fang,3.0,Great Girros Hood,2.0,Paralysis Sac,2.0,charge-blade,False,100,70,30,100,0,0,0
1864,806,Girros Nadja I,charge-blade,Girros Strongarm II,N/A,5,504,20,N/A,False,Paralysis,240.0,N/A,N/A,N/A,0,0,0,N/A,impact,N/A,N/A,N/A,N/A,N/A,N/A,Girros Nadja I,charge-blade,Create,Great Girros Hood+,3,Great Girros Fang+,5.0,Omniplegia Sac,6.0,Quality Bone,5.0,charge-blade,False,110,100,40,40,60,0,0
1865,806,Girros Nadja I,charge-blade,Girros Strongarm II,N/A,5,504,20,N/A,False,Paralysis,240.0,N/A,N/A,N/A,0,0,0,N/A,impact,N/A,N/A,N/A,N/A,N/A,N/A,Girros Nadja I,charge-blade,Upgrade,Great Girros Fang+,3,Great Girros Scale+,5.0,Great Girros Tail,2.0,Girros Scale+,6.0,charge-blade,False,110,100,40,40,60,0,0
1866,807,Girros Nadja II,charge-blade,Girros Nadja I,N/A,6,540,20,N/A,False,Paralysis,270.0,N/A,N/A,N/A,0,0,0,N/A,impact,N/A,N/A,N/A,N/A,N/A,N/A,Girros Nadja II,charge-blade,Upgrade,Blos Medulla,1,Great Girros Fang+,4.0,Great Girros Hood+,2.0,Omniplegia Sac,4.0,charge-blade,False,100,100,40,40,70,0,0
1867,808,Girros Nadja III,charge-blade,Girros Nadja II,N/A,6,576,20,N/A,False,Paralysis,300.0,N/A,N/A,N/A,0,0,0,N/A,impact,N/A,N/A,N/A,N/A,N/A,N/A,Girros Nadja III,charge-blade,Upgrade,Vaal Hazak Fang+,2,Great Girros Fang+,5.0,Great Girros Hood+,3.0,Bird Wyvern Gem,1.0,charge-blade,False,110,110,40,40,80,20,0
1868,2780,Naaga Ghadab I,charge-blade,Girros Nadja III,N/A,9,720,20,N/A,False,Paralysis,330.0,N/A,N/A,N/A,0,0,0,N/A,impact,N/A,N/A,N/A,N/A,N/A,N/A,Naaga Ghadab I,charge-blade,Upgrade,Great Girros Hardfang,2,Great Girros Lash,1.0,Ultraplegia Sac,2.0,Tough Claw,2.0,charge-blade,False,60,60,60,100,90,30,0
1869,2781,Naaga Ghadab II,charge-blade,Naaga Ghadab I,N/A,10,864,20,N/A,False,Paralysis,420.0,N/A,N/A,N/A,0,0,0,N/A,impact,N/A,N/A,N/A,N/A,N/A,N/A,Naaga Ghadab II,charge-blade,Upgrade,Odogaron Hardfang,2,Great Girros Shard,4.0,Great Girros Hardhood,2.0,Fey Wyvern Gem,1.0,charge-blade,False,50,60,20,150,90,30,0
1870,2782,Dios Strongarm,charge-blade,Naaga Ghadab I,N/A,10,792,0,N/A,False,Blast,300.0,N/A,N/A,N/A,0,0,0,N/A,impact,N/A,N/A,N/A,N/A,N/A,N/A,Dios Strongarm,charge-blade,Upgrade,Brachydios Crown,2,Brachydios Cortex,4.0,Glowing Slime,3.0,Meldspar Ore,3.0,charge-blade,False,90,30,30,110,40,100,0
1871,2783,Volatile Blade,charge-blade,Dios Strongarm,N/A,11,936,0,N/A,False,Blast,390.0,N/A,N/A,N/A,1,0,0,N/A,impact,N/A,N/A,N/A,N/A,N/A,N/A,Volatile Blade,charge-blade,Upgrade,Distilled Blast Fluid,3,Brachydios Crown,3.0,Fine Brachydios Ebonshell,4.0,Brachydios Pallium,1.0,charge-blade,False,80,30,30,110,40,110,0
1872,809,Hazak Aspida I,charge-blade,Girros Nadja II,N/A,7,648,0,N/A,False,Dragon,210.0,N/A,N/A,average,2,0,0,N/A,power element,N/A,N/A,N/A,N/A,N/A,N/A,Hazak Aspida I,charge-blade,Upgrade,Vaal Hazak Talon,4,Vaal Hazak Fang+,5.0,Deceased Scale,6.0,Vaal Hazak Membrane,4.0,charge-blade,False,130,110,40,40,60,20,0
1873,810,Hazak Aspida II,charge-blade,Hazak Aspida I,N/A,7,684,0,N/A,False,Dragon,270.0,N/A,N/A,average,2,0,0,N/A,power element,N/A,N/A,N/A,N/A,N/A,N/A,Hazak Aspida II,charge-blade,Upgrade,Xeno'jiiva Veil,3,Vaal Hazak Talon,6.0,Vaal Hazak Tail,2.0,Vaal Hazak Gem,1.0,charge-blade,False,200,70,20,20,50,40,0
1874,2784,Deathaxe Vaal Aspida,charge-blade,Hazak Aspida II,N/A,11,900,0,N/A,False,Dragon,420.0,N/A,N/A,average,2,2,0,N/A,power element,N/A,N/A,N/A,N/A,N/A,N/A,Deathaxe Vaal Aspida,charge-blade,Upgrade,Vaal Hazak Hardclaw,3,Shadowpierce Fang,2.0,Deceased Shard,5.0,Deathweaver Membrane,3.0,charge-blade,False,70,80,30,30,80,110,0
1875,2785,Hydros Kardia,charge-blade,Hazak Aspida II,N/A,11,972,10,N/A,False,Water,330.0,N/A,N/A,N/A,0,0,0,N/A,impact,N/A,N/A,N/A,N/A,N/A,N/A,Hydros Kardia,charge-blade,Upgrade,Namielle Hardclaw,4,Namielle Finehide,5.0,Namielle Whisker,2.0,Purecrystal,1.0,charge-blade,False,70,30,30,110,40,120,0
1876,811,Pulsar Strongarm I,charge-blade,Bone Strongarm II,N/A,2,396,10,N/A,False,Thunder,90.0,N/A,N/A,N/A,0,0,0,N/A,power element,N/A,N/A,N/A,N/A,N/A,N/A,Pulsar Strongarm I,charge-blade,Upgrade,Tobi-Kadachi Claw,1,Tobi-Kadachi Scale,3.0,Tobi-Kadachi Pelt,2.0,N/A,N/A,charge-blade,False,60,70,30,90,0,0,0
1877,812,Pulsar Strongarm II,charge-blade,Pulsar Strongarm I,N/A,3,432,10,N/A,False,Thunder,120.0,N/A,N/A,N/A,0,0,0,N/A,power element,N/A,N/A,N/A,N/A,N/A,N/A,Pulsar Strongarm II,charge-blade,Upgrade,Tobi-Kadachi Electrode,2,Tobi-Kadachi Claw,3.0,Electro Sac,2.0,Coral Crystal,3.0,charge-blade,False,100,70,30,100,0,0,0
1878,813,Pulsar Strongarm III,charge-blade,Pulsar Strongarm II,N/A,4,468,10,N/A,False,Thunder,120.0,N/A,N/A,N/A,0,0,0,N/A,power element,N/A,N/A,N/A,N/A,N/A,N/A,Pulsar Strongarm III,charge-blade,Upgrade,Monster Bone+,2,Tobi-Kadachi Electrode,2.0,Tobi-Kadachi Membrane,2.0,Warped Bone,2.0,charge-blade,False,80,70,30,120,0,0,0
1879,814,Kadachi Kaina I,charge-blade,Pulsar Strongarm III,N/A,5,504,15,N/A,False,Thunder,150.0,N/A,N/A,N/A,1,0,0,N/A,power element,N/A,N/A,N/A,N/A,N/A,N/A,Kadachi Kaina I,charge-blade,Upgrade,Tobi-Kadachi Claw+,3,Tobi-Kadachi Scale+,4.0,Tobi-Kadachi Pelt+,3.0,Dragonvein Crystal,3.0,charge-blade,False,90,100,40,40,80,0,0
1880,815,Kadachi Kaina II,charge-blade,Kadachi Kaina I,N/A,6,576,15,N/A,False,Thunder,180.0,N/A,N/A,N/A,1,0,0,N/A,power element,N/A,N/A,N/A,N/A,N/A,N/A,Kadachi Kaina II,charge-blade,Upgrade,Majestic Horn,2,Tobi-Kadachi Electrode+,2.0,Tobi-Kadachi Claw+,4.0,Thunder Sac,3.0,charge-blade,False,80,100,40,40,90,0,0
1881,816,Kadachi Kaina III,charge-blade,Kadachi Kaina II,N/A,6,648,15,N/A,False,Thunder,210.0,N/A,N/A,N/A,1,0,0,N/A,power element,N/A,N/A,N/A,N/A,N/A,N/A,Kadachi Kaina III,charge-blade,Upgrade,Nergigante Talon,2,Tobi-Kadachi Electrode+,4.0,Tobi-Kadachi Claw+,6.0,Wyvern Gem,1.0,charge-blade,False,190,70,20,20,60,40,0
1882,2786,Kadachi Soul I,charge-blade,Kadachi Kaina III,N/A,9,756,15,N/A,False,Thunder,300.0,N/A,N/A,N/A,1,0,0,N/A,power element,N/A,N/A,N/A,N/A,N/A,N/A,Kadachi Soul I,charge-blade,Create,Tobi-Kadachi Hardclaw,2,Tobi-Kadachi Cathode,2.0,Tobi-Kadachi Shard,6.0,Large Wyvern Gem,1.0,charge-blade,False,90,30,30,110,40,100,0
1883,2786,Kadachi Soul I,charge-blade,Kadachi Kaina III,N/A,9,756,15,N/A,False,Thunder,300.0,N/A,N/A,N/A,1,0,0,N/A,power element,N/A,N/A,N/A,N/A,N/A,N/A,Kadachi Soul I,charge-blade,Upgrade,Tobi-Kadachi Hardclaw,1,Tobi-Kadachi Shard,2.0,Tobi-Kadachi Thickfur,2.0,Lightning Sac,1.0,charge-blade,False,90,30,30,110,40,100,0
1884,2787,Kadachi Soul II,charge-blade,Kadachi Soul I,N/A,10,828,15,N/A,False,Thunder,330.0,N/A,N/A,N/A,1,0,0,N/A,power element,N/A,N/A,N/A,N/A,N/A,N/A,Kadachi Soul II,charge-blade,Upgrade,Hard Odogaron Sinew,2,Tobi-Kadachi Cathode,2.0,Tobi-Kadachi Hardclaw,2.0,Tobi-Kadachi Membrane+,2.0,charge-blade,False,120,30,90,30,30,80,20
1885,2788,Viper's Venom I,charge-blade,Kadachi Soul I,N/A,9,828,15,N/A,False,Poison,330.0,N/A,N/A,N/A,1,0,0,N/A,impact,N/A,N/A,N/A,N/A,N/A,N/A,Viper's Venom I,charge-blade,Upgrade,Viper Tobi-Kadachi Hardclaw,1,Viper Tobi-Kadachi Shard,2.0,Viper Tobi-Kadachi Thickfur,2.0,Deadly Poison Sac,1.0,charge-blade,False,90,30,30,110,40,100,0
1886,2789,Viper's Venom II,charge-blade,Viper's Venom I,N/A,10,900,15,N/A,False,Poison,360.0,N/A,N/A,N/A,1,0,0,N/A,impact,N/A,N/A,N/A,N/A,N/A,N/A,Viper's Venom II,charge-blade,Upgrade,Acidic Glavenus Spineshell,2,Viper Tobi-Kadachi Thorn,2.0,Viper Tobi-Kadachi Hardclaw,2.0,Viper Tobi-Kadachi Membrane+,2.0,charge-blade,False,120,30,90,30,30,80,20
1887,817,Garon Strongarm I,charge-blade,Pulsar Strongarm II,N/A,4,468,20,N/A,False,N/A,N/A,N/A,N/A,N/A,0,0,0,N/A,impact,N/A,N/A,N/A,N/A,N/A,N/A,Garon Strongarm I,charge-blade,Upgrade,Odogaron Claw,2,Odogaron Scale,4.0,Odogaron Fang,2.0,N/A,N/A,charge-blade,False,90,70,30,110,0,0,0
1888,818,Garon Strongarm II,charge-blade,Garon Strongarm I,N/A,5,504,20,N/A,True,Fire,120.0,N/A,N/A,N/A,0,0,0,N/A,impact,N/A,N/A,N/A,N/A,N/A,N/A,Garon Strongarm II,charge-blade,Upgrade,Quality Bone,5,Odogaron Claw,2.0,Odogaron Tail,2.0,Odogaron Plate,1.0,charge-blade,False,100,100,40,40,70,0,0
1889,819,Hate's Undying Flame,charge-blade,Garon Strongarm II,N/A,6,540,25,N/A,True,Fire,150.0,N/A,N/A,N/A,0,0,0,N/A,impact,N/A,N/A,N/A,N/A,N/A,N/A,Hate's Undying Flame,charge-blade,Create,Odogaron Shard,3,Dragonbone Artifact,1.0,Odogaron Scale+,8.0,Wyvern Gem,1.0,charge-blade,False,90,100,40,40,80,0,0
1890,819,Hate's Undying Flame,charge-blade,Garon Strongarm II,N/A,6,540,25,N/A,True,Fire,150.0,N/A,N/A,N/A,0,0,0,N/A,impact,N/A,N/A,N/A,N/A,N/A,N/A,Hate's Undying Flame,charge-blade,Upgrade,Odogaron Claw+,4,Odogaron Scale+,8.0,Odogaron Fang+,3.0,Dragonbone Relic,1.0,charge-blade,False,90,100,40,40,80,0,0
1891,820,Odium,charge-blade,Hate's Undying Flame,N/A,8,576,25,N/A,True,Fire,180.0,N/A,N/A,N/A,0,0,0,N/A,impact,N/A,N/A,N/A,N/A,N/A,N/A,Odium,charge-blade,Upgrade,Teostra Claw+,2,Odogaron Claw+,6.0,Odogaron Fang+,5.0,Odogaron Gem,1.0,charge-blade,True,200,70,20,20,50,40,0
1892,2790,Odium+,charge-blade,Odium,N/A,10,792,25,N/A,True,Fire,210.0,N/A,N/A,N/A,0,0,0,N/A,impact,N/A,N/A,N/A,N/A,N/A,N/A,Odium+,charge-blade,Upgrade,Odogaron Hardclaw,2,Odogaron Shard,3.0,Odogaron Hardfang,2.0,Monster Slogbone,3.0,charge-blade,True,100,80,30,30,80,80,0
1893,2791,Animus,charge-blade,Odium+,N/A,10,828,35,N/A,True,Fire,300.0,N/A,N/A,N/A,0,0,0,N/A,impact,N/A,N/A,N/A,N/A,N/A,N/A,Animus,charge-blade,Upgrade,Acidic Glavenus Tailedge,2,Odogaron Hardclaw,4.0,Odogaron Lash,2.0,Odogaron Mantle,1.0,charge-blade,True,100,80,30,30,80,80,0
1894,2792,Nether Candle,charge-blade,Odium+,N/A,10,828,25,N/A,False,Dragon,240.0,N/A,N/A,high,0,0,0,N/A,power element,N/A,N/A,N/A,N/A,N/A,N/A,Nether Candle,charge-blade,Upgrade,Ebony Odogaron Hardclaw,3,Ebony Odogaron Shard,5.0,Ebony Odogaron Hardfang,2.0,Dragonbone Artifact,1.0,charge-blade,True,100,80,30,30,80,80,0
1895,2793,Grudge,charge-blade,Nether Candle,N/A,11,864,30,N/A,False,Dragon,330.0,N/A,N/A,high,0,0,0,N/A,power element,N/A,N/A,N/A,N/A,N/A,N/A,Grudge,charge-blade,Upgrade,Namielle Hardclaw,2,Ebony Odogaron Hardclaw,4.0,Ebony Odogaron Lash,2.0,Ebony Odogaron Mantle,1.0,charge-blade,True,100,80,30,30,80,80,0
1896,821,Dragonbone Cutter I,charge-blade,N/A,N/A,3,360,0,N/A,False,Dragon,270.0,N/A,N/A,low,0,0,0,N/A,impact,N/A,N/A,N/A,N/A,N/A,N/A,Dragonbone Cutter I,charge-blade,Create,Warped Bone,5,Coral Bone,5.0,Boulder Bone,5.0,Ancient Bone,5.0,charge-blade,False,110,70,30,90,0,0,0
1897,822,Dragonbone Cutter II,charge-blade,Dragonbone Cutter I,N/A,4,396,0,N/A,False,Dragon,300.0,N/A,N/A,low,0,0,0,N/A,impact,N/A,N/A,N/A,N/A,N/A,N/A,Dragonbone Cutter II,charge-blade,Upgrade,Monster Bone+,6,Monster Bone L,8.0,Sturdy Bone,8.0,N/A,N/A,charge-blade,False,70,70,30,130,0,0,0
1898,823,Dragonbone Cutter III,charge-blade,Dragonbone Cutter II,N/A,6,576,0,N/A,False,Dragon,360.0,N/A,N/A,low,1,1,0,N/A,impact,N/A,N/A,N/A,N/A,N/A,N/A,Dragonbone Cutter III,charge-blade,Upgrade,Elder Dragon Bone,10,Brutal Bone,4.0,Dragonbone Relic,2.0,Wyvern Gem,1.0,charge-blade,False,120,110,40,40,70,20,0
1899,2794,Dragonseal Blade I,charge-blade,Dragonbone Cutter III,N/A,10,756,0,N/A,False,Dragon,450.0,N/A,N/A,average,1,1,0,N/A,impact,N/A,N/A,N/A,N/A,N/A,N/A,Dragonseal Blade I,charge-blade,Upgrade,Monster Solidbone,3,Monster Slogbone,4.0,Thick Bone,6.0,Dragonbone Artifact,1.0,charge-blade,False,170,70,20,20,80,40,0
1900,2795,Dragonseal Blade II,charge-blade,Dragonseal Blade I,N/A,11,864,0,N/A,False,Dragon,510.0,N/A,N/A,average,1,1,0,N/A,impact,N/A,N/A,N/A,N/A,N/A,N/A,Dragonseal Blade II,charge-blade,Upgrade,Large Elder Dragon Bone,6,Monster Solidbone,4.0,Lavasioth Grandfin,2.0,Large Wyvern Gem,1.0,charge-blade,False,170,70,20,20,80,40,0
1901,2796,Inescapable Karma,charge-blade,Dragonseal Blade I,N/A,12,1008,0,30.0,True,Dragon,390.0,N/A,N/A,high,1,1,0,N/A,impact,N/A,N/A,N/A,N/A,N/A,N/A,Inescapable Karma,charge-blade,Upgrade,Shara Ishvalda Tenderclaw,4,Shara Ishvalda Tenderscale,6.0,Shara Ishvalda Tenderplate,2.0,Shara Ishvalda Gem,1.0,charge-blade,False,160,30,30,60,50,40,30
1902,824,Magda Manus,charge-blade,Dragonbone Cutter I,N/A,5,576,-10,20.0,False,Blast,180.0,N/A,N/A,N/A,0,0,0,N/A,impact,N/A,N/A,N/A,N/A,N/A,N/A,Magda Manus,charge-blade,Upgrade,Zorah Magdaros Heat Scale,4,Zorah Magdaros Carapace,8.0,Zorah Magdaros Magma,4.0,Zorah Magdaros Gem,1.0,charge-blade,False,110,50,80,100,10,0,0
1903,825,Avenging Magda Manus,charge-blade,Magda Manus,N/A,8,756,-10,20.0,False,Blast,210.0,N/A,N/A,N/A,0,0,0,N/A,impact,N/A,N/A,N/A,N/A,N/A,N/A,Avenging Magda Manus,charge-blade,Upgrade,Xeno'jiiva Shell,4,Zorah Magdaros Ridge,2.0,Zorah Magdaros Pleura,2.0,Firecell Stone,3.0,charge-blade,False,210,30,40,90,30,0,0
1904,2797,Magda Manus Reforged,charge-blade,Avenging Magda Manus,N/A,11,1008,-10,45.0,False,Blast,330.0,N/A,N/A,N/A,2,0,0,N/A,impact,N/A,N/A,N/A,N/A,N/A,N/A,Magda Manus Reforged,charge-blade,Upgrade,Elder Dragonvein Bone,3,Dragonvein Solidbone,5.0,Heavy Dragonvein Bone,6.0,Large Elder Dragon Gem,1.0,charge-blade,False,120,40,40,70,90,20,20
1905,826,Blacksteel Charger I,charge-blade,N/A,N/A,5,360,0,N/A,False,Dragon,120.0,N/A,N/A,low,0,0,0,N/A,impact,N/A,N/A,N/A,N/A,N/A,N/A,Blacksteel Charger I,charge-blade,Create,Dragonvein Crystal,10,Earth Crystal,10.0,Coral Crystal,10.0,Lightcrystal,1.0,charge-blade,False,150,110,40,40,10,0,0
1906,827,Blacksteel Charger II,charge-blade,Blacksteel Charger I,N/A,6,396,0,N/A,False,Dragon,150.0,N/A,N/A,low,0,0,0,N/A,impact,N/A,N/A,N/A,N/A,N/A,N/A,Blacksteel Charger II,charge-blade,Upgrade,Firecell Stone,1,Fucium Ore,5.0,Carbalite Ore,10.0,Wyvern Gem,1.0,charge-blade,False,140,110,40,40,20,0,0
1907,828,Daora's Casca,charge-blade,Blacksteel Charger II,N/A,7,612,10,N/A,False,Ice,150.0,N/A,N/A,N/A,2,0,0,N/A,impact,N/A,N/A,N/A,N/A,N/A,N/A,Daora's Casca,charge-blade,Upgrade,Daora Claw+,3,Daora Webbing,4.0,Nergigante Carapace,5.0,Daora Tail,2.0,charge-blade,False,110,60,80,80,50,20,0
1908,829,Daora's Thwartoise,charge-blade,Daora's Casca,N/A,8,648,15,N/A,False,Ice,180.0,N/A,N/A,N/A,2,1,0,N/A,impact,N/A,N/A,N/A,N/A,N/A,N/A,Daora's Thwartoise,charge-blade,Upgrade,Xeno'jiiva Wing,2,Daora Horn+,5.0,Daora Claw+,4.0,Daora Gem,1.0,charge-blade,False,90,60,80,80,70,20,0
1909,2798,Daora's Worldbearer,charge-blade,Daora's Thwartoise,N/A,11,936,15,N/A,False,Ice,240.0,N/A,N/A,N/A,2,1,0,N/A,impact,N/A,N/A,N/A,N/A,N/A,N/A,Daora's Worldbearer,charge-blade,Upgrade,Daora Hardhorn,5,Daora Hardclaw,4.0,Daora Shard,5.0,Large Elder Dragon Gem,1.0,charge-blade,False,130,30,30,60,50,70,30
1910,830,Xeno Ra'atz,charge-blade,Blacksteel Charger II,N/A,8,648,15,N/A,False,Dragon,180.0,N/A,N/A,low,3,3,0,N/A,impact,N/A,N/A,N/A,N/A,N/A,N/A,Xeno Ra'atz,charge-blade,Upgrade,Xeno'jiiva Claw,4,Xeno'jiiva Shell,6.0,Xeno'jiiva Tail,2.0,Xeno'jiiva Gem,1.0,charge-blade,False,130,30,60,80,40,60,0
1911,1168,Tyrant's Charge Blade,charge-blade,N/A,N/A,6,720,-25,N/A,False,Dragon,150.0,N/A,N/A,high,0,0,0,N/A,power element,N/A,N/A,N/A,N/A,N/A,N/A,Tyrant's Charge Blade,charge-blade,Create,Deviljho Scale,6,Deviljho Talon,2.0,Deviljho Tallfang,3.0,Deviljho Saliva,2.0,charge-blade,False,60,120,80,60,30,50,0
1912,1169,Oppressor's Charge Blade,charge-blade,Tyrant's Charge Blade,N/A,7,792,-25,N/A,False,Dragon,210.0,N/A,N/A,high,0,0,0,N/A,power element,N/A,N/A,N/A,N/A,N/A,N/A,Oppressor's Charge Blade,charge-blade,Upgrade,Elder Dragon Blood,5,Deviljho Scalp,2.0,Deviljho Tallfang,5.0,Deviljho Gem,1.0,charge-blade,False,50,120,80,60,40,50,0
1913,2799,Fate's Curtain,charge-blade,Oppressor's Charge Blade,N/A,12,1008,-30,N/A,False,Dragon,270.0,N/A,N/A,high,0,0,0,N/A,power element,N/A,N/A,N/A,N/A,N/A,N/A,Fate's Curtain,charge-blade,Upgrade,Vile Fang,3,Deviljho Ripper,2.0,Black Blood,3.0,Deviljho Crook,1.0,charge-blade,False,150,30,30,60,50,50,30
1914,1232,Dante's Devil Sword,charge-blade,N/A,N/A,8,720,0,N/A,False,Thunder,150.0,N/A,N/A,N/A,1,1,0,N/A,impact,N/A,N/A,N/A,N/A,N/A,N/A,Dante's Devil Sword,charge-blade,Create,Red Orb,2,Anjanath Gem,1.0,Odogaron Gem,1.0,Teostra Mane,4.0,charge-blade,False,40,50,50,80,180,0,0
1915,2800,Dante's Devil Sword+,charge-blade,Dante's Devil Sword,N/A,12,1008,0,N/A,False,Thunder,210.0,N/A,N/A,N/A,2,2,0,N/A,impact,N/A,N/A,N/A,N/A,N/A,N/A,Dante's Devil Sword+,charge-blade,Upgrade,Unity Symbol,1,Fire Dragon Hardclaw,3.0,Zinogre Hardhorn,2.0,Large Elder Dragon Gem,1.0,charge-blade,False,30,80,30,30,80,150,0
1916,1233,Empress Alma,charge-blade,N/A,N/A,7,648,0,N/A,False,Blast,120.0,N/A,N/A,N/A,2,1,0,N/A,impact,N/A,N/A,N/A,N/A,N/A,N/A,Empress Alma,charge-blade,Create,Lunastra Scale+,4,Lunastra Horn,3.0,Lunastra Mane,3.0,Lunastra Gem,1.0,charge-blade,False,100,30,60,80,40,90,0
1917,1234,"Empress Alma ""Blaze""",charge-blade,Empress Alma,N/A,8,648,20,N/A,False,Blast,150.0,N/A,N/A,N/A,2,1,0,N/A,impact,N/A,N/A,N/A,N/A,N/A,Guts,"Empress Alma ""Blaze""",charge-blade,Upgrade,Research Commission Ticket,1,Lunastra Horn,2.0,Teostra Horn+,3.0,Bazelgeuse Gem,1.0,charge-blade,False,100,30,60,80,40,90,0
1918,2801,"Soulfire Brand ""Blaze""",charge-blade,"Empress Alma ""Blaze""",N/A,12,900,20,N/A,False,Blast,180.0,N/A,N/A,N/A,2,1,0,N/A,impact,N/A,N/A,N/A,N/A,N/A,Guts,"Soulfire Brand ""Blaze""",charge-blade,Upgrade,Lunastra Shard,4,Lunastra Hardhorn,4.0,Lunastra Mane+,4.0,Large Elder Dragon Gem,1.0,charge-blade,False,110,30,90,30,30,90,20
1919,1235,"Empress Alma ""Ruin""",charge-blade,Empress Alma,N/A,8,684,0,N/A,False,Blast,120.0,N/A,N/A,N/A,2,2,0,N/A,impact,N/A,N/A,N/A,N/A,N/A,Hasten Recovery,"Empress Alma ""Ruin""",charge-blade,Upgrade,Research Commission Ticket,1,Lunastra Wing,3.0,Nergigante Horn+,3.0,Nergigante Gem,1.0,charge-blade,False,100,30,60,80,40,90,0
1920,2802,"Soulfire Brand ""Ruin""",charge-blade,"Empress Alma ""Ruin""",N/A,12,972,0,N/A,False,Blast,150.0,N/A,N/A,N/A,2,2,0,N/A,impact,N/A,N/A,N/A,N/A,N/A,Hasten Recovery,"Soulfire Brand ""Ruin""",charge-blade,Upgrade,Lunastra Shard,4,Annihilating Greathorn,3.0,Eternal Regrowth Plate,3.0,Large Elder Dragon Gem,1.0,charge-blade,False,110,30,90,30,30,90,20
1921,1236,"Empress Alma ""Styx""",charge-blade,Empress Alma,N/A,8,648,10,N/A,False,Blast,210.0,N/A,N/A,N/A,3,3,0,N/A,impact,N/A,N/A,N/A,N/A,N/A,Razor Sharp/Spare Shot,"Empress Alma ""Styx""",charge-blade,Upgrade,Research Commission Ticket,1,Lunastra Tail,2.0,Xeno'jiiva Horn,3.0,Xeno'jiiva Gem,1.0,charge-blade,False,100,30,60,80,40,90,0
1922,2803,"Soulfire Brand ""Styx""",charge-blade,"Empress Alma ""Styx""",N/A,12,900,10,N/A,False,Blast,240.0,N/A,N/A,N/A,3,3,0,N/A,impact,N/A,N/A,N/A,N/A,N/A,Razor Sharp/Spare Shot,"Soulfire Brand ""Styx""",charge-blade,Upgrade,Lunastra Shard,4,Lunastra Lash,2.0,Elder Spiritvein Bone,5.0,Large Elder Dragon Gem,1.0,charge-blade,False,110,30,90,30,30,90,20
1923,3166,Rajang Beastblade,charge-blade,N/A,N/A,11,1044,-15,N/A,False,Thunder,60.0,N/A,N/A,N/A,4,0,0,N/A,impact,N/A,N/A,N/A,N/A,N/A,N/A,Rajang Beastblade,charge-blade,Create,Rajang Hardhorn,1,Rajang Hardclaw,1.0,Rajang Hardfang,2.0,Rajang Wildpelt,2.0,charge-blade,False,100,100,40,50,60,50,0
1924,3167,Rajang Beastblade Ikazuchi,charge-blade,Rajang Beastblade,N/A,12,1116,-15,N/A,False,Thunder,90.0,N/A,N/A,N/A,4,0,0,N/A,impact,N/A,N/A,N/A,N/A,N/A,N/A,Rajang Beastblade Ikazuchi,charge-blade,Upgrade,Tempered Glimmerpelt,3,Rajang Hardhorn,3.0,Rajang Hardfang,7.0,Gold Rajang Pelt+,3.0,charge-blade,False,90,100,40,50,70,50,0
1925,3168,Demonlord Blade,charge-blade,N/A,N/A,12,1008,15,N/A,False,Thunder,390.0,N/A,N/A,N/A,0,0,0,N/A,power element,N/A,N/A,N/A,N/A,N/A,N/A,Demonlord Blade,charge-blade,Create,Ghoulish Gold Gorer,3,Rajang Apoplexy,2.0,Gold Rajang Pelt+,5.0,Rajang Heart,1.0,charge-blade,False,120,20,20,70,40,30,100
1926,3169,Brimstren Drakeclaw,charge-blade,N/A,N/A,11,900,0,N/A,False,Dragon,270.0,N/A,N/A,average,2,0,0,N/A,impact,N/A,N/A,N/A,N/A,N/A,N/A,Brimstren Drakeclaw,charge-blade,Create,Stygian Zinogre Hardhorn,1,Stygian Zinogre Hardclaw,1.0,Stygian Zinogre Dragonlocks,2.0,Stygian Zinogre Dragonhold,2.0,charge-blade,False,130,20,20,70,40,30,90
1927,3170,Stygian Maledicta,charge-blade,Brimstren Drakeclaw,N/A,12,972,0,N/A,False,Dragon,360.0,N/A,N/A,average,2,0,0,N/A,impact,N/A,N/A,N/A,N/A,N/A,N/A,Stygian Maledicta,charge-blade,Upgrade,Tempered Dragonhold,3,Stygian Zinogre Hardhorn,2.0,Stygian Zinogre Hardclaw,5.0,Stygian Zinogre Skymerald,1.0,charge-blade,False,100,20,20,70,40,30,120
1928,3171,Lightbreak Charge Blade,charge-blade,N/A,N/A,12,1080,0,N/A,False,Blast,210.0,N/A,N/A,N/A,4,3,0,N/A,impact,N/A,N/A,N/A,N/A,N/A,N/A,Lightbreak Charge Blade,charge-blade,Create,Brach Obliterator,3,Brach Warhead,1.0,Indestructible Ebonshell,4.0,Immortal Reactor,1.0,charge-blade,True,140,30,30,60,50,60,30
1929,3212,Alatreon Edge,charge-blade,N/A,N/A,11,900,0,N/A,False,Dragon,390.0,N/A,N/A,low,2,0,0,N/A,power element,N/A,N/A,N/A,N/A,N/A,N/A,Alatreon Edge,charge-blade,Create,Alatreon Mantle,3,Skyswayer,1.0,Alatreon Riptalon,3.0,Large Elder Dragon Gem,1.0,charge-blade,False,120,20,20,70,40,30,100
1930,3213,Alatreon Morphblade,charge-blade,Alatreon Edge,N/A,12,1008,0,N/A,False,Dragon,510.0,N/A,N/A,low,2,2,0,N/A,power element,N/A,N/A,N/A,N/A,N/A,N/A,Alatreon Morphblade,charge-blade,Upgrade,Alatreon Direwing,1,Skyswayer,2.0,Alatreon Riptalon,2.0,Azure Dragonsphire,1.0,charge-blade,False,80,20,20,70,40,30,140
1931,3256,Fatalis Charger,charge-blade,N/A,N/A,11,1116,-40,N/A,False,Dragon,90.0,N/A,N/A,high,4,4,0,N/A,power,N/A,N/A,N/A,N/A,N/A,N/A,Fatalis Charger,charge-blade,Create,Fatalis Shard,3,Fatalis Pectus,1.0,Fatalis Hardhorn,1.0,Fatalis Evil Eye,1.0,charge-blade,False,150,20,20,70,40,30,70
1932,3257,True Fatalis Charger,charge-blade,Fatalis Charger,N/A,12,1224,-20,N/A,False,Dragon,150.0,N/A,N/A,high,4,4,0,N/A,power,N/A,N/A,N/A,N/A,N/A,N/A,True Fatalis Charger,charge-blade,Upgrade,Large Elder Dragon Gem,1,Fatalis Pectus,2.0,Fatalis Hardhorn,2.0,Fatalis Evil Eye,1.0,charge-blade,False,150,20,20,70,40,30,70
1933,2804,Guild Palace Disc,charge-blade,N/A,N/A,10,900,10,30.0,True,Water,360.0,N/A,N/A,N/A,3,0,0,N/A,impact,N/A,N/A,N/A,N/A,N/A,N/A,Guild Palace Disc,charge-blade,Create,Fest Ticket,2,Amber Hardfang,2.0,Gracium,5.0,Purecrystal,1.0,charge-blade,False,140,30,30,60,50,60,30
1934,2805,Royal Star Shield,charge-blade,Guild Palace Disc,N/A,12,972,15,30.0,True,Water,450.0,N/A,N/A,N/A,3,0,0,N/A,impact,N/A,N/A,N/A,N/A,N/A,N/A,Royal Star Shield,charge-blade,Upgrade,Hero King Coin,1,Namielle Hardclaw,3.0,Large Elder Dragon Bone,5.0,Pure Dragon Blood,3.0,charge-blade,False,140,30,30,60,50,40,50
1935,2806,Defender Glaive I,insect-glaive,N/A,N/A,1,403,0,N/A,False,Blast,150.0,N/A,N/A,N/A,0,0,0,speed,N/A,N/A,N/A,N/A,N/A,N/A,N/A,Defender Glaive I,insect-glaive,Create,Iron Ore,1,N/A,N/A,N/A,N/A,N/A,N/A,insect-glaive,False,30,60,20,140,0,0,0
1936,2807,Defender Glaive II,insect-glaive,Defender Glaive I,N/A,3,527,0,N/A,False,Blast,180.0,N/A,N/A,N/A,0,0,0,speed,N/A,N/A,N/A,N/A,N/A,N/A,N/A,Defender Glaive II,insect-glaive,Upgrade,Anjanath Scale,1,N/A,N/A,N/A,N/A,N/A,N/A,insect-glaive,False,30,60,20,150,40,0,0
1937,2808,Defender Glaive III,insect-glaive,Defender Glaive II,N/A,5,589,0,N/A,False,Blast,210.0,N/A,N/A,N/A,0,0,0,speed,N/A,N/A,N/A,N/A,N/A,N/A,N/A,Defender Glaive III,insect-glaive,Upgrade,Commendation,1,N/A,N/A,N/A,N/A,N/A,N/A,insect-glaive,False,50,50,50,80,120,0,0
1938,2809,Defender Glaive IV,insect-glaive,Defender Glaive III,N/A,6,651,0,N/A,False,Blast,240.0,N/A,N/A,N/A,0,0,0,speed,N/A,N/A,N/A,N/A,N/A,N/A,N/A,Defender Glaive IV,insect-glaive,Upgrade,Pink Rathian Scale+,1,N/A,N/A,N/A,N/A,N/A,N/A,insect-glaive,False,30,50,50,80,140,0,0
1939,2810,Defender Glaive V,insect-glaive,Defender Glaive IV,N/A,7,682,0,N/A,False,Blast,270.0,N/A,N/A,N/A,0,0,0,speed,N/A,N/A,N/A,N/A,N/A,N/A,N/A,Defender Glaive V,insect-glaive,Upgrade,Immortal Dragonscale,1,N/A,N/A,N/A,N/A,N/A,N/A,insect-glaive,False,90,30,30,110,40,100,0
1940,831,Iron Blade I,insect-glaive,N/A,N/A,1,248,0,N/A,False,N/A,N/A,N/A,N/A,N/A,0,0,0,sever,N/A,N/A,N/A,N/A,N/A,N/A,N/A,Iron Blade I,insect-glaive,Create,Iron Ore,1,N/A,N/A,N/A,N/A,N/A,N/A,insect-glaive,False,90,50,80,30,0,0,0
1941,832,Iron Blade II,insect-glaive,Iron Blade I,N/A,1,279,0,N/A,False,N/A,N/A,N/A,N/A,N/A,0,0,0,sever,N/A,N/A,N/A,N/A,N/A,N/A,N/A,Iron Blade II,insect-glaive,Upgrade,Iron Ore,2,N/A,N/A,N/A,N/A,N/A,N/A,insect-glaive,False,70,70,30,80,0,0,0
1942,833,Iron Blade III,insect-glaive,Iron Blade II,N/A,2,310,0,N/A,False,N/A,N/A,N/A,N/A,N/A,0,0,0,sever,N/A,N/A,N/A,N/A,N/A,N/A,N/A,Iron Blade III,insect-glaive,Upgrade,Earth Crystal,2,Machalite Ore,2.0,Iron Ore,5.0,N/A,N/A,insect-glaive,False,50,70,30,100,0,0,0
1943,834,Steel Blade I,insect-glaive,Iron Blade III,N/A,3,341,0,N/A,False,N/A,N/A,N/A,N/A,N/A,0,0,0,sever,N/A,N/A,N/A,N/A,N/A,N/A,N/A,Steel Blade I,insect-glaive,Upgrade,Dragonite Ore,2,Machalite Ore,5.0,Monster Bone M,2.0,N/A,N/A,insect-glaive,False,70,50,80,100,0,0,0
1944,835,Steel Blade II,insect-glaive,Steel Blade I,N/A,4,403,0,N/A,False,N/A,N/A,N/A,N/A,N/A,0,0,0,sever,N/A,N/A,N/A,N/A,N/A,N/A,N/A,Steel Blade II,insect-glaive,Upgrade,Monster Bone+,2,Dragonite Ore,5.0,Coral Crystal,2.0,Machalite Ore,10.0,insect-glaive,False,50,50,80,120,0,0,0
1945,836,Steel Blade III,insect-glaive,Steel Blade II,N/A,5,434,0,N/A,True,Blast,210.0,N/A,N/A,N/A,1,0,0,sever,N/A,N/A,N/A,N/A,N/A,N/A,N/A,Steel Blade III,insect-glaive,Upgrade,Carbalite Ore,8,Dragonite Ore,5.0,Dragonvein Crystal,2.0,N/A,N/A,insect-glaive,False,100,50,50,80,70,0,0
1946,837,Chrome Blade I,insect-glaive,Steel Blade III,N/A,6,496,0,N/A,True,Blast,240.0,N/A,N/A,N/A,1,0,0,sever,N/A,N/A,N/A,N/A,N/A,N/A,N/A,Chrome Blade I,insect-glaive,Upgrade,Fucium Ore,8,Carbalite Ore,5.0,Dragonite Ore,10.0,Dragonvein Crystal,3.0,insect-glaive,False,80,50,50,80,90,0,0
1947,838,Chrome Blade II,insect-glaive,Chrome Blade I,N/A,6,558,0,N/A,True,Blast,270.0,N/A,N/A,N/A,1,1,0,sever,N/A,N/A,N/A,N/A,N/A,N/A,N/A,Chrome Blade II,insect-glaive,Upgrade,Elder Dragon Blood,2,Fucium Ore,13.0,Carbalite Ore,20.0,Firecell Stone,1.0,insect-glaive,False,60,60,20,150,90,20,0
1948,2811,Chrome Trident I,insect-glaive,Chrome Blade II,N/A,9,682,0,N/A,True,Blast,300.0,N/A,N/A,N/A,1,1,0,sever,N/A,N/A,N/A,N/A,N/A,N/A,N/A,Chrome Trident I,insect-glaive,Create,Eltalite Ore,6,Carbalite Ore,10.0,Firecell Stone,2.0,Purecrystal,1.0,insect-glaive,False,80,80,30,30,80,100,0
1949,2811,Chrome Trident I,insect-glaive,Chrome Blade II,N/A,9,682,0,N/A,True,Blast,300.0,N/A,N/A,N/A,1,1,0,sever,N/A,N/A,N/A,N/A,N/A,N/A,N/A,Chrome Trident I,insect-glaive,Upgrade,Eltalite Ore,2,Carbalite Ore,4.0,Spiritvein Crystal,2.0,Gracium,1.0,insect-glaive,False,80,80,30,30,80,100,0
1950,2812,Chrome Trident II,insect-glaive,Chrome Trident I,N/A,10,744,0,N/A,True,Blast,330.0,N/A,N/A,N/A,1,1,0,sever,N/A,N/A,N/A,N/A,N/A,N/A,N/A,Chrome Trident II,insect-glaive,Upgrade,Monster Slogbone,3,Eltalite Ore,4.0,Meldspar Ore,2.0,Bathycite Ore,2.0,insect-glaive,False,70,80,30,30,80,110,0
1951,2813,Chrome Trident III,insect-glaive,Chrome Trident II,N/A,11,806,0,N/A,True,Blast,360.0,N/A,N/A,N/A,1,1,0,sever,N/A,N/A,N/A,N/A,N/A,N/A,N/A,Chrome Trident III,insect-glaive,Upgrade,Pure Dragon Blood,3,Eltalite Ore,6.0,Meldspar Ore,3.0,Purecrystal,1.0,insect-glaive,False,110,30,30,60,50,90,30
1952,2814,Royal Bolt Scepter,insect-glaive,Chrome Trident I,N/A,10,744,0,N/A,False,Thunder,210.0,N/A,N/A,N/A,2,0,0,spirit_strength,N/A,N/A,N/A,N/A,N/A,N/A,N/A,Royal Bolt Scepter,insect-glaive,Upgrade,Zinogre Hardclaw,3,Zinogre Deathly Shocker,2.0,Zinogre Cortex,5.0,Lightning Sac,3.0,insect-glaive,False,90,80,30,30,80,90,0
1953,2815,Royal Bolt Scepter+,insect-glaive,Royal Bolt Scepter,N/A,11,775,0,N/A,False,Thunder,270.0,N/A,N/A,N/A,2,0,0,spirit_strength,N/A,N/A,N/A,N/A,N/A,N/A,N/A,Royal Bolt Scepter+,insect-glaive,Upgrade,Zinogre Hardhorn,3,Zinogre Electrofur+,4.0,Fulgurbug,5.0,Zinogre Skymerald,1.0,insect-glaive,False,120,30,90,30,30,80,20
1954,2816,Despot's Twinbolt,insect-glaive,Royal Bolt Scepter+,N/A,12,806,0,N/A,False,Thunder,360.0,N/A,N/A,N/A,2,0,0,spirit_strength,N/A,N/A,N/A,N/A,N/A,N/A,N/A,Despot's Twinbolt,insect-glaive,Upgrade,Spiritvein Solidbone,5,Zinogre Hardhorn,2.0,Zinogre Deathly Shocker,5.0,Large Elder Dragon Gem,1.0,insect-glaive,False,110,30,90,30,30,90,20
1955,839,Nergal Reaper,insect-glaive,Chrome Blade I,N/A,7,620,0,N/A,False,Dragon,120.0,N/A,N/A,high,1,0,0,sever,N/A,N/A,N/A,N/A,N/A,N/A,N/A,Nergal Reaper,insect-glaive,Upgrade,Nergigante Talon,3,Nergigante Regrowth Plate,4.0,Nergigante Tail,2.0,Nergigante Carapace,2.0,insect-glaive,True,110,120,40,50,80,0,0
1956,840,Catastrophe's Light,insect-glaive,Nergal Reaper,N/A,8,651,0,N/A,False,Dragon,150.0,N/A,N/A,high,1,0,0,sever,N/A,N/A,N/A,N/A,N/A,N/A,N/A,Catastrophe's Light,insect-glaive,Upgrade,Xeno'jiiva Horn,2,Nergigante Horn+,5.0,Nergigante Talon,5.0,Nergigante Gem,1.0,insect-glaive,True,100,120,40,50,90,0,0
1957,2817,Ruinous Catastrophe,insect-glaive,Catastrophe's Light,N/A,12,899,0,N/A,False,Dragon,180.0,N/A,N/A,high,1,0,0,sever,N/A,N/A,N/A,N/A,N/A,N/A,N/A,Ruinous Catastrophe,insect-glaive,Upgrade,Annihilating Greathorn,3,Nergigante Hardclaw,4.0,Eternal Regrowth Plate,5.0,Large Elder Dragon Gem,1.0,insect-glaive,True,80,30,30,110,40,110,0
1958,841,Flame Glaive I,insect-glaive,Steel Blade I,N/A,4,372,10,N/A,False,Fire,90.0,N/A,N/A,N/A,0,0,0,sever,N/A,N/A,N/A,N/A,N/A,N/A,N/A,Flame Glaive I,insect-glaive,Upgrade,Rathalos Scale,1,Rathalos Webbing,2.0,Flame Sac,2.0,Rathalos Marrow,1.0,insect-glaive,False,60,50,80,110,0,0,0
1959,842,Flame Glaive II,insect-glaive,Flame Glaive I,N/A,5,465,10,N/A,False,Fire,120.0,N/A,N/A,N/A,1,0,0,sever,N/A,N/A,N/A,N/A,N/A,N/A,N/A,Flame Glaive II,insect-glaive,Upgrade,Rathalos Scale,6,Rathalos Tail,2.0,Rathalos Plate,1.0,Inferno Sac,3.0,insect-glaive,False,100,50,80,100,20,0,0
1960,843,Rathmaul,insect-glaive,Flame Glaive II,N/A,6,527,20,N/A,False,Fire,150.0,N/A,N/A,N/A,1,0,0,sever,N/A,N/A,N/A,N/A,N/A,N/A,N/A,Rathmaul,insect-glaive,Upgrade,Rathalos Scale+,6,Rathalos Carapace,4.0,Rathalos Wing,2.0,Rathalos Medulla,1.0,insect-glaive,False,90,50,50,80,80,0,0
1961,844,Firedance Rathmaul,insect-glaive,Rathmaul,N/A,7,589,20,N/A,False,Fire,180.0,N/A,N/A,N/A,1,0,0,sever,N/A,N/A,N/A,N/A,N/A,N/A,N/A,Firedance Rathmaul,insect-glaive,Upgrade,Azure Rathalos Scale+,6,Azure Rathalos Carapace,4.0,Azure Rathalos Wing,3.0,Rathalos Ruby,1.0,insect-glaive,False,90,60,60,100,60,30,0
1962,2818,Firedance Rathmaul+,insect-glaive,Firedance Rathmaul,N/A,10,651,20,N/A,False,Fire,210.0,N/A,N/A,N/A,1,0,0,sever,N/A,N/A,N/A,N/A,N/A,N/A,N/A,Firedance Rathmaul+,insect-glaive,Upgrade,Rathalos Shard,6,Rathalos Cortex,4.0,Rathalos Fellwing,2.0,Rath Wingtalon+,4.0,insect-glaive,False,100,100,40,50,60,50,0
1963,2819,Azure Flightmaster,insect-glaive,Firedance Rathmaul+,N/A,10,744,20,N/A,False,Fire,240.0,N/A,N/A,N/A,1,0,0,sever,N/A,N/A,N/A,N/A,N/A,N/A,N/A,Azure Flightmaster,insect-glaive,Upgrade,Azure Rathalos Shard,6,Azure Rathalos Cortex,4.0,Azure Rathalos Fellwing,3.0,Rathalos Mantle,1.0,insect-glaive,False,100,30,30,110,40,90,0
1964,2820,Blossomajesty,insect-glaive,Azure Flightmaster,N/A,12,837,20,N/A,False,Fire,270.0,N/A,N/A,N/A,2,0,0,sever,N/A,N/A,N/A,N/A,N/A,N/A,N/A,Blossomajesty,insect-glaive,Upgrade,Silver Rathalos Shard,8,Silver Rathalos Cortex,4.0,Silver Rathalos Lash,3.0,Rath Gleam,2.0,insect-glaive,False,120,30,30,60,50,80,30
1965,845,Kulu Blade I,insect-glaive,Iron Blade II,N/A,2,310,10,N/A,False,N/A,N/A,N/A,N/A,N/A,0,0,0,speed,N/A,N/A,N/A,N/A,N/A,N/A,N/A,Kulu Blade I,insect-glaive,Upgrade,Kulu-Ya-Ku Beak,1,Kulu-Ya-Ku Hide,2.0,Kulu-Ya-Ku Scale,3.0,N/A,N/A,insect-glaive,False,60,70,30,90,0,0,0
1966,846,Kulu Blade II,insect-glaive,Kulu Blade I,N/A,3,341,10,N/A,False,N/A,N/A,N/A,N/A,N/A,0,0,0,speed,N/A,N/A,N/A,N/A,N/A,N/A,N/A,Kulu Blade II,insect-glaive,Upgrade,Radobaan Scale,3,Kulu-Ya-Ku Beak,2.0,Kulu-Ya-Ku Plume,2.0,Boulder Bone,3.0,insect-glaive,False,60,50,80,110,0,0,0
1967,847,Kulu Blade III,insect-glaive,Kulu Blade II,N/A,4,434,10,N/A,False,N/A,N/A,N/A,N/A,N/A,0,0,0,speed,N/A,N/A,N/A,N/A,N/A,N/A,N/A,Kulu Blade III,insect-glaive,Upgrade,Odogaron Claw,2,Kulu-Ya-Ku Beak,2.0,Kulu-Ya-Ku Plume,4.0,Warped Bone,3.0,insect-glaive,False,50,50,80,120,0,0,0
1968,848,Ya-Ku Wrath I,insect-glaive,Kulu Blade III,N/A,5,465,20,N/A,True,Sleep,150.0,N/A,N/A,N/A,0,0,0,speed,N/A,N/A,N/A,N/A,N/A,N/A,N/A,Ya-Ku Wrath I,insect-glaive,Upgrade,Kulu-Ya-Ku Beak+,3,Kulu-Ya-Ku Hide+,4.0,Kulu-Ya-Ku Scale+,6.0,N/A,N/A,insect-glaive,False,90,50,50,80,80,0,0
1969,849,Ya-Ku Wrath II,insect-glaive,Ya-Ku Wrath I,N/A,6,496,20,N/A,True,Sleep,180.0,N/A,N/A,N/A,0,0,0,speed,N/A,N/A,N/A,N/A,N/A,N/A,N/A,Ya-Ku Wrath II,insect-glaive,Upgrade,Odogaron Claw+,2,Kulu-Ya-Ku Beak+,4.0,Kulu-Ya-Ku Plume+,3.0,Brutal Bone,3.0,insect-glaive,False,80,50,50,80,90,0,0
1970,850,Ya-Ku Wrath III,insect-glaive,Ya-Ku Wrath II,N/A,6,527,20,N/A,True,Sleep,210.0,N/A,N/A,N/A,0,0,0,speed,N/A,N/A,N/A,N/A,N/A,N/A,N/A,Ya-Ku Wrath III,insect-glaive,Upgrade,Nergigante Talon,2,Kulu-Ya-Ku Beak+,5.0,Kulu-Ya-Ku Plume+,4.0,Bird Wyvern Gem,1.0,insect-glaive,False,80,60,60,100,70,30,0
1971,2821,Yatir al-Nasr I,insect-glaive,Ya-Ku Wrath III,N/A,9,651,20,N/A,True,Sleep,240.0,N/A,N/A,N/A,0,0,0,speed,N/A,N/A,N/A,N/A,N/A,N/A,N/A,Yatir al-Nasr I,insect-glaive,Create,Large Kulu-Ya-Ku Beak,2,Kulu-Ya-Ku Thickhide,4.0,Kulu-Ya-Ku Shard,5.0,Fey Wyvern Gem,1.0,insect-glaive,False,100,30,30,110,40,90,0
1972,2821,Yatir al-Nasr I,insect-glaive,Ya-Ku Wrath III,N/A,9,651,20,N/A,True,Sleep,240.0,N/A,N/A,N/A,0,0,0,speed,N/A,N/A,N/A,N/A,N/A,N/A,N/A,Yatir al-Nasr I,insect-glaive,Upgrade,Large Kulu-Ya-Ku Beak,1,Kulu-Ya-Ku Thickhide,2.0,Kulu-Ya-Ku Shard,3.0,Thick Bone,2.0,insect-glaive,False,100,30,30,110,40,90,0
1973,2822,Yatir al-Nasr II,insect-glaive,Yatir al-Nasr I,N/A,10,775,20,N/A,True,Sleep,300.0,N/A,N/A,N/A,0,0,0,speed,N/A,N/A,N/A,N/A,N/A,N/A,N/A,Yatir al-Nasr II,insect-glaive,Upgrade,Nargacuga Hardfang,2,Large Kulu-Ya-Ku Beak,2.0,Large Kulu-Ya-Ku Plume,3.0,Monster Slogbone,3.0,insect-glaive,False,100,30,30,110,40,90,0
1974,2823,Dios Rod,insect-glaive,Yatir al-Nasr I,N/A,10,682,0,N/A,False,Blast,270.0,N/A,N/A,N/A,0,0,0,blunt,N/A,N/A,N/A,N/A,N/A,N/A,N/A,Dios Rod,insect-glaive,Upgrade,Brachydios Crown,2,Brachydios Cortex,4.0,Glowing Slime,3.0,Meldspar Ore,3.0,insect-glaive,False,80,30,30,110,40,110,0
1975,2824,Electrorod,insect-glaive,Dios Rod,N/A,10,775,0,N/A,False,Blast,360.0,N/A,N/A,N/A,1,0,0,blunt,N/A,N/A,N/A,N/A,N/A,N/A,N/A,Electrorod,insect-glaive,Upgrade,Azure Rathalos Fellwing,2,Brachydios Pounder+,3.0,Brachydios Lash,2.0,Glowing Slime,5.0,insect-glaive,False,80,30,30,110,40,110,0
1976,851,Luminous Blade I,insect-glaive,Kulu Blade I,N/A,3,372,0,N/A,False,N/A,N/A,N/A,N/A,N/A,0,0,0,speed,N/A,N/A,N/A,N/A,N/A,N/A,N/A,Luminous Blade I,insect-glaive,Upgrade,Tzitzi-Ya-Ku Claw,2,Tzitzi-Ya-Ku Photophore,1.0,Tzitzi-Ya-Ku Scale,3.0,N/A,N/A,insect-glaive,False,70,50,80,100,0,0,0
1977,852,Luminous Blade II,insect-glaive,Luminous Blade I,N/A,4,434,0,N/A,False,N/A,N/A,N/A,N/A,N/A,0,0,0,speed,N/A,N/A,N/A,N/A,N/A,N/A,N/A,Luminous Blade II,insect-glaive,Upgrade,Legiana Tail Webbing,2,Tzitzi-Ya-Ku Claw,3.0,Tzitzi-Ya-Ku Photophore,2.0,Sharp Claw,3.0,insect-glaive,False,60,50,80,110,0,0,0
1978,853,Destroyer Bo I,insect-glaive,Luminous Blade II,N/A,5,496,0,N/A,True,Thunder,240.0,N/A,N/A,N/A,1,0,0,speed,N/A,N/A,N/A,N/A,N/A,N/A,N/A,Destroyer Bo I,insect-glaive,Upgrade,Tzitzi-Ya-Ku Claw+,3,Tzitzi-Ya-Ku Photophore+,1.0,Tzitzi-Ya-Ku Scale+,5.0,Lightcrystal,1.0,insect-glaive,False,100,50,50,80,70,0,0
1979,854,Destroyer Bo II,insect-glaive,Destroyer Bo I,N/A,6,527,0,N/A,True,Thunder,270.0,N/A,N/A,N/A,2,0,0,speed,N/A,N/A,N/A,N/A,N/A,N/A,N/A,Destroyer Bo II,insect-glaive,Upgrade,Legiana Wing,2,Tzitzi-Ya-Ku Claw+,4.0,Tzitzi-Ya-Ku Photophore+,2.0,Piercing Claw,5.0,insect-glaive,False,90,50,50,80,80,0,0
1980,855,Destroyer Bo III,insect-glaive,Destroyer Bo II,N/A,6,558,0,N/A,True,Thunder,300.0,N/A,N/A,N/A,3,0,0,speed,N/A,N/A,N/A,N/A,N/A,N/A,N/A,Destroyer Bo III,insect-glaive,Upgrade,Daora Webbing,2,Tzitzi-Ya-Ku Claw+,5.0,Tzitzi-Ya-Ku Photophore+,3.0,Bird Wyvern Gem,1.0,insect-glaive,False,80,50,60,120,50,40,0
1981,2825,Diving Destroyer I,insect-glaive,Destroyer Bo III,N/A,9,682,0,N/A,True,Thunder,360.0,N/A,N/A,N/A,3,0,0,speed,N/A,N/A,N/A,N/A,N/A,N/A,N/A,Diving Destroyer I,insect-glaive,Create,Tzitzi-Ya-Ku Hardclaw,3,Tzitzi-Ya-Ku Photomembrane,2.0,Tzitzi-Ya-Ku Shard,4.0,Fey Wyvern Gem,1.0,insect-glaive,False,110,30,30,110,40,80,0
1982,2825,Diving Destroyer I,insect-glaive,Destroyer Bo III,N/A,9,682,0,N/A,True,Thunder,360.0,N/A,N/A,N/A,3,0,0,speed,N/A,N/A,N/A,N/A,N/A,N/A,N/A,Diving Destroyer I,insect-glaive,Upgrade,Tzitzi-Ya-Ku Hardclaw,1,Tzitzi-Ya-Ku Photomembrane,1.0,Tzitzi-Ya-Ku Shard,2.0,Tough Claw,2.0,insect-glaive,False,110,30,30,110,40,80,0
1983,2826,Diving Destroyer II,insect-glaive,Diving Destroyer I,N/A,10,806,0,N/A,True,Thunder,390.0,N/A,N/A,N/A,3,0,0,speed,N/A,N/A,N/A,N/A,N/A,N/A,N/A,Diving Destroyer II,insect-glaive,Upgrade,Legiana Hardclaw,2,Tzitzi-Ya-Ku Hardclaw,2.0,Tzitzi-Ya-Ku Photomembrane,1.0,Purecrystal,1.0,insect-glaive,False,80,30,30,110,40,110,0
1984,2827,Hidden Cane I,insect-glaive,Diving Destroyer I,N/A,10,682,10,N/A,True,Poison,270.0,N/A,N/A,N/A,0,0,0,sever,N/A,N/A,N/A,N/A,N/A,N/A,N/A,Hidden Cane I,insect-glaive,Upgrade,Nargacuga Hardfang,2,Nargacuga Shard,3.0,Nargacuga Tailspear,2.0,Meldspar Ore,1.0,insect-glaive,False,100,80,30,30,80,80,0
1985,2828,Hidden Cane II,insect-glaive,Hidden Cane I,N/A,10,713,15,N/A,True,Poison,360.0,N/A,N/A,N/A,1,0,0,sever,N/A,N/A,N/A,N/A,N/A,N/A,N/A,Hidden Cane II,insect-glaive,Upgrade,Fulgur Anjanath Hardfang,2,Nargacuga Cutwing+,3.0,Nargacuga Lash,2.0,Nargacuga Mantle,1.0,insect-glaive,False,130,20,20,70,40,30,90
1986,856,Frost Blade I,insect-glaive,Luminous Blade I,N/A,4,434,0,N/A,False,Ice,150.0,N/A,N/A,N/A,0,0,0,element,N/A,N/A,N/A,N/A,N/A,N/A,N/A,Frost Blade I,insect-glaive,Upgrade,Legiana Claw,3,Legiana Scale,4.0,Frost Sac,2.0,Coral Crystal,3.0,insect-glaive,False,50,50,80,120,0,0,0
1987,857,Frost Blade II,insect-glaive,Frost Blade I,N/A,5,465,0,N/A,False,Ice,180.0,N/A,N/A,N/A,1,1,0,element,N/A,N/A,N/A,N/A,N/A,N/A,N/A,Frost Blade II,insect-glaive,Upgrade,Carbalite Ore,5,Legiana Tail Webbing,2.0,Legiana Webbing,3.0,Shamos Scale+,5.0,insect-glaive,False,90,50,80,100,30,0,0
1988,858,Freeze Gale I,insect-glaive,Frost Blade II,N/A,6,496,0,N/A,False,Ice,210.0,N/A,N/A,N/A,2,2,0,element,N/A,N/A,N/A,N/A,N/A,N/A,N/A,Freeze Gale I,insect-glaive,Upgrade,Fucium Ore,5,Legiana Scale+,5.0,Legiana Wing,3.0,Freezer Sac,3.0,insect-glaive,False,100,50,50,80,70,0,0
1989,859,Freeze Gale II,insect-glaive,Freeze Gale I,N/A,6,527,0,N/A,False,Ice,240.0,N/A,N/A,N/A,2,2,0,element,N/A,N/A,N/A,N/A,N/A,N/A,N/A,Freeze Gale II,insect-glaive,Upgrade,Elder Dragon Blood,3,Legiana Claw+,5.0,Legiana Hide+,3.0,Wyvern Gem,1.0,insect-glaive,False,90,60,80,80,70,20,0
1990,2829,Freeze Gale III,insect-glaive,Freeze Gale II,N/A,9,620,0,N/A,False,Ice,270.0,N/A,N/A,N/A,2,2,0,element,N/A,N/A,N/A,N/A,N/A,N/A,N/A,Freeze Gale III,insect-glaive,Upgrade,Gracium,2,Eltalite Ore,4.0,Cryo Sac,1.0,Wulg Thickfur,3.0,insect-glaive,False,70,60,60,100,80,30,0
1991,2830,Amber Piton,insect-glaive,Freeze Gale III,N/A,10,651,15,N/A,False,Ice,300.0,N/A,N/A,N/A,0,0,0,element,N/A,N/A,N/A,N/A,N/A,N/A,N/A,Amber Piton,insect-glaive,Upgrade,Barioth Hardclaw,3,Barioth Cortex,4.0,Cryo Sac,4.0,Frozen Bone,3.0,insect-glaive,False,100,30,30,110,40,90,0
1992,2831,Amber Piton+,insect-glaive,Amber Piton,N/A,10,744,20,N/A,False,Ice,330.0,N/A,N/A,N/A,0,0,0,element,N/A,N/A,N/A,N/A,N/A,N/A,N/A,Amber Piton+,insect-glaive,Upgrade,Obsidian Icetalon,2,Amber Hardfang,3.0,Barioth Greatspike,3.0,Large Wyvern Gem,1.0,insect-glaive,False,100,30,30,110,40,90,0
1993,2832,Fenrir Storm,insect-glaive,Amber Piton+,N/A,11,775,25,N/A,False,Ice,360.0,N/A,N/A,N/A,0,0,0,element,N/A,N/A,N/A,N/A,N/A,N/A,N/A,Fenrir Storm,insect-glaive,Upgrade,Velkhana Hardclaw,2,Barioth Hardclaw,4.0,Amber Hardfang,2.0,Large Elder Dragon Bone,5.0,insect-glaive,False,100,30,30,110,40,90,0
1994,3232,Fenrir Rose,insect-glaive,Amber Piton,N/A,11,837,15,N/A,False,Ice,420.0,N/A,N/A,N/A,0,0,0,spirit_strength,N/A,N/A,N/A,N/A,N/A,N/A,N/A,Fenrir Rose,insect-glaive,Create,Frostfang Ticket,3,Silverwhite Frostfang,3.0,Bergcrusher Claw,2.0,Large Wyvern Gem,1.0,insect-glaive,False,10,30,50,50,60,120,80
1995,3232,Fenrir Rose,insect-glaive,Amber Piton,N/A,11,837,15,N/A,False,Ice,420.0,N/A,N/A,N/A,0,0,0,spirit_strength,N/A,N/A,N/A,N/A,N/A,N/A,N/A,Fenrir Rose,insect-glaive,Upgrade,Frostfang Ticket,2,Silverwhite Frostfang,3.0,Bergcrusher Claw,1.0,Gracium,5.0,insect-glaive,False,10,30,50,50,60,120,80
1996,860,Blooming Glaive I,insect-glaive,Iron Blade II,N/A,2,310,0,N/A,False,Poison,240.0,N/A,N/A,N/A,0,0,0,health,N/A,N/A,N/A,N/A,N/A,N/A,N/A,Blooming Glaive I,insect-glaive,Upgrade,Pukei-Pukei Quill,2,Pukei-Pukei Scale,3.0,Poison Sac,1.0,N/A,N/A,insect-glaive,False,70,70,30,80,0,0,0
1997,861,Blooming Glaive II,insect-glaive,Blooming Glaive I,N/A,3,341,0,N/A,False,Poison,270.0,N/A,N/A,N/A,0,0,0,health,N/A,N/A,N/A,N/A,N/A,N/A,N/A,Blooming Glaive II,insect-glaive,Upgrade,Coral Crystal,3,Pukei-Pukei Sac,2.0,Pukei-Pukei Shell,3.0,Pukei-Pukei Tail,1.0,insect-glaive,False,70,50,80,100,0,0,0
1998,862,Blooming Glaive III,insect-glaive,Blooming Glaive II,N/A,4,403,0,N/A,False,Poison,300.0,N/A,N/A,N/A,0,0,0,health,N/A,N/A,N/A,N/A,N/A,N/A,N/A,Blooming Glaive III,insect-glaive,Upgrade,Monster Bone+,2,Pukei-Pukei Quill,4.0,Pukei-Pukei Sac,2.0,Poison Sac,2.0,insect-glaive,False,50,50,80,120,0,0,0
1999,863,Datura Blade I,insect-glaive,Blooming Glaive III,N/A,5,465,0,N/A,False,Poison,330.0,N/A,N/A,N/A,1,1,0,health,N/A,N/A,N/A,N/A,N/A,N/A,N/A,Datura Blade I,insect-glaive,Create,Pukei-Pukei Wing,4,Pukei-Pukei Sac+,3.0,Toxin Sac,2.0,Carbalite Ore,8.0,insect-glaive,False,90,50,80,100,30,0,0
2000,863,Datura Blade I,insect-glaive,Blooming Glaive III,N/A,5,465,0,N/A,False,Poison,330.0,N/A,N/A,N/A,1,1,0,health,N/A,N/A,N/A,N/A,N/A,N/A,N/A,Datura Blade I,insect-glaive,Upgrade,Pukei-Pukei Scale+,3,Pukei-Pukei Wing,2.0,Toxin Sac,2.0,Quality Bone,3.0,insect-glaive,False,90,50,80,100,30,0,0
2001,864,Datura Blade II,insect-glaive,Datura Blade I,N/A,6,496,0,N/A,False,Poison,360.0,N/A,N/A,N/A,1,1,0,health,N/A,N/A,N/A,N/A,N/A,N/A,N/A,Datura Blade II,insect-glaive,Upgrade,Monster Hardbone,3,Pukei-Pukei Wing,3.0,Pukei-Pukei Carapace,5.0,Toxin Sac,2.0,insect-glaive,False,90,50,50,80,80,0,0
2002,865,Datura Blade III,insect-glaive,Datura Blade II,N/A,6,527,0,N/A,False,Poison,390.0,N/A,N/A,N/A,2,1,0,health,N/A,N/A,N/A,N/A,N/A,N/A,N/A,Datura Blade III,insect-glaive,Upgrade,Vaal Hazak Wing,2,Pukei-Pukei Sac+,4.0,Pukei-Pukei Wing,6.0,Bird Wyvern Gem,1.0,insect-glaive,False,90,120,40,50,100,0,0
2003,2833,Datura Storm I,insect-glaive,Datura Blade III,N/A,9,620,0,N/A,False,Poison,420.0,N/A,N/A,N/A,2,1,0,stamina_health,N/A,N/A,N/A,N/A,N/A,N/A,N/A,Datura Storm I,insect-glaive,Upgrade,Pukei-Pukei Shard,3,Pukei-Pukei Fellwing,2.0,Deadly Poison Sac,2.0,Monster Toughbone,2.0,insect-glaive,False,60,80,30,30,80,120,0
2004,2834,Datura Storm II,insect-glaive,Datura Storm I,N/A,10,744,0,N/A,False,Poison,450.0,N/A,N/A,N/A,2,1,0,stamina_health,N/A,N/A,N/A,N/A,N/A,N/A,N/A,Datura Storm II,insect-glaive,Upgrade,Monster Slogbone,3,Rathian Surspike,2.0,Large Pukei-Pukei Sac,1.0,Pukei-Pukei Lash,1.0,insect-glaive,False,110,30,30,60,50,70,50
2005,2835,Nyx Blade I,insect-glaive,Datura Storm I,N/A,9,682,0,N/A,False,Sleep,270.0,N/A,N/A,N/A,2,0,0,speed,N/A,N/A,N/A,N/A,N/A,N/A,N/A,Nyx Blade I,insect-glaive,Upgrade,Nightshade Paolumu Thickfur,3,Paolumu Cortex,2.0,Nightshade Paolumu Fellwing,2.0,Torpor Sac,1.0,insect-glaive,False,60,80,30,30,80,120,0
2006,2836,Nyx Blade II,insect-glaive,Nyx Blade I,N/A,10,744,0,N/A,False,Sleep,300.0,N/A,N/A,N/A,2,0,0,speed,N/A,N/A,N/A,N/A,N/A,N/A,N/A,Nyx Blade II,insect-glaive,Upgrade,Black Diablos Chine,2,Nightshade Paolumu Shard,5.0,Nightshade Paolumu Fellwing,3.0,Large Wyvern Gem,1.0,insect-glaive,False,60,80,30,30,80,120,0
2007,866,Gama Cane I,insect-glaive,Datura Blade I,N/A,6,496,0,N/A,False,Blast,120.0,N/A,N/A,N/A,2,2,0,stamina,N/A,N/A,N/A,N/A,N/A,N/A,N/A,Gama Cane I,insect-glaive,Upgrade,Dodogama Talon,4,Dodogama Scale+,6.0,Dodogama Hide+,4.0,N/A,N/A,insect-glaive,False,100,100,40,40,70,0,0
2008,867,Gama Cane II,insect-glaive,Gama Cane I,N/A,7,527,0,N/A,False,Blast,150.0,N/A,N/A,N/A,2,2,0,stamina,N/A,N/A,N/A,N/A,N/A,N/A,N/A,Gama Cane II,insect-glaive,Upgrade,Fire Dragon Scale+,4,Dodogama Jaw,4.0,Dodogama Tail,3.0,Wyvern Gem,1.0,insect-glaive,False,130,110,40,40,60,20,0
2009,2837,Gama Magus I,insect-glaive,Gama Cane II,N/A,9,682,0,N/A,False,Blast,180.0,N/A,N/A,N/A,3,2,0,stamina_health,N/A,N/A,N/A,N/A,N/A,N/A,N/A,Gama Magus I,insect-glaive,Upgrade,Dodogama Hardclaw,2,Dodogama Shard,3.0,Dodogama Thickhide,2.0,Gastodon Husk,2.0,insect-glaive,False,100,80,30,30,80,80,0
2010,2838,Gama Magus II,insect-glaive,Gama Magus I,N/A,10,744,0,N/A,False,Blast,210.0,N/A,N/A,N/A,3,2,0,stamina_health,N/A,N/A,N/A,N/A,N/A,N/A,N/A,Gama Magus II,insect-glaive,Upgrade,Fine Brachydios Ebonshell,2,Dodogama Mandible,2.0,Dodogama Lash,1.0,Monster Slogbone,5.0,insect-glaive,False,140,30,30,60,50,60,30
2011,2839,Flaming Teuza,insect-glaive,Gama Magus I,N/A,10,713,0,N/A,False,Fire,240.0,N/A,N/A,N/A,1,0,0,spirit_strength,N/A,N/A,N/A,N/A,N/A,N/A,N/A,Flaming Teuza,insect-glaive,Upgrade,Glavenus Hardfang,2,Glavenus Shard,4.0,Molten Bursa,2.0,Eltalite Ore,6.0,insect-glaive,False,90,80,30,30,80,90,0
2012,2840,Flaming Teuza+,insect-glaive,Flaming Teuza,N/A,10,744,0,N/A,False,Fire,300.0,N/A,N/A,N/A,1,0,0,spirit_strength,N/A,N/A,N/A,N/A,N/A,N/A,N/A,Flaming Teuza+,insect-glaive,Upgrade,Ebony Odogaron Hardfang,2,Glavenus Hellshell,3.0,Glavenus Tailedge,2.0,Glavenus Mantle,1.0,insect-glaive,False,130,30,30,60,50,70,30
2013,2841,Glavenus Helldait,insect-glaive,Flaming Teuza+,N/A,11,806,0,N/A,False,Fire,360.0,N/A,N/A,N/A,1,0,0,spirit_strength,N/A,N/A,N/A,N/A,N/A,N/A,N/A,Glavenus Helldait,insect-glaive,Upgrade,Fire Dragon Hardclaw,2,Glavenus Hardfang,5.0,Glavenus Hellshell,4.0,Pure Dragon Blood,3.0,insect-glaive,False,110,30,30,60,50,90,30
2014,868,Bone Rod I,insect-glaive,N/A,N/A,1,279,0,N/A,False,N/A,N/A,N/A,N/A,N/A,0,0,0,blunt,N/A,N/A,N/A,N/A,N/A,N/A,N/A,Bone Rod I,insect-glaive,Create,Monster Bone S,1,N/A,N/A,N/A,N/A,N/A,N/A,insect-glaive,False,90,60,80,20,0,0,0
2015,869,Bone Rod II,insect-glaive,Bone Rod I,N/A,1,310,0,N/A,False,N/A,N/A,N/A,N/A,N/A,0,0,0,blunt,N/A,N/A,N/A,N/A,N/A,N/A,N/A,Bone Rod II,insect-glaive,Upgrade,Monster Bone S,2,N/A,N/A,N/A,N/A,N/A,N/A,insect-glaive,False,80,50,80,40,0,0,0
2016,870,Bone Rod III,insect-glaive,Bone Rod II,N/A,2,341,0,N/A,False,N/A,N/A,N/A,N/A,N/A,0,0,0,blunt,N/A,N/A,N/A,N/A,N/A,N/A,N/A,Bone Rod III,insect-glaive,Upgrade,Monster Bone M,2,Ancient Bone,1.0,N/A,N/A,N/A,N/A,insect-glaive,False,70,50,50,80,0,0,0
2017,871,Hard Bone Rod I,insect-glaive,Bone Rod III,N/A,3,434,0,N/A,False,N/A,N/A,N/A,N/A,N/A,0,0,0,blunt,N/A,N/A,N/A,N/A,N/A,N/A,N/A,Hard Bone Rod I,insect-glaive,Upgrade,Monster Bone L,1,Monster Bone M,5.0,Boulder Bone,2.0,N/A,N/A,insect-glaive,False,110,70,30,90,0,0,0
2018,872,Hard Bone Rod II,insect-glaive,Hard Bone Rod I,N/A,4,465,0,N/A,False,N/A,N/A,N/A,N/A,N/A,0,0,0,blunt,N/A,N/A,N/A,N/A,N/A,N/A,N/A,Hard Bone Rod II,insect-glaive,Upgrade,Monster Bone+,2,Monster Bone L,1.0,Sturdy Bone,4.0,N/A,N/A,insect-glaive,False,100,70,30,100,0,0,0
2019,873,Hard Bone Rod III,insect-glaive,Hard Bone Rod II,N/A,5,496,0,N/A,True,Paralysis,180.0,N/A,N/A,N/A,2,0,0,blunt,N/A,N/A,N/A,N/A,N/A,N/A,N/A,Hard Bone Rod III,insect-glaive,Upgrade,Monster Keenbone,2,Monster Bone+,2.0,Quality Bone,2.0,N/A,N/A,insect-glaive,False,130,70,30,100,20,0,0
2020,874,Aerial Rod I,insect-glaive,Hard Bone Rod III,N/A,6,527,0,10.0,True,Paralysis,210.0,N/A,N/A,N/A,2,0,0,blunt,N/A,N/A,N/A,N/A,N/A,N/A,N/A,Aerial Rod I,insect-glaive,Upgrade,Monster Hardbone,4,Monster Keenbone,6.0,Quality Bone,10.0,N/A,N/A,insect-glaive,False,100,100,40,40,70,0,0
2021,875,Aerial Rod II,insect-glaive,Aerial Rod I,N/A,6,589,0,10.0,True,Paralysis,210.0,N/A,N/A,N/A,3,0,0,blunt,N/A,N/A,N/A,N/A,N/A,N/A,N/A,Aerial Rod II,insect-glaive,Upgrade,Elder Dragon Bone,4,Monster Hardbone,6.0,Quality Bone,20.0,Dragonbone Relic,1.0,insect-glaive,False,90,120,40,50,100,0,0
2022,2842,Aerial Magus I,insect-glaive,Aerial Rod II,N/A,9,713,0,35.0,True,Paralysis,240.0,N/A,N/A,N/A,3,0,0,spirit_strength,N/A,N/A,N/A,N/A,N/A,N/A,N/A,Aerial Magus I,insect-glaive,Create,Thick Bone,6,Quality Bone,8.0,Monster Toughbone,4.0,Dragonbone Artifact,1.0,insect-glaive,False,90,100,40,50,70,50,0
2023,2842,Aerial Magus I,insect-glaive,Aerial Rod II,N/A,9,713,0,35.0,True,Paralysis,240.0,N/A,N/A,N/A,3,0,0,spirit_strength,N/A,N/A,N/A,N/A,N/A,N/A,N/A,Aerial Magus I,insect-glaive,Upgrade,Thick Bone,2,Quality Bone,4.0,Monster Hardbone,4.0,Frozen Bone,1.0,insect-glaive,False,90,100,40,50,70,50,0
2024,2843,Aerial Magus II,insect-glaive,Aerial Magus I,N/A,10,775,0,35.0,True,Paralysis,270.0,N/A,N/A,N/A,3,0,0,spirit_strength,N/A,N/A,N/A,N/A,N/A,N/A,N/A,Aerial Magus II,insect-glaive,Upgrade,Monster Solidbone,2,Monster Slogbone,3.0,Thick Bone,4.0,Monster Essence,2.0,insect-glaive,False,80,100,40,50,80,50,0
2025,2844,Aerial Magus III,insect-glaive,Aerial Magus II,N/A,11,837,0,35.0,True,Paralysis,300.0,N/A,N/A,N/A,3,0,0,spirit_strength,N/A,N/A,N/A,N/A,N/A,N/A,N/A,Aerial Magus III,insect-glaive,Upgrade,Large Elder Dragon Bone,3,Monster Solidbone,4.0,Thick Bone,6.0,Dragonbone Artifact,1.0,insect-glaive,False,70,100,40,50,90,50,0
2026,2845,Icescepter,insect-glaive,Aerial Magus II,N/A,11,806,0,N/A,False,Ice,210.0,N/A,N/A,N/A,4,0,0,speed,N/A,N/A,N/A,N/A,N/A,N/A,N/A,Icescepter,insect-glaive,Upgrade,Crystal Shard,4,Velkhana Hardclaw,2.0,Velkhana Lash,2.0,Purecrystal,1.0,insect-glaive,False,140,30,30,60,50,40,50
2027,2846,Wise Fylos,insect-glaive,Icescepter,N/A,12,837,0,N/A,False,Ice,240.0,N/A,N/A,N/A,4,0,0,speed,N/A,N/A,N/A,N/A,N/A,N/A,N/A,Wise Fylos,insect-glaive,Upgrade,Shara Ishvalda Tenderclaw,3,Velkhana Crownhorn,4.0,Velkhana Hardclaw,4.0,Velkhana Crystal,1.0,insect-glaive,False,130,30,30,60,50,50,50
2028,876,Hazak Entoma I,insect-glaive,Aerial Rod I,N/A,7,589,0,N/A,False,Dragon,150.0,N/A,N/A,average,2,0,0,blunt,N/A,N/A,N/A,N/A,N/A,N/A,N/A,Hazak Entoma I,insect-glaive,Upgrade,Vaal Hazak Talon,4,Vaal Hazak Fang+,5.0,Deceased Scale,6.0,Vaal Hazak Membrane,4.0,insect-glaive,False,130,110,40,40,60,20,0
2029,877,Hazak Entoma II,insect-glaive,Hazak Entoma I,N/A,7,620,0,N/A,False,Dragon,180.0,N/A,N/A,average,2,0,0,blunt,N/A,N/A,N/A,N/A,N/A,N/A,N/A,Hazak Entoma II,insect-glaive,Upgrade,Xeno'jiiva Veil,3,Vaal Hazak Talon,6.0,Vaal Hazak Tail,2.0,Vaal Hazak Gem,1.0,insect-glaive,False,200,70,20,20,50,40,0
2030,2847,Deathstaff Vaal Entoma,insect-glaive,Hazak Entoma II,N/A,11,775,0,N/A,False,Dragon,420.0,N/A,N/A,average,2,2,0,blunt,N/A,N/A,N/A,N/A,N/A,N/A,N/A,Deathstaff Vaal Entoma,insect-glaive,Upgrade,Vaal Hazak Hardclaw,3,Shadowpierce Fang,2.0,Deceased Shard,5.0,Deathweaver Membrane,3.0,insect-glaive,False,70,80,30,30,80,110,0
2031,2848,Hydros Arcana,insect-glaive,Hazak Entoma II,N/A,11,837,10,N/A,False,Water,330.0,N/A,N/A,N/A,1,0,0,spirit_strength,N/A,N/A,N/A,N/A,N/A,N/A,N/A,Hydros Arcana,insect-glaive,Upgrade,Namielle Hardclaw,4,Namielle Finehide,5.0,Namielle Whisker,2.0,Purecrystal,1.0,insect-glaive,False,70,30,30,110,40,120,0
2032,878,Flammenkaefer,insect-glaive,Bone Rod III,N/A,3,403,-20,N/A,False,Fire,210.0,N/A,N/A,N/A,0,0,0,blunt,N/A,N/A,N/A,N/A,N/A,N/A,N/A,Flammenkaefer,insect-glaive,Create,Anjanath Fang,5,Anjanath Pelt,4.0,Anjanath Tail,2.0,Anjanath Plate,1.0,insect-glaive,False,120,70,30,80,0,0,0
2033,878,Flammenkaefer,insect-glaive,Bone Rod III,N/A,3,403,-20,N/A,False,Fire,210.0,N/A,N/A,N/A,0,0,0,blunt,N/A,N/A,N/A,N/A,N/A,N/A,N/A,Flammenkaefer,insect-glaive,Upgrade,Anjanath Fang,3,Anjanath Scale,3.0,Anjanath Pelt,2.0,Flame Sac,2.0,insect-glaive,False,120,70,30,80,0,0,0
2034,879,Flammenkaefer+,insect-glaive,Flammenkaefer,N/A,5,558,-20,N/A,False,Fire,240.0,N/A,N/A,N/A,0,0,0,blunt,N/A,N/A,N/A,N/A,N/A,N/A,N/A,Flammenkaefer+,insect-glaive,Upgrade,Anjanath Fang+,4,Anjanath Scale+,5.0,Inferno Sac,3.0,Anjanath Plate,1.0,insect-glaive,False,100,100,40,40,70,0,0
2035,880,Gnashing Flammenkaefer,insect-glaive,Flammenkaefer+,N/A,7,651,-20,N/A,False,Fire,270.0,N/A,N/A,N/A,0,0,0,blunt,N/A,N/A,N/A,N/A,N/A,N/A,N/A,Gnashing Flammenkaefer,insect-glaive,Upgrade,Vaal Hazak Fang+,5,Anjanath Pelt+,4.0,Anjanath Nosebone+,2.0,Anjanath Gem,1.0,insect-glaive,False,100,120,40,50,90,0,0
2036,2849,Gnashing Flammenkaefer+,insect-glaive,Gnashing Flammenkaefer,N/A,9,713,-20,N/A,False,Fire,360.0,N/A,N/A,N/A,0,0,0,blunt,N/A,N/A,N/A,N/A,N/A,N/A,N/A,Gnashing Flammenkaefer+,insect-glaive,Upgrade,Anjanath Hardfang,1,Anjanath Shard,2.0,Conflagrant Sac,1.0,Eltalite Ore,3.0,insect-glaive,False,70,100,40,50,90,50,0
2037,2850,Lohenspire,insect-glaive,Gnashing Flammenkaefer+,N/A,10,837,-20,N/A,False,Fire,450.0,N/A,N/A,N/A,0,0,0,blunt,N/A,N/A,N/A,N/A,N/A,N/A,N/A,Lohenspire,insect-glaive,Upgrade,Azure Rathalos Cortex,2,Anjanath Fur,3.0,Heavy Anjanath Nosebone,2.0,Anjanath Lash,1.0,insect-glaive,False,70,100,40,50,90,50,0
2038,2851,Donnerspitze,insect-glaive,Gnashing Flammenkaefer+,N/A,10,744,5,N/A,False,Thunder,210.0,N/A,N/A,N/A,0,0,0,stamina_health,N/A,N/A,N/A,N/A,N/A,N/A,N/A,Donnerspitze,insect-glaive,Upgrade,Fulgur Anjanath Hardfang,1,Fulgur Anjanath Shard,2.0,Monster Solidbone,3.0,Meldspar Ore,2.0,insect-glaive,False,70,100,40,50,90,50,0
2039,2852,Donnerspitze+,insect-glaive,Donnerspitze,N/A,10,775,10,N/A,False,Thunder,240.0,N/A,N/A,N/A,0,0,0,stamina_health,N/A,N/A,N/A,N/A,N/A,N/A,N/A,Donnerspitze+,insect-glaive,Upgrade,Fulgur Anjanath Thickfur,3,Heavy Fulgur Anjanath Nosebone,2.0,Fulgur Anjanath Lash,1.0,Lightning Sac,3.0,insect-glaive,False,70,100,40,50,90,50,0
2040,2853,Fulguration's Tower,insect-glaive,Donnerspitze+,N/A,11,806,15,N/A,False,Thunder,270.0,N/A,N/A,N/A,0,0,0,stamina_health,N/A,N/A,N/A,N/A,N/A,N/A,N/A,Fulguration's Tower,insect-glaive,Upgrade,Kirin Silvermane,2,Fulgur Anjanath Hardfang,3.0,Fulgur Anjanath Thickfur,5.0,Fulgur Anjanath Mantle,1.0,insect-glaive,False,70,100,40,50,90,50,0
2041,881,Aqua Rod I,insect-glaive,Bone Rod II,N/A,2,341,0,N/A,False,Water,60.0,N/A,N/A,N/A,0,0,0,element,N/A,N/A,N/A,N/A,N/A,N/A,N/A,Aqua Rod I,insect-glaive,Upgrade,Boulder Bone,2,Jyuratodus Shell,1.0,Jyuratodus Scale,3.0,Aqua Sac,1.0,insect-glaive,False,80,50,50,70,0,0,0
2042,882,Aqua Rod II,insect-glaive,Aqua Rod I,N/A,3,372,0,N/A,False,Water,90.0,N/A,N/A,N/A,0,0,0,element,N/A,N/A,N/A,N/A,N/A,N/A,N/A,Aqua Rod II,insect-glaive,Upgrade,Sturdy Bone,5,Jyuratodus Fin,3.0,Jyuratodus Fang,2.0,Gajau Skin,3.0,insect-glaive,False,120,70,30,80,0,0,0
2043,883,Aqua Rod III,insect-glaive,Aqua Rod II,N/A,4,434,0,N/A,False,Water,120.0,N/A,N/A,N/A,0,0,0,element,N/A,N/A,N/A,N/A,N/A,N/A,N/A,Aqua Rod III,insect-glaive,Upgrade,Monster Bone+,2,Jyuratodus Fang,4.0,Coral Bone,2.0,Gajau Whisker,3.0,insect-glaive,False,100,70,30,100,0,0,0
2044,884,Water Glaive I,insect-glaive,Aqua Rod III,N/A,5,465,0,N/A,False,Water,150.0,N/A,N/A,N/A,2,0,0,element,N/A,N/A,N/A,N/A,N/A,N/A,N/A,Water Glaive I,insect-glaive,Create,Monster Keenbone,5,Jyuratodus Fin+,3.0,Torrent Sac,2.0,Wyvern Gem,1.0,insect-glaive,False,140,70,30,100,10,0,0
2045,884,Water Glaive I,insect-glaive,Aqua Rod III,N/A,5,465,0,N/A,False,Water,150.0,N/A,N/A,N/A,2,0,0,element,N/A,N/A,N/A,N/A,N/A,N/A,N/A,Water Glaive I,insect-glaive,Upgrade,Quality Bone,5,Jyuratodus Carapace,2.0,Jyuratodus Scale+,3.0,Gajau Scale,5.0,insect-glaive,False,140,70,30,100,10,0,0
2046,885,Water Glaive II,insect-glaive,Water Glaive I,N/A,6,527,0,N/A,False,Water,180.0,N/A,N/A,N/A,2,0,0,element,N/A,N/A,N/A,N/A,N/A,N/A,N/A,Water Glaive II,insect-glaive,Upgrade,Monster Hardbone,3,Jyuratodus Fin+,4.0,Torrent Sac,3.0,Grand Gajau Whisker,3.0,insect-glaive,False,100,100,40,40,70,0,0
2047,886,Water Glaive III,insect-glaive,Water Glaive II,N/A,6,589,0,N/A,False,Water,210.0,N/A,N/A,N/A,2,0,0,element,N/A,N/A,N/A,N/A,N/A,N/A,N/A,Water Glaive III,insect-glaive,Upgrade,Elder Dragon Bone,4,Jyuratodus Fin+,6.0,Jyuratodus Fang+,5.0,Wyvern Gem,1.0,insect-glaive,False,110,120,40,50,80,0,0
2048,2854,Water Glaive IV,insect-glaive,Water Glaive III,N/A,9,651,0,N/A,False,Water,330.0,N/A,N/A,N/A,2,0,0,element,N/A,N/A,N/A,N/A,N/A,N/A,N/A,Water Glaive IV,insect-glaive,Upgrade,Jyuratodus Grandfin,1,Jyuratodus Hardfang,1.0,Jyuratodus Shard,3.0,Gajau Thickhide,2.0,insect-glaive,False,90,30,30,110,40,100,0
2049,2855,Laguna Glaive I,insect-glaive,Water Glaive IV,N/A,9,682,0,N/A,False,Water,420.0,N/A,N/A,N/A,2,1,0,element,N/A,N/A,N/A,N/A,N/A,N/A,N/A,Laguna Glaive I,insect-glaive,Upgrade,Coral Pukei-Pukei Shard,3,Coral Pukei-Pukei Fellwing,2.0,Flood Sac,2.0,Bathycite Ore,2.0,insect-glaive,False,70,30,30,110,40,120,0
2050,2856,Laguna Glaive II,insect-glaive,Laguna Glaive I,N/A,10,744,0,N/A,False,Water,450.0,N/A,N/A,N/A,2,1,0,element,N/A,N/A,N/A,N/A,N/A,N/A,N/A,Laguna Glaive II,insect-glaive,Upgrade,Acidic Glavenus Hardfang,2,Monster Solidbone,3.0,Large Coral Pukei-Pukei Sac,1.0,Coral Pukei-Pukei Lash,1.0,insect-glaive,False,110,30,30,60,50,70,50
2051,2857,Rex Rod I,insect-glaive,Water Glaive IV,N/A,10,775,-15,N/A,True,Blast,210.0,N/A,N/A,N/A,0,0,0,blunt,N/A,N/A,N/A,N/A,N/A,N/A,N/A,Rex Rod I,insect-glaive,Upgrade,Tigrex Hardclaw,3,Tigrex Shard,4.0,Monster Slogbone,3.0,Thick Bone,5.0,insect-glaive,False,70,30,30,110,40,120,0
2052,2858,Rex Rod II,insect-glaive,Rex Rod I,N/A,10,837,-15,N/A,True,Blast,240.0,N/A,N/A,N/A,1,0,0,blunt,N/A,N/A,N/A,N/A,N/A,N/A,N/A,Rex Rod II,insect-glaive,Upgrade,Blackcurl Stouthorn,1,Tigrex Hardfang,3.0,Tigrex Lash,2.0,Tigrex Mantle,1.0,insect-glaive,False,50,30,30,110,40,140,0
2053,2859,Accursed Rod,insect-glaive,Rex Rod I,N/A,11,868,-30,N/A,True,Sleep,210.0,N/A,N/A,N/A,1,0,0,speed,N/A,N/A,N/A,N/A,N/A,N/A,N/A,Accursed Rod,insect-glaive,Upgrade,Brute Tigrex Hardclaw,3,Brute Tigrex Shard,5.0,Brute Tigrex Hardfang,2.0,Large Wyvern Gem,1.0,insect-glaive,False,90,20,30,90,90,40,40
2054,887,Diablos Rod I,insect-glaive,Aqua Rod II,N/A,4,496,-30,10.0,False,N/A,N/A,N/A,N/A,N/A,0,0,0,stamina,N/A,N/A,N/A,N/A,N/A,N/A,N/A,Diablos Rod I,insect-glaive,Upgrade,Twisted Horn,1,Diablos Fang,2.0,Diablos Shell,4.0,Monster Bone+,3.0,insect-glaive,False,110,70,30,90,0,0,0
2055,888,Diablos Rod II,insect-glaive,Diablos Rod I,N/A,5,620,-30,10.0,True,Ice,120.0,N/A,N/A,N/A,2,0,0,stamina,N/A,N/A,N/A,N/A,N/A,N/A,N/A,Diablos Rod II,insect-glaive,Upgrade,Monster Keenbone,4,Diablos Ridge,4.0,Diablos Tailcase,2.0,Diablos Marrow,1.0,insect-glaive,False,110,60,80,80,20,0,0
2056,889,Tyrannis Glaive I,insect-glaive,Diablos Rod II,N/A,6,682,-30,15.0,True,Ice,150.0,N/A,N/A,N/A,2,0,0,stamina,N/A,N/A,N/A,N/A,N/A,N/A,N/A,Tyrannis Glaive I,insect-glaive,Create,Diablos Cortex,3,Dragonbone Artifact,1.0,Majestic Horn,3.0,Wyvern Gem,1.0,insect-glaive,False,110,100,40,40,60,0,0
2057,889,Tyrannis Glaive I,insect-glaive,Diablos Rod II,N/A,6,682,-30,15.0,True,Ice,150.0,N/A,N/A,N/A,2,0,0,stamina,N/A,N/A,N/A,N/A,N/A,N/A,N/A,Tyrannis Glaive I,insect-glaive,Upgrade,Majestic Horn,3,Diablos Carapace,6.0,Diablos Ridge+,5.0,Blos Medulla,1.0,insect-glaive,False,110,100,40,40,60,0,0
2058,890,Tyrannis Glaive II,insect-glaive,Tyrannis Glaive I,N/A,7,713,-30,15.0,True,Ice,180.0,N/A,N/A,N/A,2,0,0,stamina,N/A,N/A,N/A,N/A,N/A,N/A,N/A,Tyrannis Glaive II,insect-glaive,Upgrade,Nergigante Horn+,2,Black Spiral Horn+,3.0,Black Diablos Carapace,4.0,Wyvern Gem,1.0,insect-glaive,False,90,50,60,120,60,20,0
2059,2860,Tyrannis Glaive III,insect-glaive,Tyrannis Glaive II,N/A,10,806,-30,25.0,True,Ice,210.0,N/A,N/A,N/A,2,0,0,stamina_health,N/A,N/A,N/A,N/A,N/A,N/A,N/A,Tyrannis Glaive III,insect-glaive,Upgrade,Twisted Stouthorn,3,Diablos Cortex,6.0,Diablos Chine,5.0,Monster Slogbone,3.0,insect-glaive,False,100,100,40,50,60,50,0
2060,2861,Thanatos Glaive,insect-glaive,Tyrannis Glaive III,N/A,10,899,-30,25.0,True,Ice,240.0,N/A,N/A,N/A,2,0,0,stamina_health,N/A,N/A,N/A,N/A,N/A,N/A,N/A,Thanatos Glaive,insect-glaive,Upgrade,Blackcurl Stouthorn,3,Black Diablos Cortex,3.0,Monster Solidbone,3.0,Large Wyvern Gem,1.0,insect-glaive,False,70,50,90,70,70,40,10
2061,2862,Sulfurteinn Spiran,insect-glaive,Tyrannis Glaive III,N/A,10,837,0,N/A,True,Paralysis,180.0,N/A,N/A,N/A,4,0,0,sever,N/A,N/A,N/A,N/A,N/A,N/A,N/A,Sulfurteinn Spiran,insect-glaive,Upgrade,Acidic Glavenus Hardfang,2,Acidic Glavenus Spineshell,2.0,Acidic Glavenus Tailedge,2.0,Honed Acidcryst,4.0,insect-glaive,False,160,100,30,30,50,30,0
2062,2863,The Trickling Spiral,insect-glaive,Sulfurteinn Spiran,N/A,11,899,0,N/A,True,Paralysis,210.0,N/A,N/A,N/A,4,0,0,sever,N/A,N/A,N/A,N/A,N/A,N/A,N/A,The Trickling Spiral,insect-glaive,Upgrade,Vaal Hazak Hardclaw,2,Acidic Glavenus Hardfang,4.0,Acidic Glavenus Spineshell,3.0,Glavenus Mantle,1.0,insect-glaive,False,60,50,110,90,60,20,10
2063,2864,Beo Glaive I,insect-glaive,Tyrannis Glaive II,N/A,9,620,0,N/A,False,Ice,270.0,N/A,N/A,N/A,2,1,0,blunt,N/A,N/A,N/A,N/A,N/A,N/A,N/A,Beo Glaive I,insect-glaive,Create,Beotodus Grandfin,2,Beotodus Hardhorn,2.0,Beotodus Shard,6.0,Frozen Bone,3.0,insect-glaive,False,90,30,30,110,40,100,0
2064,2864,Beo Glaive I,insect-glaive,Tyrannis Glaive II,N/A,9,620,0,N/A,False,Ice,270.0,N/A,N/A,N/A,2,1,0,blunt,N/A,N/A,N/A,N/A,N/A,N/A,N/A,Beo Glaive I,insect-glaive,Upgrade,Beotodus Grandfin,1,Beotodus Hardhorn,1.0,Beotodus Shard,3.0,Frozen Bone,1.0,insect-glaive,False,90,30,30,110,40,100,0
2065,2865,Beo Glaive II,insect-glaive,Beo Glaive I,N/A,10,775,0,N/A,False,Ice,420.0,N/A,N/A,N/A,2,1,0,blunt,N/A,N/A,N/A,N/A,N/A,N/A,N/A,Beo Glaive II,insect-glaive,Upgrade,Rimed Hide,2,Beotodus Grandfin,2.0,Cryo Sac,2.0,Large Wyvern Gem,1.0,insect-glaive,False,90,30,30,110,40,100,0
2066,891,Pulsar Rod I,insect-glaive,Bone Rod II,N/A,2,341,10,N/A,False,Thunder,90.0,N/A,N/A,N/A,0,0,0,speed,N/A,N/A,N/A,N/A,N/A,N/A,N/A,Pulsar Rod I,insect-glaive,Upgrade,Tobi-Kadachi Claw,1,Tobi-Kadachi Scale,3.0,Tobi-Kadachi Pelt,2.0,N/A,N/A,insect-glaive,False,60,70,30,90,0,0,0
2067,892,Pulsar Rod II,insect-glaive,Pulsar Rod I,N/A,3,372,10,N/A,False,Thunder,120.0,N/A,N/A,N/A,0,0,0,speed,N/A,N/A,N/A,N/A,N/A,N/A,N/A,Pulsar Rod II,insect-glaive,Upgrade,Tobi-Kadachi Electrode,2,Tobi-Kadachi Claw,3.0,Electro Sac,2.0,Coral Crystal,3.0,insect-glaive,False,100,70,30,100,0,0,0
2068,893,Pulsar Rod III,insect-glaive,Pulsar Rod II,N/A,4,434,10,N/A,False,Thunder,150.0,N/A,N/A,N/A,0,0,0,speed,N/A,N/A,N/A,N/A,N/A,N/A,N/A,Pulsar Rod III,insect-glaive,Upgrade,Monster Bone+,2,Tobi-Kadachi Electrode,2.0,Tobi-Kadachi Membrane,2.0,Warped Bone,2.0,insect-glaive,False,80,70,30,120,0,0,0
2069,894,Kadachi Pillar I,insect-glaive,Pulsar Rod III,N/A,5,465,10,N/A,False,Thunder,180.0,N/A,N/A,N/A,1,0,0,speed,N/A,N/A,N/A,N/A,N/A,N/A,N/A,Kadachi Pillar I,insect-glaive,Upgrade,Tobi-Kadachi Claw+,3,Tobi-Kadachi Scale+,4.0,Tobi-Kadachi Pelt+,3.0,Dragonvein Crystal,3.0,insect-glaive,False,90,100,40,40,80,0,0
2070,895,Kadachi Pillar II,insect-glaive,Kadachi Pillar I,N/A,6,527,10,N/A,False,Thunder,210.0,N/A,N/A,N/A,1,0,0,speed,N/A,N/A,N/A,N/A,N/A,N/A,N/A,Kadachi Pillar II,insect-glaive,Upgrade,Majestic Horn,2,Tobi-Kadachi Electrode+,2.0,Tobi-Kadachi Claw+,4.0,Thunder Sac,3.0,insect-glaive,False,80,100,40,40,90,0,0
2071,896,Kadachi Pillar III,insect-glaive,Kadachi Pillar II,N/A,6,558,10,N/A,False,Thunder,240.0,N/A,N/A,N/A,1,0,0,speed,N/A,N/A,N/A,N/A,N/A,N/A,N/A,Kadachi Pillar III,insect-glaive,Upgrade,Nergigante Talon,2,Tobi-Kadachi Electrode+,4.0,Tobi-Kadachi Claw+,6.0,Wyvern Gem,1.0,insect-glaive,False,190,70,20,20,60,40,0
2072,2866,Kadachi Fury I,insect-glaive,Kadachi Pillar III,N/A,9,651,10,N/A,False,Thunder,300.0,N/A,N/A,N/A,1,0,0,speed,N/A,N/A,N/A,N/A,N/A,N/A,N/A,Kadachi Fury I,insect-glaive,Create,Tobi-Kadachi Hardclaw,2,Tobi-Kadachi Cathode,2.0,Tobi-Kadachi Shard,6.0,Large Wyvern Gem,1.0,insect-glaive,False,90,30,30,110,40,100,0
2073,2866,Kadachi Fury I,insect-glaive,Kadachi Pillar III,N/A,9,651,10,N/A,False,Thunder,300.0,N/A,N/A,N/A,1,0,0,speed,N/A,N/A,N/A,N/A,N/A,N/A,N/A,Kadachi Fury I,insect-glaive,Upgrade,Tobi-Kadachi Hardclaw,1,Tobi-Kadachi Shard,2.0,Tobi-Kadachi Thickfur,2.0,Lightning Sac,1.0,insect-glaive,False,90,30,30,110,40,100,0
2074,2867,Kadachi Fury II,insect-glaive,Kadachi Fury I,N/A,10,713,10,N/A,False,Thunder,360.0,N/A,N/A,N/A,1,0,0,speed,N/A,N/A,N/A,N/A,N/A,N/A,N/A,Kadachi Fury II,insect-glaive,Upgrade,Hard Odogaron Sinew,2,Tobi-Kadachi Cathode,2.0,Tobi-Kadachi Hardclaw,2.0,Tobi-Kadachi Membrane+,2.0,insect-glaive,False,120,30,90,30,30,80,20
2075,2868,Kadachi Vipertail I,insect-glaive,Kadachi Fury I,N/A,9,713,10,N/A,False,Paralysis,210.0,N/A,N/A,N/A,1,0,0,speed,N/A,N/A,N/A,N/A,N/A,N/A,N/A,Kadachi Vipertail I,insect-glaive,Upgrade,Viper Tobi-Kadachi Hardclaw,1,Viper Tobi-Kadachi Shard,2.0,Viper Tobi-Kadachi Thickfur,2.0,Ultraplegia Sac,1.0,insect-glaive,False,90,30,30,110,40,100,0
2076,2869,Kadachi Vipertail II,insect-glaive,Kadachi Vipertail I,N/A,10,775,10,N/A,False,Paralysis,240.0,N/A,N/A,N/A,1,1,0,speed,N/A,N/A,N/A,N/A,N/A,N/A,N/A,Kadachi Vipertail II,insect-glaive,Upgrade,Acidic Glavenus Spineshell,2,Viper Tobi-Kadachi Thorn,2.0,Viper Tobi-Kadachi Hardclaw,2.0,Viper Tobi-Kadachi Membrane+,2.0,insect-glaive,False,120,30,90,30,30,80,20
2077,897,Garon Rod I,insect-glaive,Pulsar Rod II,N/A,4,403,10,N/A,False,N/A,N/A,N/A,N/A,N/A,0,0,0,speed,N/A,N/A,N/A,N/A,N/A,N/A,N/A,Garon Rod I,insect-glaive,Upgrade,Odogaron Claw,2,Odogaron Scale,4.0,Odogaron Fang,2.0,N/A,N/A,insect-glaive,False,90,70,30,110,0,0,0
2078,898,Garon Rod II,insect-glaive,Garon Rod I,N/A,5,434,10,N/A,True,Fire,90.0,N/A,N/A,N/A,1,0,0,speed,N/A,N/A,N/A,N/A,N/A,N/A,N/A,Garon Rod II,insect-glaive,Upgrade,Quality Bone,5,Odogaron Claw,2.0,Odogaron Tail,2.0,Odogaron Plate,1.0,insect-glaive,False,100,100,40,40,70,0,0
2079,899,Temptation's Trident,insect-glaive,Garon Rod II,N/A,6,465,20,N/A,True,Fire,120.0,N/A,N/A,N/A,2,0,0,speed,N/A,N/A,N/A,N/A,N/A,N/A,N/A,Temptation's Trident,insect-glaive,Create,Odogaron Shard,3,Dragonbone Artifact,1.0,Odogaron Scale+,8.0,Wyvern Gem,1.0,insect-glaive,False,90,100,40,40,80,0,0
2080,899,Temptation's Trident,insect-glaive,Garon Rod II,N/A,6,465,20,N/A,True,Fire,120.0,N/A,N/A,N/A,2,0,0,speed,N/A,N/A,N/A,N/A,N/A,N/A,N/A,Temptation's Trident,insect-glaive,Upgrade,Odogaron Claw+,4,Odogaron Scale+,8.0,Odogaron Fang+,3.0,Dragonbone Relic,1.0,insect-glaive,False,90,100,40,40,80,0,0
2081,900,Vice,insect-glaive,Temptation's Trident,N/A,8,496,20,N/A,True,Fire,150.0,N/A,N/A,N/A,2,0,0,speed,N/A,N/A,N/A,N/A,N/A,N/A,N/A,Vice,insect-glaive,Upgrade,Teostra Claw+,2,Odogaron Claw+,6.0,Odogaron Fang+,5.0,Odogaron Gem,1.0,insect-glaive,True,200,70,20,20,50,40,0
2082,2870,Vice+,insect-glaive,Vice,N/A,10,682,20,N/A,True,Fire,210.0,N/A,N/A,N/A,2,0,0,speed,N/A,N/A,N/A,N/A,N/A,N/A,N/A,Vice+,insect-glaive,Upgrade,Odogaron Hardclaw,2,Odogaron Shard,3.0,Odogaron Hardfang,2.0,Monster Slogbone,3.0,insect-glaive,True,100,80,30,30,80,80,0
2083,2871,Cruelty,insect-glaive,Vice+,N/A,10,713,35,N/A,True,Fire,330.0,N/A,N/A,N/A,2,0,0,speed,N/A,N/A,N/A,N/A,N/A,N/A,N/A,Cruelty,insect-glaive,Upgrade,Acidic Glavenus Tailedge,2,Odogaron Hardclaw,4.0,Odogaron Lash,2.0,Odogaron Mantle,1.0,insect-glaive,True,100,80,30,30,80,80,0
2084,2872,Nether Vajra,insect-glaive,Vice+,N/A,10,713,20,N/A,False,Dragon,240.0,N/A,N/A,high,0,0,0,spirit_strength,N/A,N/A,N/A,N/A,N/A,N/A,N/A,Nether Vajra,insect-glaive,Upgrade,Ebony Odogaron Hardclaw,3,Ebony Odogaron Shard,5.0,Ebony Odogaron Hardfang,2.0,Dragonbone Artifact,1.0,insect-glaive,True,100,80,30,30,80,80,0
2085,2873,Deadline,insect-glaive,Nether Vajra,N/A,11,744,25,N/A,False,Dragon,300.0,N/A,N/A,high,0,0,0,spirit_strength,N/A,N/A,N/A,N/A,N/A,N/A,N/A,Deadline,insect-glaive,Upgrade,Namielle Hardclaw,2,Ebony Odogaron Hardclaw,4.0,Ebony Odogaron Lash,2.0,Ebony Odogaron Mantle,1.0,insect-glaive,True,100,80,30,30,80,80,0
2086,901,Dragonbone Glaive I,insect-glaive,N/A,N/A,3,310,0,N/A,False,Dragon,300.0,N/A,N/A,low,0,0,0,element,N/A,N/A,N/A,N/A,N/A,N/A,N/A,Dragonbone Glaive I,insect-glaive,Create,Warped Bone,5,Coral Bone,5.0,Boulder Bone,5.0,Ancient Bone,5.0,insect-glaive,False,110,70,30,90,0,0,0
2087,902,Dragonbone Glaive II,insect-glaive,Dragonbone Glaive I,N/A,4,341,0,N/A,False,Dragon,330.0,N/A,N/A,low,0,0,0,element,N/A,N/A,N/A,N/A,N/A,N/A,N/A,Dragonbone Glaive II,insect-glaive,Upgrade,Monster Bone+,6,Monster Bone L,8.0,Sturdy Bone,8.0,N/A,N/A,insect-glaive,False,70,70,30,130,0,0,0
2088,903,Dragonbone Glaive III,insect-glaive,Dragonbone Glaive II,N/A,6,496,0,N/A,False,Dragon,390.0,N/A,N/A,low,1,1,0,element,N/A,N/A,N/A,N/A,N/A,N/A,N/A,Dragonbone Glaive III,insect-glaive,Upgrade,Elder Dragon Bone,10,Brutal Bone,4.0,Dragonbone Relic,2.0,Wyvern Gem,1.0,insect-glaive,False,120,110,40,40,70,20,0
2089,2874,Dragonseal Aldstaff I,insect-glaive,Dragonbone Glaive III,N/A,10,651,0,N/A,False,Dragon,450.0,N/A,N/A,average,1,1,0,element,N/A,N/A,N/A,N/A,N/A,N/A,N/A,Dragonseal Aldstaff I,insect-glaive,Upgrade,Monster Solidbone,3,Monster Slogbone,4.0,Thick Bone,6.0,Dragonbone Artifact,1.0,insect-glaive,False,60,60,60,100,90,30,0
2090,2875,Dragonseal Aldstaff II,insect-glaive,Dragonseal Aldstaff I,N/A,11,744,0,N/A,False,Dragon,480.0,N/A,N/A,average,1,1,0,element,N/A,N/A,N/A,N/A,N/A,N/A,N/A,Dragonseal Aldstaff II,insect-glaive,Upgrade,Large Elder Dragon Bone,6,Monster Solidbone,4.0,Lavasioth Grandfin,2.0,Large Wyvern Gem,1.0,insect-glaive,False,50,60,20,150,90,30,0
2091,2876,Infinite Wisdom,insect-glaive,Dragonseal Aldstaff I,N/A,12,868,0,30.0,True,Dragon,390.0,N/A,N/A,high,1,1,0,spirit_strength,N/A,N/A,N/A,N/A,N/A,N/A,N/A,Infinite Wisdom,insect-glaive,Upgrade,Shara Ishvalda Tenderclaw,4,Shara Ishvalda Tenderscale,6.0,Shara Ishvalda Tenderplate,2.0,Shara Ishvalda Gem,1.0,insect-glaive,False,160,30,30,60,50,40,30
2092,904,Indigo Flash,insect-glaive,Dragonbone Glaive I,N/A,4,341,0,N/A,False,Thunder,300.0,N/A,N/A,N/A,0,0,0,element,N/A,N/A,N/A,N/A,N/A,N/A,N/A,Indigo Flash,insect-glaive,Upgrade,Kirin Thunderhorn,3,Kirin Hide,3.0,Kirin Tail,1.0,Lightcrystal,1.0,insect-glaive,False,40,50,80,130,0,0,0
2093,905,Azure Bolt,insect-glaive,Indigo Flash,N/A,7,434,0,N/A,False,Thunder,330.0,N/A,N/A,N/A,0,0,0,element,N/A,N/A,N/A,N/A,N/A,N/A,N/A,Azure Bolt,insect-glaive,Upgrade,Kirin Azure Horn,4,Kirin Hide+,5.0,Kirin Mane,4.0,Dragonvein Crystal,5.0,insect-glaive,False,110,20,20,140,110,0,0
2094,906,Verdant Levin,insect-glaive,Azure Bolt,N/A,8,496,0,N/A,False,Thunder,360.0,N/A,N/A,N/A,0,0,0,element,N/A,N/A,N/A,N/A,N/A,N/A,N/A,Verdant Levin,insect-glaive,Upgrade,Xeno'jiiva Shell,4,Kirin Azure Horn,6.0,Kirin Thundertail,3.0,Novacrystal,2.0,insect-glaive,False,110,20,20,120,130,0,0
2095,2877,Celestial Spire,insect-glaive,Verdant Levin,N/A,11,744,0,N/A,False,Thunder,450.0,N/A,N/A,N/A,0,0,0,element,N/A,N/A,N/A,N/A,N/A,N/A,N/A,Celestial Spire,insect-glaive,Upgrade,Kirin Azure Horn+,3,Kirin Finehide,4.0,Kirin Silvermane,3.0,Purecrystal,1.0,insect-glaive,False,50,80,30,30,80,130,0
2096,907,Blacksteel Glaive I,insect-glaive,N/A,N/A,5,310,0,N/A,False,Dragon,60.0,N/A,N/A,low,0,0,0,health,N/A,N/A,N/A,N/A,N/A,N/A,N/A,Blacksteel Glaive I,insect-glaive,Create,Dragonvein Crystal,10,Earth Crystal,10.0,Coral Crystal,10.0,Lightcrystal,1.0,insect-glaive,False,150,110,40,40,10,0,0
2097,908,Blacksteel Glaive II,insect-glaive,Blacksteel Glaive I,N/A,6,341,0,N/A,False,Dragon,90.0,N/A,N/A,low,0,0,0,health,N/A,N/A,N/A,N/A,N/A,N/A,N/A,Blacksteel Glaive II,insect-glaive,Upgrade,Firecell Stone,1,Fucium Ore,5.0,Carbalite Ore,10.0,Wyvern Gem,1.0,insect-glaive,False,140,110,40,40,20,0,0
2098,909,Daora's Entom,insect-glaive,Blacksteel Glaive II,N/A,7,527,10,N/A,False,Ice,150.0,N/A,N/A,N/A,2,0,0,health,N/A,N/A,N/A,N/A,N/A,N/A,N/A,Daora's Entom,insect-glaive,Upgrade,Daora Claw+,3,Daora Webbing,4.0,Nergigante Carapace,5.0,Daora Tail,2.0,insect-glaive,False,110,60,80,80,50,20,0
2099,910,Daora's Tethidine,insect-glaive,Daora's Entom,N/A,8,558,10,N/A,False,Ice,180.0,N/A,N/A,N/A,2,0,0,health,N/A,N/A,N/A,N/A,N/A,N/A,N/A,Daora's Tethidine,insect-glaive,Upgrade,Xeno'jiiva Wing,2,Daora Horn+,5.0,Daora Claw+,4.0,Daora Gem,1.0,insect-glaive,False,90,60,80,80,70,20,0
2100,2878,Daora's Samudra,insect-glaive,Daora's Tethidine,N/A,11,806,10,N/A,False,Ice,240.0,N/A,N/A,N/A,2,0,0,stamina_health,N/A,N/A,N/A,N/A,N/A,N/A,N/A,Daora's Samudra,insect-glaive,Upgrade,Daora Hardhorn,5,Daora Hardclaw,4.0,Daora Shard,5.0,Large Elder Dragon Gem,1.0,insect-glaive,False,130,30,30,60,50,70,30
2101,911,Xeno Shmaena,insect-glaive,Blacksteel Glaive II,N/A,8,558,15,N/A,False,Dragon,120.0,N/A,N/A,low,3,3,0,stamina,N/A,N/A,N/A,N/A,N/A,N/A,N/A,Xeno Shmaena,insect-glaive,Upgrade,Xeno'jiiva Claw,4,Xeno'jiiva Shell,6.0,Xeno'jiiva Tail,2.0,Xeno'jiiva Gem,1.0,insect-glaive,False,130,30,60,80,40,60,0
2102,1179,Bad Wing,insect-glaive,N/A,N/A,6,620,-25,N/A,False,Dragon,150.0,N/A,N/A,high,0,0,0,health,N/A,N/A,N/A,N/A,N/A,N/A,N/A,Bad Wing,insect-glaive,Create,Deviljho Scale,6,Deviljho Talon,2.0,Deviljho Tallfang,3.0,Deviljho Saliva,2.0,insect-glaive,False,60,120,80,60,30,50,0
2103,1180,Grunge Storm,insect-glaive,Bad Wing,N/A,7,682,-25,N/A,False,Dragon,210.0,N/A,N/A,high,0,0,0,health,N/A,N/A,N/A,N/A,N/A,N/A,N/A,Grunge Storm,insect-glaive,Upgrade,Elder Dragon Blood,5,Deviljho Scalp,2.0,Deviljho Tallfang,5.0,Deviljho Gem,1.0,insect-glaive,False,50,120,80,60,40,50,0
2104,2879,Fate's Wing,insect-glaive,Grunge Storm,N/A,12,868,-25,N/A,False,Dragon,270.0,N/A,N/A,high,0,0,0,stamina_health,N/A,N/A,N/A,N/A,N/A,N/A,N/A,Fate's Wing,insect-glaive,Upgrade,Vile Fang,3,Deviljho Ripper,2.0,Black Blood,3.0,Deviljho Crook,1.0,insect-glaive,False,150,30,30,60,50,50,30
2105,1237,Gae Bolg,insect-glaive,N/A,N/A,7,558,10,N/A,False,Dragon,240.0,N/A,N/A,high,1,0,0,element,N/A,N/A,N/A,N/A,N/A,N/A,N/A,Gae Bolg,insect-glaive,Create,Behemoth Bone,3,Behemoth Shearclaw,2.0,Aetheryte Shard,3.0,Firecell Stone,3.0,insect-glaive,False,80,60,80,80,80,20,0
2106,1238,True Gae Bolg,insect-glaive,Gae Bolg,N/A,8,589,20,N/A,False,Dragon,300.0,N/A,N/A,high,2,0,0,element,N/A,N/A,N/A,N/A,N/A,N/A,N/A,True Gae Bolg,insect-glaive,Upgrade,Behemoth Bone,2,Behemoth Great Horn,2.0,Behemoth Tail,1.0,Elder Dragon Blood,5.0,insect-glaive,False,60,60,20,150,90,20,0
2107,2880,Nexus Gae Bolg,insect-glaive,True Gae Bolg,N/A,12,744,20,N/A,False,Dragon,450.0,N/A,N/A,high,4,0,0,element,N/A,N/A,N/A,N/A,N/A,N/A,N/A,Nexus Gae Bolg,insect-glaive,Upgrade,Unity Symbol,1,Behemoth Mane,2.0,Pure Dragon Blood,5.0,Large Elder Dragon Gem,1.0,insect-glaive,False,80,30,90,30,30,120,20
2108,1239,Empress Cane,insect-glaive,N/A,N/A,7,589,0,N/A,False,Blast,120.0,N/A,N/A,N/A,1,0,0,speed,N/A,N/A,N/A,N/A,N/A,N/A,N/A,Empress Cane,insect-glaive,Create,Lunastra Scale+,4,Lunastra Horn,3.0,Lunastra Mane,3.0,Lunastra Gem,1.0,insect-glaive,False,100,30,60,80,40,90,0
2109,1240,"Empress Cane ""Blaze""",insect-glaive,Empress Cane,N/A,8,589,20,N/A,False,Blast,150.0,N/A,N/A,N/A,1,0,0,speed,N/A,N/A,N/A,N/A,N/A,N/A,Guts,"Empress Cane ""Blaze""",insect-glaive,Upgrade,Research Commission Ticket,1,Lunastra Horn,2.0,Teostra Horn+,3.0,Bazelgeuse Gem,1.0,insect-glaive,False,100,30,60,80,40,90,0
2110,2881,"Soulfire Reach ""Blaze""",insect-glaive,"Empress Cane ""Blaze""",N/A,12,775,20,N/A,False,Blast,180.0,N/A,N/A,N/A,2,1,0,speed,N/A,N/A,N/A,N/A,N/A,N/A,Guts,"Soulfire Reach ""Blaze""",insect-glaive,Upgrade,Lunastra Shard,4,Lunastra Hardhorn,4.0,Lunastra Mane+,4.0,Large Elder Dragon Gem,1.0,insect-glaive,False,110,30,90,30,30,90,20
2111,1241,"Empress Cane ""Ruin""",insect-glaive,Empress Cane,N/A,8,620,0,N/A,False,Blast,120.0,N/A,N/A,N/A,2,0,0,speed,N/A,N/A,N/A,N/A,N/A,N/A,Hasten Recovery,"Empress Cane ""Ruin""",insect-glaive,Upgrade,Research Commission Ticket,1,Lunastra Wing,3.0,Nergigante Horn+,3.0,Nergigante Gem,1.0,insect-glaive,False,100,30,60,80,40,90,0
2112,2882,"Soulfire Reach ""Ruin""",insect-glaive,"Empress Cane ""Ruin""",N/A,12,837,0,N/A,False,Blast,150.0,N/A,N/A,N/A,2,2,0,speed,N/A,N/A,N/A,N/A,N/A,N/A,Hasten Recovery,"Soulfire Reach ""Ruin""",insect-glaive,Upgrade,Lunastra Shard,4,Annihilating Greathorn,3.0,Eternal Regrowth Plate,3.0,Large Elder Dragon Gem,1.0,insect-glaive,False,110,30,90,30,30,90,20
2113,1242,"Empress Cane ""Styx""",insect-glaive,Empress Cane,N/A,8,589,10,N/A,False,Blast,210.0,N/A,N/A,N/A,3,1,0,speed,N/A,N/A,N/A,N/A,N/A,N/A,Razor Sharp/Spare Shot,"Empress Cane ""Styx""",insect-glaive,Upgrade,Research Commission Ticket,1,Lunastra Tail,2.0,Xeno'jiiva Horn,3.0,Xeno'jiiva Gem,1.0,insect-glaive,False,100,30,60,80,40,90,0
2114,2883,"Soulfire Reach ""Styx""",insect-glaive,"Empress Cane ""Styx""",N/A,12,775,10,N/A,False,Blast,240.0,N/A,N/A,N/A,3,3,0,speed,N/A,N/A,N/A,N/A,N/A,N/A,Razor Sharp/Spare Shot,"Soulfire Reach ""Styx""",insect-glaive,Upgrade,Lunastra Shard,4,Lunastra Lash,2.0,Elder Spiritvein Bone,5.0,Large Elder Dragon Gem,1.0,insect-glaive,False,110,30,90,30,30,90,20
2115,3172,Metal Mauler,insect-glaive,N/A,N/A,11,899,-15,N/A,False,Thunder,60.0,N/A,N/A,N/A,4,0,0,blunt,N/A,N/A,N/A,N/A,N/A,N/A,N/A,Metal Mauler,insect-glaive,Create,Rajang Hardhorn,1,Rajang Hardclaw,1.0,Rajang Hardfang,2.0,Rajang Wildpelt,2.0,insect-glaive,False,100,100,40,50,60,50,0
2116,3173,Metalmangler,insect-glaive,Metal Mauler,N/A,12,961,-15,N/A,False,Thunder,90.0,N/A,N/A,N/A,4,0,0,blunt,N/A,N/A,N/A,N/A,N/A,N/A,N/A,Metalmangler,insect-glaive,Upgrade,Tempered Glimmerpelt,3,Rajang Hardhorn,3.0,Rajang Hardfang,7.0,Gold Rajang Pelt+,3.0,insect-glaive,False,90,100,40,50,70,50,0
2117,3174,Demonlord Cudgel,insect-glaive,N/A,N/A,12,899,15,N/A,False,Thunder,300.0,N/A,N/A,N/A,0,0,0,blunt,N/A,N/A,N/A,N/A,N/A,N/A,N/A,Demonlord Cudgel,insect-glaive,Create,Ghoulish Gold Gorer,3,Rajang Apoplexy,2.0,Gold Rajang Pelt+,5.0,Rajang Heart,1.0,insect-glaive,False,110,20,20,70,40,30,110
2118,3175,Brimstren Drakerod,insect-glaive,N/A,N/A,11,775,0,N/A,False,Dragon,180.0,N/A,N/A,average,2,0,0,spirit_strength,N/A,N/A,N/A,N/A,N/A,N/A,N/A,Brimstren Drakerod,insect-glaive,Create,Stygian Zinogre Hardhorn,1,Stygian Zinogre Hardclaw,1.0,Stygian Zinogre Dragonlocks,2.0,Stygian Zinogre Dragonhold,2.0,insect-glaive,False,130,20,20,70,40,30,90
2119,3176,Stygian Oblivia,insect-glaive,Brimstren Drakerod,N/A,12,837,0,N/A,False,Dragon,240.0,N/A,N/A,average,2,0,0,spirit_strength,N/A,N/A,N/A,N/A,N/A,N/A,N/A,Stygian Oblivia,insect-glaive,Upgrade,Tempered Dragonhold,3,Stygian Zinogre Hardhorn,2.0,Stygian Zinogre Hardclaw,5.0,Stygian Zinogre Skymerald,1.0,insect-glaive,False,110,20,20,70,40,30,110
2120,3177,Lightbreak Press,insect-glaive,N/A,N/A,12,930,0,N/A,False,Blast,180.0,N/A,N/A,N/A,4,3,0,spirit_strength,N/A,N/A,N/A,N/A,N/A,N/A,N/A,Lightbreak Press,insect-glaive,Create,Brach Obliterator,3,Brach Warhead,1.0,Indestructible Ebonshell,4.0,Immortal Reactor,1.0,insect-glaive,True,140,30,30,60,50,60,30
2121,3214,Alatreon Dragonspire,insect-glaive,N/A,N/A,11,775,0,N/A,False,Dragon,420.0,N/A,N/A,low,2,0,0,stamina_health,N/A,N/A,N/A,N/A,N/A,N/A,N/A,Alatreon Dragonspire,insect-glaive,Create,Alatreon Mantle,3,Skyswayer,1.0,Alatreon Riptalon,3.0,Large Elder Dragon Gem,1.0,insect-glaive,False,120,20,20,70,40,30,100
2122,3215,Alatreon Embrace,insect-glaive,Alatreon Dragonspire,N/A,12,868,0,N/A,False,Dragon,540.0,N/A,N/A,low,2,2,0,stamina_health,N/A,N/A,N/A,N/A,N/A,N/A,N/A,Alatreon Embrace,insect-glaive,Upgrade,Alatreon Direwing,1,Skyswayer,2.0,Alatreon Riptalon,2.0,Azure Dragonsphire,1.0,insect-glaive,False,80,20,20,70,40,30,140
2123,3258,Fatalis Glaive,insect-glaive,N/A,N/A,11,961,-40,N/A,False,Dragon,60.0,N/A,N/A,high,4,4,0,N/A,N/A,N/A,N/A,N/A,N/A,N/A,N/A,Fatalis Glaive,insect-glaive,Create,Fatalis Shard,3,Fatalis Pectus,1.0,Fatalis Hardhorn,1.0,Fatalis Evil Eye,1.0,insect-glaive,False,140,20,20,70,40,30,80
2124,3259,True Fatalis Dyaus,insect-glaive,Fatalis Glaive,N/A,12,1101,-30,N/A,False,Dragon,120.0,N/A,N/A,high,4,4,0,N/A,N/A,N/A,N/A,N/A,N/A,N/A,N/A,True Fatalis Dyaus,insect-glaive,Upgrade,Large Elder Dragon Gem,1,Fatalis Pectus,2.0,Fatalis Hardhorn,2.0,Fatalis Evil Eye,1.0,insect-glaive,False,140,20,20,70,40,30,80
2125,2884,Guild Palace Rod,insect-glaive,N/A,N/A,10,775,10,30.0,True,Water,360.0,N/A,N/A,N/A,3,0,0,stamina_health,N/A,N/A,N/A,N/A,N/A,N/A,N/A,Guild Palace Rod,insect-glaive,Create,Fest Ticket,2,Amber Hardfang,2.0,Gracium,5.0,Purecrystal,1.0,insect-glaive,False,140,30,30,60,50,60,30
2126,2885,Royal March Banner,insect-glaive,Guild Palace Rod,N/A,12,837,15,30.0,True,Water,450.0,N/A,N/A,N/A,3,0,0,stamina_health,N/A,N/A,N/A,N/A,N/A,N/A,N/A,Royal March Banner,insect-glaive,Upgrade,Hero King Coin,1,Namielle Hardclaw,3.0,Large Elder Dragon Bone,5.0,Pure Dragon Blood,3.0,insect-glaive,False,140,30,30,60,50,40,50
